,portfolio_value,returns
2018-01-01 10:00:00+00:00,100000.0,0.0
2018-01-02 10:00:00+00:00,100000.0,0.0
2018-01-03 10:00:00+00:00,100000.0,0.0
2018-01-04 10:00:00+00:00,100000.0,0.0
2018-01-05 10:00:00+00:00,100000.0,0.0
2018-01-08 10:00:00+00:00,100000.0,0.0
2018-01-09 10:00:00+00:00,100000.0,0.0
2018-01-10 10:00:00+00:00,100000.0,0.0
2018-01-11 10:00:00+00:00,100043.99919807672,0.0004399919807671626
2018-01-12 10:00:00+00:00,100066.04919807671,0.00022040302443659954
2018-01-15 10:00:00+00:00,100048.89919807672,-0.00017138680039252563
2018-01-16 10:00:00+00:00,99801.44919807672,-0.002473290580739862
2018-01-17 10:00:00+00:00,100330.64919807672,0.005302528212287605
2018-01-18 10:00:00+00:00,100181.19919807672,-0.0014895747330901932
2018-01-19 10:00:00+00:00,100367.39919807672,0.001858632173406649
2018-01-22 10:00:00+00:00,100242.44919807672,-0.0012449261513033383
2018-01-23 10:00:00+00:00,100847.59919807671,0.006036863672437276
2018-01-24 10:00:00+00:00,101411.09919807671,0.0055876392148237475
2018-01-25 10:00:00+00:00,100526.64919807672,-0.008721431943780389
2018-01-29 10:00:00+00:00,100575.64919807672,0.0004874329383388609
2018-01-30 10:00:00+00:00,100597.69919807672,0.00021923795845024685
2018-01-31 10:00:00+00:00,100654.04919807671,0.000560151976130685
2018-02-01 10:00:00+00:00,100205.69919807672,-0.004454366253241138
2018-02-02 10:00:00+00:00,99732.84919807671,-0.004718793479653538
2018-02-05 10:00:00+00:00,99901.89919807672,0.0016950282816472484
2018-02-06 10:00:00+00:00,99678.94919807672,-0.002231689305104756
2018-02-07 10:00:00+00:00,99551.54919807671,-0.0012781033610903547
2018-02-08 10:00:00+00:00,100048.89919807672,0.004995904172324206
2018-02-09 10:00:00+00:00,99725.49919807672,-0.0032324193728481276
2018-02-12 10:00:00+00:00,99448.64919807672,-0.002776120472960608
2018-02-14 10:00:00+00:00,98738.14919807672,-0.007144390655169697
2018-02-15 10:00:00+00:00,98936.09919735351,0.0020047975466879198
2018-02-16 10:00:00+00:00,98488.24919735352,-0.004526659163170077
2018-02-19 10:00:00+00:00,98388.49919735332,-0.0010128111811623652
2018-02-20 10:00:00+00:00,98393.89919735331,5.488446357082566e-05
2018-02-21 10:00:00+00:00,98601.7991973533,0.0021129358801301734
2018-02-22 10:00:00+00:00,98555.89919735331,-0.00046550874703732426
2018-02-23 10:00:00+00:00,98758.39919735331,0.0020546715280278516
2018-02-26 10:00:00+00:00,98653.09919735331,-0.0010662384248408818
2018-02-27 10:00:00+00:00,98302.09919735331,-0.0035579216756063126
2018-02-28 10:00:00+00:00,98310.19919735331,8.239905420270865e-05
2018-03-01 10:00:00+00:00,97996.99919735332,-0.003185834252774411
2018-03-05 10:00:00+00:00,98052.09919728439,0.000562262113966483
2018-03-06 10:00:00+00:00,97615.2991972844,-0.0044547745899976565
2018-03-07 10:00:00+00:00,97114.09919727512,-0.005134441057198846
2018-03-08 10:00:00+00:00,97843.74918427969,0.007513327035267858
2018-03-09 10:00:00+00:00,97648.49918427969,-0.001995528601753116
2018-03-12 10:00:00+00:00,97616.54918427969,-0.0003271939688463954
2018-03-13 10:00:00+00:00,97655.59918427968,0.0004000346286188172
2018-03-14 10:00:00+00:00,97837.09916015822,0.0018585721391768395
2018-03-15 10:00:00+00:00,97574.54916015822,-0.0026835423602472597
2018-03-16 10:00:00+00:00,97532.54916015727,-0.0004304401133538027
2018-03-19 10:00:00+00:00,97254.14916015726,-0.0028544316989279617
2018-03-20 10:00:00+00:00,97375.94916015727,0.001252388726360909
2018-03-21 10:00:00+00:00,97228.04916015727,-0.0015188555415951432
2018-03-22 10:00:00+00:00,96882.94916015727,-0.0035493872702468954
2018-03-23 10:00:00+00:00,96472.29915991481,-0.0042386199408899206
2018-03-26 10:00:00+00:00,97243.9491599148,0.00799866911765923
2018-03-27 10:00:00+00:00,97622.1491599148,0.003889187998505461
2018-03-28 10:00:00+00:00,97365.9491599148,-0.002624404422610249
2018-04-02 10:00:00+00:00,97161.59915991481,-0.0020987830115470896
2018-04-03 10:00:00+00:00,97466.59915991481,0.003139100247804949
2018-04-04 10:00:00+00:00,97213.4491599148,-0.0025973000205399277
2018-04-05 10:00:00+00:00,98073.54915991481,0.008847541234599632
2018-04-06 10:00:00+00:00,97948.4991599148,-0.001275063470947635
2018-04-09 10:00:00+00:00,98015.59915991481,0.0006850538862310795
2018-04-10 10:00:00+00:00,98216.8991599148,0.0020537547260366384
2018-04-11 10:00:00+00:00,97866.1491599148,-0.003571177699561945
2018-04-12 10:00:00+00:00,97652.6491599148,-0.0021815510453071507
2018-04-13 10:00:00+00:00,97463.54915991481,-0.0019364554021502611
2018-04-16 10:00:00+00:00,97353.7491599148,-0.0011265750215996295
2018-04-17 10:00:00+00:00,97311.04915991481,-0.00043860663167549774
2018-04-18 10:00:00+00:00,97231.7491599148,-0.0008149125991816497
2018-04-19 10:00:00+00:00,97213.4491599148,-0.00018821012846237384
2018-04-20 10:00:00+00:00,96917.59915991481,-0.0030433031906247354
2018-04-23 10:00:00+00:00,96951.1491599148,0.00034617035802364526
2018-04-24 10:00:00+00:00,96847.4491599148,-0.0010696108390521042
2018-04-25 10:00:00+00:00,96629.09913117168,-0.002254576972725353
2018-04-26 10:00:00+00:00,96313.89913115905,-0.003261957348735467
2018-04-27 10:00:00+00:00,96967.44912277578,0.006785624894354525
2018-04-30 10:00:00+00:00,97141.29912277579,0.00179286968537129
2018-05-02 10:00:00+00:00,96833.24912277579,-0.0031711538015428697
2018-05-03 10:00:00+00:00,96875.94912277578,0.00044096423890360725
2018-05-04 10:00:00+00:00,96878.99912277579,3.148356251103657e-05
2018-05-07 10:00:00+00:00,97205.34912277579,0.003368635132021014
2018-05-08 10:00:00+00:00,97400.54912277579,0.0020081199415626916
2018-05-09 10:00:00+00:00,97266.34912277579,-0.0013778156407602271
2018-05-10 10:00:00+00:00,97202.29912277579,-0.0006585011216895253
2018-05-11 10:00:00+00:00,97431.04912277579,0.0023533393969525918
2018-05-14 10:00:00+00:00,97525.59912277579,0.0009704298665700328
2018-05-15 10:00:00+00:00,97171.79912277579,-0.003627765460375243
2018-05-16 10:00:00+00:00,96955.24912277579,-0.0022285272265711864
2018-05-17 10:00:00+00:00,96927.79912277579,-0.00028312030806332267
2018-05-18 10:00:00+00:00,96747.84912277579,-0.00185653653161022
2018-05-21 10:00:00+00:00,97046.74912277579,0.0030894743677523095
2018-05-22 10:00:00+00:00,97745.19912277578,0.0071970468492084105
2018-05-23 10:00:00+00:00,98360.09816648545,0.006290836268462607
2018-05-24 10:00:00+00:00,98065.84816648545,-0.0029915586247375447
2018-05-25 10:00:00+00:00,98173.09816648545,0.0010936529077680834
2018-05-28 10:00:00+00:00,97906.34816648545,-0.002717139470811425
2018-05-29 10:00:00+00:00,98349.09816648545,0.0045221786767812855
2018-05-30 10:00:00+00:00,98167.59816648545,-0.001845466845997512
2018-05-31 10:00:00+00:00,97999.84816648545,-0.0017088123080643003
2018-06-01 10:00:00+00:00,98164.84816648545,0.0016836760779435078
2018-06-04 10:00:00+00:00,98373.84816648545,0.002129071698308449
2018-06-05 10:00:00+00:00,98362.84816648545,-0.00011181833591988877
2018-06-06 10:00:00+00:00,97972.34816648545,-0.003969994843368685
2018-06-07 10:00:00+00:00,98024.59816648545,0.0005333137459480053
2018-06-08 10:00:00+00:00,97834.84816648545,-0.001935738616114735
2018-06-11 10:00:00+00:00,97801.84816648545,-0.00033730312479096636
2018-06-12 10:00:00+00:00,97229.84816648545,-0.005848560234018363
2018-06-13 10:00:00+00:00,97037.34816648545,-0.0019798447043791745
2018-06-14 10:00:00+00:00,97298.59816648545,0.0026922623601768336
2018-06-15 10:00:00+00:00,97568.09816648545,0.002769824078440175
2018-06-18 10:00:00+00:00,97636.84816648545,0.0007046360571945076
2018-06-19 10:00:00+00:00,97862.34816648545,0.0023095788550597796
2018-06-20 10:00:00+00:00,97823.84816648545,-0.00039340973031321
2018-06-21 10:00:00+00:00,98076.84816648545,0.002586281410330793
2018-06-22 10:00:00+00:00,97834.84816648545,-0.0024674528650144856
2018-06-25 10:00:00+00:00,98082.34816648545,0.00252977343593197
2018-06-26 10:00:00+00:00,98164.84816648545,0.000841129943789598
2018-06-27 10:00:00+00:00,98492.09816648545,0.0033336780539301447
2018-06-28 10:00:00+00:00,98684.59816648545,0.001954471511761424
2018-06-29 10:00:00+00:00,98593.84816648545,-0.0009195963877451918
2018-07-02 10:00:00+00:00,98456.03300445974,-0.001397806907718957
2018-07-03 10:00:00+00:00,98316.23257931894,-0.0014199274627940683
2018-07-04 10:00:00+00:00,98275.43257931893,-0.000414987423028923
2018-07-05 10:00:00+00:00,98233.53256164229,-0.00042635292032766614
2018-07-06 10:00:00+00:00,98230.6325616423,-2.9521487463157747e-05
2018-07-09 10:00:00+00:00,98509.03256164229,0.0028341464647017034
2018-07-10 10:00:00+00:00,98616.33256164228,0.0010892402169602189
2018-07-11 10:00:00+00:00,98375.6325616423,-0.0024407721697572438
2018-07-12 10:00:00+00:00,98549.6325616423,0.001768730685324682
2018-07-13 10:00:00+00:00,98277.03256164229,-0.0027661188876528797
2018-07-16 10:00:00+00:00,97917.43256164229,-0.0036590441390714767
2018-07-17 10:00:00+00:00,98372.73256164229,0.004649835969845029
2018-07-18 10:00:00+00:00,98459.73256164229,0.0008843914134994968
2018-07-19 10:00:00+00:00,98448.1325616423,-0.00011781466085869496
2018-07-20 10:00:00+00:00,98587.33256164228,0.0014139425134633843
2018-07-23 10:00:00+00:00,98813.53256164229,0.0022944124171184743
2018-07-24 10:00:00+00:00,98816.43256164229,2.9348206918689e-05
2018-07-25 10:00:00+00:00,99089.03256164229,0.0027586504889252073
2018-07-26 10:00:00+00:00,100118.53256164229,0.01038964629470529
2018-07-27 10:00:00+00:00,99973.53256164229,-0.0014482833126895356
2018-07-30 10:00:00+00:00,100346.5319498165,0.0037309813769381694
2018-07-31 10:00:00+00:00,100489.33194981651,0.001423068612589562
2018-08-01 10:00:00+00:00,100458.7319498165,-0.0003045099355949432
2018-08-02 10:00:00+00:00,100474.0319498165,0.00015230134507016047
2018-08-03 10:00:00+00:00,100130.23187691433,-0.003421780396688723
2018-08-06 10:00:00+00:00,99576.03187689905,-0.005534791936730343
2018-08-07 10:00:00+00:00,99871.03187689905,0.002962560311347673
2018-08-08 10:00:00+00:00,99517.03187689905,-0.003544571367164351
2018-08-09 10:00:00+00:00,99059.38187689758,-0.004598710304861142
2018-08-10 10:00:00+00:00,99828.68186718671,0.0077660487650239585
2018-08-13 10:00:00+00:00,100121.48186718673,0.0029330248033283546
2018-08-14 10:00:00+00:00,100203.08186718672,0.0008150099107426811
2018-08-16 10:00:00+00:00,100299.08186718672,0.0009580543653062712
2018-08-17 10:00:00+00:00,99857.48186718673,-0.004402831928060347
2018-08-20 10:00:00+00:00,99607.88186718672,-0.0024995623295607228
2018-08-21 10:00:00+00:00,99619.88186718672,0.00012047239410217792
2018-08-23 10:00:00+00:00,99843.08186718672,0.002240516609902654
2018-08-24 10:00:00+00:00,99939.08186718672,0.0009615087816270407
2018-08-27 10:00:00+00:00,99629.48186718673,-0.0030978871750235726
2018-08-28 10:00:00+00:00,99699.08186718672,0.0006985883966834638
2018-08-29 10:00:00+00:00,99492.68186718671,-0.0020702296965479094
2018-08-30 10:00:00+00:00,99514.28186718671,0.0002171013947420697
2018-08-31 10:00:00+00:00,99468.68186718671,-0.0004582256852425637
2018-09-03 10:00:00+00:00,99691.88186718672,0.0022439223664190155
2018-09-04 10:00:00+00:00,100143.08186718672,0.00452594525802108
2018-09-05 10:00:00+00:00,100111.88186718672,-0.00031155422240136676
2018-09-06 10:00:00+00:00,100198.28186718671,0.0008630344209754615
2018-09-07 10:00:00+00:00,100390.28186718671,0.0019162005218262834
2018-09-10 10:00:00+00:00,100692.68186718671,0.003012243758813593
2018-09-11 10:00:00+00:00,100827.08186718672,0.001334754398311322
2018-09-12 10:00:00+00:00,100642.28186718671,-0.0018328409052188466
2018-09-14 10:00:00+00:00,100411.88186718672,-0.0022892962652024673
2018-09-17 10:00:00+00:00,100643.47818202851,0.0023064632445404243
2018-09-18 10:00:00+00:00,100026.97818202613,-0.006125583208554941
2018-09-19 10:00:00+00:00,99873.27817789295,-0.00153658549849911
2018-09-21 10:00:00+00:00,99879.82816683987,6.558299743852913e-05
2018-09-24 10:00:00+00:00,99410.07813447618,-0.004703152187837345
2018-09-25 10:00:00+00:00,100029.77813442427,0.00623377439770012
2018-09-26 10:00:00+00:00,99459.7781320295,-0.005698303175568187
2018-09-27 10:00:00+00:00,99599.7781320295,0.0014076041856252441
2018-09-28 10:00:00+00:00,99591.37813202951,-8.433753726688753e-05
2018-10-01 10:00:00+00:00,100081.37813202951,0.004920104623418409
2018-10-03 10:00:00+00:00,99935.7781320295,-0.0014548160978351543
2018-10-04 10:00:00+00:00,99846.1781320295,-0.0008965757977250632
2018-10-05 10:00:00+00:00,99190.9781320295,-0.006562093935469471
2018-10-08 10:00:00+00:00,99627.7781320295,0.004403626299748886
2018-10-09 10:00:00+00:00,99445.7781320295,-0.0018267997481465903
2018-10-10 10:00:00+00:00,100271.7781320295,0.008306033855990824
2018-10-11 10:00:00+00:00,99386.9781320295,-0.008824018248035581
2018-10-12 10:00:00+00:00,99487.7781320295,0.0010142173742930805
2018-10-15 10:00:00+00:00,99468.1781320295,-0.00019700912381404034
2018-10-16 10:00:00+00:00,99865.7781320295,0.003997258293725103
2018-10-17 10:00:00+00:00,99356.1781320295,-0.005102849139434595
2018-10-19 10:00:00+00:00,99356.1781320295,-1.1102230246251565e-16
2018-10-22 10:00:00+00:00,99291.7781320295,-0.0006481730800315111
2018-10-23 10:00:00+00:00,99062.1781320295,-0.0023123767578692167
2018-10-24 10:00:00+00:00,99062.1781320295,-1.1102230246251565e-16
2018-10-25 10:00:00+00:00,98779.37813202951,-0.00285477268249712
2018-10-26 10:00:00+00:00,98619.7781320295,-0.0016157218542789398
2018-10-29 10:00:00+00:00,99711.7781320295,0.011072829615759838
2018-10-30 10:00:00+00:00,100070.17813202951,0.0035943597307575015
2018-10-31 10:00:00+00:00,100453.7781320295,0.0038333098547489453
2018-11-01 10:00:00+00:00,100728.17813202951,0.0027316045757816987
2018-11-02 10:00:00+00:00,100722.5781320295,-5.5595168143129925e-05
2018-11-05 10:00:00+00:00,101307.7781320295,0.00581001807988768
2018-11-06 10:00:00+00:00,100705.7781320295,-0.005942288056258183
2018-11-09 10:00:00+00:00,100585.37813202951,-0.0011955619849552956
2018-11-12 10:00:00+00:00,100252.17813202951,-0.003312608712994547
2018-11-13 10:00:00+00:00,100378.17813202951,0.0012568305482005826
2018-11-14 10:00:00+00:00,100582.5781320295,0.0020362991618669835
2018-11-15 10:00:00+00:00,100711.37813202951,0.0012805398548336733
2018-11-16 10:00:00+00:00,100545.96903700348,-0.0016424072244267673
2018-11-19 10:00:00+00:00,100730.56903700349,0.001835976138755857
2018-11-20 10:00:00+00:00,101011.36903700349,0.002787634406163697
2018-11-21 10:00:00+00:00,100800.76903700348,-0.0020849138271044065
2018-11-22 10:00:00+00:00,101013.96903700348,0.002115063228552705
2018-11-26 10:00:00+00:00,100800.76903700348,-0.002110599177841288
2018-11-27 10:00:00+00:00,100678.56903700349,-0.0012122923383168782
2018-11-28 10:00:00+00:00,100938.56903700349,0.0025824761166843846
2018-11-29 10:00:00+00:00,100730.56903700349,-0.002060659289946476
2018-11-30 10:00:00+00:00,100935.96903700348,0.002039102945249338
2018-12-03 10:00:00+00:00,100766.96903700348,-0.001674328800846392
2018-12-04 10:00:00+00:00,101011.36903700349,0.00242539794870944
2018-12-05 10:00:00+00:00,101125.76903700348,0.001132545782624561
2018-12-06 10:00:00+00:00,101375.36903700349,0.0024682136153513223
2018-12-07 10:00:00+00:00,101354.56903700349,-0.0002051780447024365
2018-12-10 10:00:00+00:00,101440.36903700349,0.0008465331244085217
2018-12-11 10:00:00+00:00,101055.56903700349,-0.0037933615941365684
2018-12-12 10:00:00+00:00,100870.96903700348,-0.0018267177332147444
2018-12-13 10:00:00+00:00,100686.36903700349,-0.0018300607376170452
2018-12-14 10:00:00+00:00,100694.16903700349,7.746828170085429e-05
2018-12-17 10:00:00+00:00,100613.56903700349,-0.000800443568587994
2018-12-18 10:00:00+00:00,100423.76903700348,-0.0018864254773647282
2018-12-19 10:00:00+00:00,100132.56903700349,-0.0028997119187259557
2018-12-20 10:00:00+00:00,100418.56903700349,0.0028562135452083748
2018-12-21 10:00:00+00:00,100522.56903700349,0.0010356650268705803
2018-12-24 10:00:00+00:00,100444.56903700349,-0.0007759451508975168
2018-12-26 10:00:00+00:00,100387.36903700349,-0.0005694683201727946
2018-12-27 10:00:00+00:00,100447.96903699971,0.0006036616018283425
2018-12-28 10:00:00+00:00,100389.31903699972,-0.0005838843787711046
2018-12-31 10:00:00+00:00,100320.46903699971,-0.0006858299335075202
2019-01-01 10:00:00+00:00,100070.56903699972,-0.002491017061610923
2019-01-02 10:00:00+00:00,100411.01903698531,0.0034020991712329085
2019-01-03 10:00:00+00:00,100548.51903698531,0.0013693716219467245
2019-01-04 10:00:00+00:00,100236.01903698531,-0.0031079522900288037
2019-01-07 10:00:00+00:00,100273.51903698531,0.0003741170126296822
2019-01-08 10:00:00+00:00,99826.01903698531,-0.0044627934104409794
2019-01-09 10:00:00+00:00,99863.51903698531,0.0003756535656911364
2019-01-10 10:00:00+00:00,99823.51903698531,-0.000400546669952373
2019-01-11 10:00:00+00:00,100018.51903698531,0.0019534474628943865
2019-01-14 10:00:00+00:00,100076.01903698531,0.00057489353525364
2019-01-15 10:00:00+00:00,100018.51903698531,-0.0005745632225713226
2019-01-16 10:00:00+00:00,99953.51903698531,-0.0006498796485475689
2019-01-17 10:00:00+00:00,100231.01903698531,0.002776290446535601
2019-01-18 10:00:00+00:00,100336.01903698531,0.0010475798910241085
2019-01-21 10:00:00+00:00,100486.01903698531,0.0014949765940452941
2019-01-22 10:00:00+00:00,100551.01903698531,0.0006468561559402897
2019-01-23 10:00:00+00:00,100791.01903698531,0.0023868480130639913
2019-01-24 10:00:00+00:00,100686.01903698531,-0.0010417594841606315
2019-01-25 10:00:00+00:00,100816.01903698531,0.0012911425165418322
2019-01-28 10:00:00+00:00,100861.31261280982,0.000449269632516458
2019-01-29 10:00:00+00:00,100828.41260127483,-0.00032619059461647115
2019-01-30 10:00:00+00:00,101226.01259846325,0.003943332905187447
2019-01-31 10:00:00+00:00,101680.41259846326,0.00448896472690774
2019-02-01 10:00:00+00:00,100906.01259846325,-0.007616019449666389
2019-02-04 10:00:00+00:00,100952.16259824626,0.0004573562922030039
2019-02-05 10:00:00+00:00,100971.41259824626,0.00019068437470348698
2019-02-06 10:00:00+00:00,101238.16259824626,0.002641836863878977
2019-02-07 10:00:00+00:00,101114.41259824626,-0.0012223651321200402
2019-02-08 10:00:00+00:00,101073.16259824626,-0.0004079537124335175
2019-02-11 10:00:00+00:00,100743.16259824626,-0.0032649616526960745
2019-02-12 10:00:00+00:00,100448.91259824626,-0.0029207937532539363
2019-02-13 10:00:00+00:00,100003.41259824626,-0.004435090320806356
2019-02-14 10:00:00+00:00,100030.91259824626,0.0002749906156751525
2019-02-15 10:00:00+00:00,99783.41259824626,-0.002474235149628523
2019-02-18 10:00:00+00:00,99588.16259824626,-0.001956738048097595
2019-02-19 10:00:00+00:00,99765.56259823067,0.0017813362086021023
2019-02-20 10:00:00+00:00,100064.81259823067,0.002999532024944518
2019-02-21 10:00:00+00:00,100064.81259823067,2.220446049250313e-16
2019-02-22 10:00:00+00:00,100224.41259823067,0.00159496626092559
2019-02-25 10:00:00+00:00,100187.36259823067,-0.00036967041302127246
2019-02-26 10:00:00+00:00,99959.36259823067,-0.002275736121673644
2019-02-27 10:00:00+00:00,100042.01259823066,0.0008268360046692624
2019-02-28 10:00:00+00:00,100130.36259823067,0.0008831289745721005
2019-03-01 10:00:00+00:00,100344.11259823067,0.002134717127288077
2019-03-05 10:00:00+00:00,100517.96259823066,0.0017325381180663957
2019-03-06 10:00:00+00:00,100640.51259823066,0.0012191850772962365
2019-03-07 10:00:00+00:00,100859.96259823066,0.002180533408807861
2019-03-08 10:00:00+00:00,100983.29841500535,0.0012228421823432534
2019-03-11 10:00:00+00:00,100699.79841446268,-0.0028073949355227334
2019-03-12 10:00:00+00:00,100678.09841446267,-0.0002154919904675534
2019-03-13 10:00:00+00:00,100271.99841446268,-0.004033647897561554
2019-03-14 10:00:00+00:00,100380.49841446268,0.0010820568225988758
2019-03-15 10:00:00+00:00,100016.79841446079,-0.003623213729226693
2019-03-18 10:00:00+00:00,99931.3984144608,-0.0008538565656350805
2019-03-19 10:00:00+00:00,99716.84841445566,-0.002146972857472784
2019-03-20 10:00:00+00:00,99638.84841445566,-0.0007822148537608431
2019-03-22 10:00:00+00:00,100003.49841445098,0.0036597171263816897
2019-03-25 10:00:00+00:00,100226.19840802853,0.0022269220288133607
2019-03-26 10:00:00+00:00,99656.99840802186,-0.005679153844481033
2019-03-27 10:00:00+00:00,99500.9484078869,-0.0015658709636833246
2019-03-28 10:00:00+00:00,98955.74840787853,-0.005479344757332583
2019-03-29 10:00:00+00:00,98877.89840674154,-0.0007867152983989101
2019-04-01 10:00:00+00:00,98831.14840674154,-0.0004728053564375667
2019-04-02 10:00:00+00:00,98327.89840674154,-0.005092018135101184
2019-04-03 10:00:00+00:00,98753.14840156914,0.004324815253027303
2019-04-04 10:00:00+00:00,98697.49840152217,-0.0005635263376178035
2019-04-05 10:00:00+00:00,98904.49840152217,0.002097317595202597
2019-04-08 10:00:00+00:00,99132.19840152217,0.0023022208663916466
2019-04-09 10:00:00+00:00,99047.09840152216,-0.0008584496396956132
2019-04-10 10:00:00+00:00,99226.49840152217,0.0018112595209276439
2019-04-11 10:00:00+00:00,99010.29840152216,-0.0021788534663910175
2019-04-12 10:00:00+00:00,99051.69840152217,0.00041813832165349396
2019-04-15 10:00:00+00:00,98987.29840152216,-0.0006501655301149878
2019-04-16 10:00:00+00:00,98998.79840152216,0.00011617652149009672
2019-04-18 10:00:00+00:00,99249.49840152217,0.0025323539684110052
2019-04-22 10:00:00+00:00,99263.29840152216,0.00013904352386928664
2019-04-23 10:00:00+00:00,99467.99840152217,0.002062192202922697
2019-04-24 10:00:00+00:00,99689.19047409044,0.0022237511171721014
2019-04-25 10:00:00+00:00,99485.19047409044,-0.002046360282692894
2019-04-26 10:00:00+00:00,99744.39047409044,0.0026054129138699533
2019-04-30 10:00:00+00:00,99717.99047409045,-0.00026467653844519656
2019-05-02 10:00:00+00:00,99552.39047409044,-0.0016606832850591946
2019-05-03 10:00:00+00:00,99638.79047409043,0.0008678847347465268
2019-05-06 10:00:00+00:00,99585.99047409045,-0.0005299141002089724
2019-05-07 10:00:00+00:00,99422.79047409043,-0.0016387847248703347
2019-05-08 10:00:00+00:00,99098.79047409043,-0.003258810162690251
2019-05-09 10:00:00+00:00,99158.79047409043,0.0006054564310318256
2019-05-10 10:00:00+00:00,99497.19047409044,0.0034127080249979347
2019-05-13 10:00:00+00:00,99537.99047409045,0.00041006182994318685
2019-05-14 10:00:00+00:00,99941.19047409044,0.004050714687724666
2019-05-15 10:00:00+00:00,99729.99047409045,-0.0021132427880649063
2019-05-16 10:00:00+00:00,99955.59047409045,0.002262107906835009
2019-05-17 10:00:00+00:00,100181.19047409044,0.0022570023240318093
2019-05-20 10:00:00+00:00,101371.59047409045,0.011882470096099329
2019-05-21 10:00:00+00:00,101466.18671444777,0.0009331632256623923
2019-05-22 10:00:00+00:00,101221.98671444778,-0.0024067130923846047
2019-05-23 10:00:00+00:00,101208.08671444726,-0.00013732194409266096
2019-05-24 10:00:00+00:00,100623.28671444725,-0.005778194401105385
2019-05-27 10:00:00+00:00,100431.93671444725,-0.0019016472851163257
2019-05-28 10:00:00+00:00,100414.1867028855,-0.0001767367248151075
2019-05-29 10:00:00+00:00,100982.98670072979,0.005664538214378956
2019-05-30 10:00:00+00:00,100733.5867007298,-0.00246972295183856
2019-05-31 10:00:00+00:00,100798.0867007298,0.0006403028236412478
2019-06-03 10:00:00+00:00,100656.1867007298,-0.0014077648162239553
2019-06-04 10:00:00+00:00,100785.1867007298,0.0012815903744052282
2019-06-06 10:00:00+00:00,101494.6867007298,0.007039725015411058
2019-06-07 10:00:00+00:00,101245.28670072979,-0.00245727148984054
2019-06-10 10:00:00+00:00,101122.73670072979,-0.0012104267170703897
2019-06-11 10:00:00+00:00,101000.1867007298,-0.0012118936254928991
2019-06-12 10:00:00+00:00,101103.3867007298,0.0010217802894343375
2019-06-13 10:00:00+00:00,101077.5867007298,-0.0002551843300399037
2019-06-14 10:00:00+00:00,101195.8367007298,0.0011698933844763726
2019-06-17 10:00:00+00:00,101417.28670072979,0.002188331133176069
2019-06-18 10:00:00+00:00,101301.1867007298,-0.001144775252591712
2019-06-19 10:00:00+00:00,101391.48670072979,0.0008914012060565746
2019-06-20 10:00:00+00:00,101079.73670072979,-0.0030747157394008795
2019-06-21 10:00:00+00:00,100944.28670072979,-0.0013400311914248952
2019-06-24 10:00:00+00:00,100772.28670072979,-0.0017039102025649955
2019-06-25 10:00:00+00:00,100611.03670072979,-0.0016001423137181892
2019-06-26 10:00:00+00:00,100587.3867007298,-0.0002350636746776269
2019-06-27 10:00:00+00:00,100387.58670071131,-0.0019863325469717807
2019-06-28 10:00:00+00:00,100353.9867007113,-0.000334702736705772
2019-07-01 10:00:00+00:00,100408.58670071131,0.0005440740502202779
2019-07-02 10:00:00+00:00,100293.08670071131,-0.0011503000270711716
2019-07-03 10:00:00+00:00,100215.38670071131,-0.0007747293712466741
2019-07-04 10:00:00+00:00,100154.58669649668,-0.000606693305452155
2019-07-05 10:00:00+00:00,100058.58669649668,-0.0009585182582892982
2019-07-08 10:00:00+00:00,100673.08669377817,0.006141401928306367
2019-07-09 10:00:00+00:00,100507.18669377816,-0.0016479081495199832
2019-07-10 10:00:00+00:00,100721.38669377817,0.0021311908834202864
2019-07-11 10:00:00+00:00,100372.78669377817,-0.0034610325715614954
2019-07-12 10:00:00+00:00,100360.18669377816,-0.00012553203328358187
2019-07-15 10:00:00+00:00,100488.28669377817,0.0012764025677918234
2019-07-16 10:00:00+00:00,100332.88669377817,-0.0015464488958154554
2019-07-17 10:00:00+00:00,99952.78669377817,-0.003788388957252642
2019-07-18 10:00:00+00:00,100318.18669377816,0.003655725989105907
2019-07-19 10:00:00+00:00,100614.28669377817,0.0029516083748988287
2019-07-22 10:00:00+00:00,100872.58669377817,0.002567229848640995
2019-07-23 10:00:00+00:00,101250.58669377817,0.003747301545339532
2019-07-24 10:00:00+00:00,101334.58669377817,0.0008296248223631508
2019-07-25 10:00:00+00:00,101277.88669377817,-0.0005595325530002304
2019-07-26 10:00:00+00:00,101221.18669377816,-0.0005598458049530519
2019-07-29 10:00:00+00:00,101200.18669377816,-0.00020746644735092357
2019-07-30 10:00:00+00:00,101870.08669377817,0.0066195530056387675
2019-07-31 10:00:00+00:00,101930.38172159843,0.0005918815795409316
2019-08-01 10:00:00+00:00,101194.38172159843,-0.0072206145760371765
2019-08-02 10:00:00+00:00,100780.38172151678,-0.004091136217627467
2019-08-05 10:00:00+00:00,100479.98171987981,-0.0029807388750229258
2019-08-06 10:00:00+00:00,100562.08171987429,0.0008170781740721722
2019-08-07 10:00:00+00:00,99827.08171987429,-0.007308917908515622
2019-08-08 10:00:00+00:00,100202.68171980625,0.003762506060088322
2019-08-09 10:00:00+00:00,99994.98171980625,-0.002072798815712096
2019-08-13 10:00:00+00:00,99446.28171980625,-0.005487275366852895
2019-08-14 10:00:00+00:00,99788.98170022282,0.003446081386754507
2019-08-16 10:00:00+00:00,99857.88170022282,0.0006904569906021063
2019-08-19 10:00:00+00:00,99656.58170022008,-0.0020158649129674577
2019-08-20 10:00:00+00:00,99510.98170022007,-0.0014610174011183696
2019-08-21 10:00:00+00:00,99149.58170022008,-0.0036317599708616255
2019-08-22 10:00:00+00:00,98600.58163009981,-0.00553708912035733
2019-08-23 10:00:00+00:00,98832.03163004134,0.002347349235827245
2019-08-26 10:00:00+00:00,99398.18163004135,0.005728405969830597
2019-08-27 10:00:00+00:00,99806.88163004135,0.004111745238169373
2019-08-28 10:00:00+00:00,99773.38163004135,-0.00033564819832943016
2019-08-29 10:00:00+00:00,99103.38163004135,-0.006715217917383498
2019-08-30 10:00:00+00:00,98976.08163004134,-0.001284517217335912
2019-09-03 10:00:00+00:00,98617.63163004135,-0.0036215820438300073
2019-09-04 10:00:00+00:00,99063.18163004135,0.004517954777817801
2019-09-05 10:00:00+00:00,98976.08163004134,-0.000879236852348253
2019-09-06 10:00:00+00:00,98976.08163004134,-1.1102230246251565e-16
2019-09-09 10:00:00+00:00,99270.88163004135,0.002978497381841416
2019-09-11 10:00:00+00:00,99759.98163004134,0.004926923101405967
2019-09-12 10:00:00+00:00,99806.88163004135,0.0004701283945094392
2019-09-13 10:00:00+00:00,100208.88163004135,0.00402777837995294
2019-09-16 10:00:00+00:00,99699.68163004135,-0.0050813859182652354
2019-09-17 10:00:00+00:00,99019.63163004135,-0.006820984669975938
2019-09-18 10:00:00+00:00,99438.38163004135,0.004228959380141228
2019-09-19 10:00:00+00:00,99043.08163004134,-0.003975326161991588
2019-09-20 10:00:00+00:00,100878.88163004135,0.018535368344629433
2019-09-23 10:00:00+00:00,101689.58163004134,0.008036369821913025
2019-09-24 10:00:00+00:00,101946.33033463845,0.0025248280156289216
2019-09-25 10:00:00+00:00,102987.93033463845,0.010217140691390902
2019-09-26 10:00:00+00:00,102829.53033463845,-0.0015380443075738714
2019-09-27 10:00:00+00:00,102906.33033463845,0.0007468671669514926
2019-09-30 10:00:00+00:00,103386.33033463845,0.004664436079287793
2019-10-01 10:00:00+00:00,104094.33033463845,0.006848100689021086
2019-10-03 10:00:00+00:00,104135.13033463845,0.00039195218287901845
2019-10-04 10:00:00+00:00,104411.13033463845,0.0026504024061149156
2019-10-07 10:00:00+00:00,104437.53033463845,0.00025284660663449365
2019-10-09 10:00:00+00:00,103825.53033463845,-0.005859962391288054
2019-10-10 10:00:00+00:00,104192.73033463844,0.003536702377695322
2019-10-11 10:00:00+00:00,104175.93033463845,-0.00016123965603009882
2019-10-14 10:00:00+00:00,103902.12194521635,-0.002628326798163161
2019-10-15 10:00:00+00:00,104123.92193900057,0.0021347012903276674
2019-10-16 10:00:00+00:00,103976.82193814604,-0.001412739725081713
2019-10-17 10:00:00+00:00,104550.22193814605,0.005514690575377568
2019-10-18 10:00:00+00:00,104788.12193814604,0.002275461453738137
2019-10-22 10:00:00+00:00,104858.27193814605,0.0006694461042198174
2019-10-23 10:00:00+00:00,105157.17193814604,0.002850514265353432
2019-10-24 10:00:00+00:00,104409.92193814604,-0.007106029824000326
2019-10-25 10:00:00+00:00,105590.27193814605,0.011304960085108284
2019-10-29 10:00:00+00:00,105501.82193814605,-0.0008376718648078763
2019-10-30 10:00:00+00:00,106056.92193814604,0.005261520510285056
2019-10-31 10:00:00+00:00,105887.82172388576,-0.001594428832838557
2019-11-01 10:00:00+00:00,105860.4717238839,-0.0002582922148799405
2019-11-04 10:00:00+00:00,105854.67172279528,-5.478911055445401e-05
2019-11-05 10:00:00+00:00,105548.67172279528,-0.0028907557410535745
2019-11-06 10:00:00+00:00,105641.67172279528,0.0008811100934009719
2019-11-07 10:00:00+00:00,105602.97172279327,-0.00036633271104924425
2019-11-08 10:00:00+00:00,105698.02172278908,0.0009000693677949645
2019-11-11 10:00:00+00:00,105568.67172097572,-0.0012237693734005184
2019-11-13 10:00:00+00:00,106183.22172097572,0.005821329282462706
2019-11-14 10:00:00+00:00,106211.27172097572,0.00026416602873191586
2019-11-15 10:00:00+00:00,105287.67172067352,-0.008695875544439069
2019-11-18 10:00:00+00:00,105131.02172027354,-0.0014878285162917004
2019-11-19 10:00:00+00:00,104839.47172027353,-0.0027732061881386993
2019-11-20 10:00:00+00:00,104994.27172027162,0.0014765431135623786
2019-11-21 10:00:00+00:00,104785.47172027163,-0.001988679921094194
2019-11-22 10:00:00+00:00,104910.27172027162,0.0011910048020125075
2019-11-25 10:00:00+00:00,104591.07172027162,-0.0030426000692390653
2019-11-26 10:00:00+00:00,104619.87172027162,0.00027535811160861456
2019-11-27 10:00:00+00:00,104154.27172027162,-0.00445039735132613
2019-11-28 10:00:00+00:00,103962.27172027162,-0.0018434193512066877
2019-11-29 10:00:00+00:00,104294.07172013732,0.0031915424160651185
2019-12-02 10:00:00+00:00,104404.47172013733,0.0010585453053963967
2019-12-03 10:00:00+00:00,104542.47172013733,0.0013217824651217125
2019-12-04 10:00:00+00:00,104321.67172013732,-0.0021120602599784544
2019-12-05 10:00:00+00:00,104565.47172013733,0.0023370024270130685
2019-12-06 10:00:00+00:00,105379.67172013732,0.007786509127785113
2019-12-09 10:00:00+00:00,105432.57172013732,0.0005019943518185244
2019-12-10 10:00:00+00:00,105611.97172013733,0.0017015614536675105
2019-12-11 10:00:00+00:00,105687.87172013732,0.0007186685255826664
2019-12-12 10:00:00+00:00,105243.97172013733,-0.004200103500763386
2019-12-13 10:00:00+00:00,104696.57172013732,-0.0052012480245011705
2019-12-16 10:00:00+00:00,104735.67172013732,0.0003734601750333688
2019-12-17 10:00:00+00:00,104685.07172013732,-0.000483120976539797
2019-12-18 10:00:00+00:00,104970.27172013733,0.002724361700419786
2019-12-19 10:00:00+00:00,104919.67172013732,-0.00048204124054207487
2019-12-20 10:00:00+00:00,104507.97172013733,-0.0039239543285856104
2019-12-23 10:00:00+00:00,104731.07172013732,0.002134765380361836
2019-12-24 10:00:00+00:00,104751.77172013733,0.0001976490802590991
2019-12-26 10:00:00+00:00,104825.37172013732,0.0007026134144694218
2019-12-27 10:00:00+00:00,104510.27172013733,-0.003005951658738182
2019-12-30 10:00:00+00:00,104636.77172013733,0.0012104073400436288
2019-12-31 10:00:00+00:00,104675.87172013732,0.00037367360782658565
2020-01-01 10:00:00+00:00,104611.47172013733,-0.0006152325167366746
2020-01-02 10:00:00+00:00,104436.67172013732,-0.0016709448507487012
2020-01-03 10:00:00+00:00,104657.47172013733,0.002114199891315005
2020-01-06 10:00:00+00:00,105375.07172013732,0.00685665331108809
2020-01-07 10:00:00+00:00,105398.07172013732,0.00021826794159718332
2020-01-08 10:00:00+00:00,105331.37172013732,-0.0006328389021870162
2020-01-09 10:00:00+00:00,104841.47172013733,-0.004651035982913498
2020-01-10 10:00:00+00:00,104733.37172013732,-0.0010310805278331836
2020-01-13 10:00:00+00:00,104813.87172013732,0.0007686184324813272
2020-01-14 10:00:00+00:00,104928.87172013732,0.0010971830170254382
2020-01-15 10:00:00+00:00,105117.47172013733,0.001797408062320871
2020-01-16 10:00:00+00:00,105158.87172013732,0.0003938450889515721
2020-01-17 10:00:00+00:00,105395.77172013733,0.002252781873035792
2020-01-20 10:00:00+00:00,105577.47172013733,0.001723978078385091
2020-01-21 10:00:00+00:00,105582.07172013732,4.3569901088114094e-05
2020-01-22 10:00:00+00:00,105527.86489514724,-0.0005134093706150589
2020-01-23 10:00:00+00:00,105900.36489514724,0.0035298733691817574
2020-01-24 10:00:00+00:00,105957.86489514724,0.0005429631905133903
2020-01-27 10:00:00+00:00,105567.86489514724,-0.0036807083682358632
2020-01-28 10:00:00+00:00,105562.86489514724,-4.736289783802139e-05
2020-01-29 10:00:00+00:00,105590.36489514724,0.0002605082765358979
2020-01-30 10:00:00+00:00,105242.86489514724,-0.003291019974645204
2020-01-31 10:00:00+00:00,105647.86489514724,0.003848241877522973
2020-02-03 10:00:00+00:00,104655.36489514305,-0.009394416072574852
2020-02-04 10:00:00+00:00,105045.36489514305,0.0037265170341795884
2020-02-05 10:00:00+00:00,105305.36489514305,0.0024751211084805824
2020-02-06 10:00:00+00:00,105827.96489514306,0.004962710119473801
2020-02-07 10:00:00+00:00,105762.96489514306,-0.0006142043841096401
2020-02-10 10:00:00+00:00,105682.36489514305,-0.0007620815101003764
2020-02-11 10:00:00+00:00,106009.96489514306,0.003099854931568169
2020-02-12 10:00:00+00:00,105794.16489514305,-0.0020356576875906196
2020-02-13 10:00:00+00:00,106168.56489514305,0.003538947543761495
2020-02-14 10:00:00+00:00,105770.76489514305,-0.0037468717825552833
2020-02-17 10:00:00+00:00,105497.76489514305,-0.002581053472295758
2020-02-18 10:00:00+00:00,105671.96489514306,0.0016512198165823389
2020-02-19 10:00:00+00:00,105783.76489514305,0.0010579911153438815
2020-02-20 10:00:00+00:00,106178.96489514306,0.0037359229971793972
2020-02-24 10:00:00+00:00,106658.96459504342,0.004520666596951495
2020-02-25 10:00:00+00:00,106418.96459504342,-0.002250162477305473
2020-02-26 10:00:00+00:00,106387.76459504341,-0.0002931808265445035
2020-02-27 10:00:00+00:00,106706.96459504342,0.0030003450228983652
2020-02-28 10:00:00+00:00,107525.36459504341,0.007669602477268889
2020-03-02 10:00:00+00:00,108348.56459504341,0.007655868018679124
2020-03-03 10:00:00+00:00,108209.36459504341,-0.001284742446937548
2020-03-04 10:00:00+00:00,108482.96459504342,0.0025284318138627526
2020-03-05 10:00:00+00:00,108250.36020186533,-0.002144155942330528
2020-03-06 10:00:00+00:00,107232.56020186316,-0.009402278182762513
2020-03-09 10:00:00+00:00,106191.36020184385,-0.009709737397477824
2020-03-11 10:00:00+00:00,105692.26020184385,-0.0047000057165792475
2020-03-12 10:00:00+00:00,103674.76020015053,-0.01908843654057968
2020-03-13 10:00:00+00:00,106969.66019777433,0.03178112002634759
2020-03-16 10:00:00+00:00,105003.26018508674,-0.01838278264184401
2020-03-17 10:00:00+00:00,104341.76018508674,-0.006299804394968245
2020-03-18 10:00:00+00:00,104479.060182237,0.0013158681328233612
2020-03-19 10:00:00+00:00,103404.51018222471,-0.010284836005779563
2020-03-20 10:00:00+00:00,103864.96018066167,0.004452900532341708
2020-03-23 10:00:00+00:00,101788.36018065085,-0.019993268147398324
2020-03-24 10:00:00+00:00,102067.21018061921,0.0027395077342187157
2020-03-25 10:00:00+00:00,102511.11018061775,0.004349095064056341
2020-03-26 10:00:00+00:00,102740.61018060986,0.0022387817241247276
2020-03-27 10:00:00+00:00,102884.11018060986,0.001396721313488003
2020-03-30 10:00:00+00:00,102195.31018060986,-0.006694911379326096
2020-03-31 10:00:00+00:00,102953.81018060986,0.007422062701893717
2020-04-01 10:00:00+00:00,102207.61018060986,-0.007247910482292674
2020-04-03 10:00:00+00:00,101306.81018060792,-0.008813433739524368
2020-04-07 10:00:00+00:00,102117.41018060793,0.008001436414342589
2020-04-08 10:00:00+00:00,101869.61018060792,-0.0024266185321556444
2020-04-09 10:00:00+00:00,102268.61018060792,0.003916771638691863
2020-04-13 10:00:00+00:00,101970.41018060793,-0.002915850713854029
2020-04-15 10:00:00+00:00,101886.41018060793,-0.0008237683838989707
2020-04-16 10:00:00+00:00,102394.61018060792,0.0049879076031744685
2020-04-17 10:00:00+00:00,102726.41018060793,0.0032404049335676977
2020-04-20 10:00:00+00:00,102650.81018060792,-0.0007359353828005899
2020-04-21 10:00:00+00:00,102050.21018060793,-0.005850903650378214
2020-04-22 10:00:00+00:00,102293.81018060792,0.0023870602477829017
2020-04-23 10:00:00+00:00,102155.21018060793,-0.0013549206912449874
2020-04-24 10:00:00+00:00,101642.81018060792,-0.005015896879797865
2020-04-27 10:00:00+00:00,101718.41018060793,0.0007437810885557727
2020-04-28 10:00:00+00:00,102012.41018060793,0.002890332236592963
2020-04-29 10:00:00+00:00,102436.61018060792,0.004158317593408345
2020-04-30 10:00:00+00:00,102478.61018060792,0.0004100096628143479
2020-05-04 10:00:00+00:00,101563.01018060793,-0.008934547398587123
2020-05-05 10:00:00+00:00,100895.21018060793,-0.006575228509005937
2020-05-06 10:00:00+00:00,100954.01018060793,0.0005827828684310532
2020-05-07 10:00:00+00:00,100874.21018060793,-0.0007904589412272012
2020-05-08 10:00:00+00:00,100534.01018060793,-0.0033725171120637665
2020-05-11 10:00:00+00:00,100373.01018050293,-0.001601448105131631
2020-05-12 10:00:00+00:00,100539.41018049714,0.001657816176828586
2020-05-13 10:00:00+00:00,101224.81018049715,0.006817227182549734
2020-05-14 10:00:00+00:00,100654.41018049714,-0.005634982164776758
2020-05-15 10:00:00+00:00,100488.81018049715,-0.0016452334249741352
2020-05-18 10:00:00+00:00,99476.81018049715,-0.010070773036144565
2020-05-19 10:00:00+00:00,99242.81018049264,-0.00235230703095457
2020-05-20 10:00:00+00:00,99344.31017526463,0.0010227440616343841
2020-05-21 10:00:00+00:00,99137.26017526377,-0.002084165662186166
2020-05-22 10:00:00+00:00,99089.61017439644,-0.00048064673951142556
2020-05-26 10:00:00+00:00,99142.96017439643,0.0005384015529590336
2020-05-27 10:00:00+00:00,99844.26017439322,0.007073623772814175
2020-05-28 10:00:00+00:00,99756.06017439322,-0.0008833757678804455
2020-05-29 10:00:00+00:00,100079.46017439323,0.0032419083054666675
2020-06-01 10:00:00+00:00,100941.86017439322,0.008617152795361127
2020-06-02 10:00:00+00:00,100995.76017439322,0.0005339707422358231
2020-06-03 10:00:00+00:00,101412.26017439322,0.00412393549274559
2020-06-04 10:00:00+00:00,101382.86017439322,-0.0002899057761797108
2020-06-05 10:00:00+00:00,102828.36017439322,0.014257834090629418
2020-06-08 10:00:00+00:00,104223.30954318732,0.013565803893287098
2020-06-09 10:00:00+00:00,104465.70954315149,0.0023257753090606403
2020-06-10 10:00:00+00:00,103975.85954315148,-0.00468909848161847
2020-06-11 10:00:00+00:00,105122.70954314753,0.011029964118931757
2020-06-12 10:00:00+00:00,104944.50954314753,-0.001695161785445154
2020-06-15 10:00:00+00:00,105484.05954314754,0.005141288499501462
2020-06-16 10:00:00+00:00,105588.00954314753,0.0009854569538774172
2020-06-17 10:00:00+00:00,105558.30954314754,-0.00028128193843679483
2020-06-18 10:00:00+00:00,104845.50954314753,-0.006752665925448875
2020-06-19 10:00:00+00:00,104424.75954314753,-0.004013047405018955
2020-06-22 10:00:00+00:00,104063.40954314753,-0.0034603862300559562
2020-06-23 10:00:00+00:00,103568.40954314753,-0.004756715181379434
2020-06-24 10:00:00+00:00,104400.00954314753,0.008029475432405286
2020-06-25 10:00:00+00:00,104291.10954314754,-0.0010431033529262335
2020-06-26 10:00:00+00:00,104380.20954314753,0.0008543393621018858
2020-06-29 10:00:00+00:00,104904.90954314753,0.005026814970927385
2020-06-30 10:00:00+00:00,104934.60954314754,0.0002831135371008653
2020-07-01 10:00:00+00:00,104404.95954314753,-0.005047429082796984
2020-07-02 10:00:00+00:00,104281.20954314753,-0.0011852885202149332
2020-07-03 10:00:00+00:00,104390.10954314754,0.001044291684734855
2020-07-06 10:00:00+00:00,104063.40954314753,-0.003129606831813625
2020-07-07 10:00:00+00:00,104053.50954314753,-9.513430362739772e-05
2020-07-08 10:00:00+00:00,103667.40954314753,-0.0037105908459520442
2020-07-09 10:00:00+00:00,102865.50954314753,-0.007735314343571442
2020-07-10 10:00:00+00:00,103311.00954314753,0.004330897712737647
2020-07-13 10:00:00+00:00,103558.50954314753,0.0023956788448249444
2020-07-14 10:00:00+00:00,104211.90954314753,0.006309476670555592
2020-07-15 10:00:00+00:00,104400.00954314753,0.0018049760418419325
2020-07-16 10:00:00+00:00,104251.50954314753,-0.0014224136630813788
2020-07-17 10:00:00+00:00,103909.95954314753,-0.0032762115531635994
2020-07-20 10:00:00+00:00,103810.95954314753,-0.0009527479409601192
2020-07-21 10:00:00+00:00,103414.95954314753,-0.003814626141042443
2020-07-22 10:00:00+00:00,103642.65954314753,0.0022018091096869252
2020-07-23 10:00:00+00:00,103033.80954314754,-0.005874511544607053
2020-07-24 10:00:00+00:00,103662.45954314753,0.00610139528750242
2020-07-27 10:00:00+00:00,104107.95954314753,0.004297602063112915
2020-07-28 10:00:00+00:00,103979.25954314753,-0.0012362167173842753
2020-07-29 10:00:00+00:00,103761.45954314753,-0.0020946484996811066
2020-07-30 10:00:00+00:00,104167.35954314754,0.003911857078602754
2020-07-31 10:00:00+00:00,104167.35954314754,0.0
2020-08-03 10:00:00+00:00,103637.70954314753,-0.0050846061791615105
2020-08-04 10:00:00+00:00,103662.45954314753,0.0002388126880563668
2020-08-05 10:00:00+00:00,103667.40954314753,4.775113403443498e-05
2020-08-06 10:00:00+00:00,103741.65954314753,0.0007162328095899895
2020-08-07 10:00:00+00:00,103771.35954314754,0.0002862880749237018
2020-08-10 10:00:00+00:00,103479.30954314754,-0.00281436035227578
2020-08-11 10:00:00+00:00,103311.00954314753,-0.0016264120889774025
2020-08-12 10:00:00+00:00,102519.00954314753,-0.007666172303438912
2020-08-13 10:00:00+00:00,102564.2595353768,0.0004413814806727423
2020-08-14 10:00:00+00:00,102975.90953537662,0.004013581357332541
2020-08-17 10:00:00+00:00,103230.50953537662,0.002472422930263507
2020-08-18 10:00:00+00:00,103108.90953537662,-0.0011779463314413041
2020-08-19 10:00:00+00:00,102949.30953537663,-0.0015478778770833257
2020-08-20 10:00:00+00:00,103120.30953537663,0.0016610116257385066
2020-08-21 10:00:00+00:00,102873.30953537663,-0.002395260459485571
2020-08-24 10:00:00+00:00,102656.70953537662,-0.0021055023988073573
2020-08-25 10:00:00+00:00,102109.50953537662,-0.005330387097702727
2020-08-26 10:00:00+00:00,101987.90953537662,-0.0011908783085270436
2020-08-27 10:00:00+00:00,101516.30953536421,-0.004624077522138226
2020-08-28 10:00:00+00:00,100862.70953535216,-0.006438374316438011
2020-08-31 10:00:00+00:00,101756.35953533997,0.008860063388190342
2020-09-01 10:00:00+00:00,101307.45953533998,-0.004411517884973959
2020-09-02 10:00:00+00:00,101464.90953533998,0.0015541797289377879
2020-09-03 10:00:00+00:00,101659.20953533998,0.0019149477478452859
2020-09-04 10:00:00+00:00,102051.15953533998,0.003855528700169142
2020-09-07 10:00:00+00:00,102000.90953533998,-0.0004924000886301627
2020-09-08 10:00:00+00:00,102335.90953533998,0.0032842844394829207
2020-09-09 10:00:00+00:00,102838.40953533998,0.004910299837873389
2020-09-10 10:00:00+00:00,102650.80953533997,-0.0018242211334037473
2020-09-11 10:00:00+00:00,102309.10953533997,-0.003328760888947291
2020-09-14 10:00:00+00:00,102664.20953533998,0.003470854175280591
2020-09-15 10:00:00+00:00,102570.40953533998,-0.0009136582303076457
2020-09-16 10:00:00+00:00,102677.60953533997,0.001045135731500224
2020-09-17 10:00:00+00:00,102629.85228187368,-0.00046511847794672434
2020-09-18 10:00:00+00:00,102419.25228187369,-0.0020520345232649673
2020-09-21 10:00:00+00:00,101813.6522818643,-0.0059129508028694655
2020-09-22 10:00:00+00:00,102011.65227712838,0.001944729324864447
2020-09-23 10:00:00+00:00,101749.50227196004,-0.0025698045205286846
2020-09-24 10:00:00+00:00,101097.2522719585,-0.00641035076769414
2020-09-25 10:00:00+00:00,101588.20227195832,0.004856215069813707
2020-09-28 10:00:00+00:00,102034.45227195832,0.004392734491012851
2020-09-29 10:00:00+00:00,101847.45227195832,-0.0018327143022396353
2020-09-30 10:00:00+00:00,101830.45227195832,-0.00016691630100507115
2020-10-01 10:00:00+00:00,102259.70227195832,0.00421534020936698
2020-10-05 10:00:00+00:00,102200.20227195832,-0.0005818518798514916
2020-10-06 10:00:00+00:00,102387.20227195832,0.0018297419754844668
2020-10-07 10:00:00+00:00,102327.70227195832,-0.0005811273155208463
2020-10-08 10:00:00+00:00,102382.95227195832,0.0005399319907835043
2020-10-09 10:00:00+00:00,102960.95227195832,0.005645471117737166
2020-10-12 10:00:00+00:00,103891.69764311638,0.009039789848676039
2020-10-13 10:00:00+00:00,104169.19764311638,0.0026710507797576
2020-10-14 10:00:00+00:00,103887.94764311638,-0.0026999343986842117
2020-10-15 10:00:00+00:00,104508.29764177969,0.0059713375106260624
2020-10-16 10:00:00+00:00,104246.09764177969,-0.002508891694884552
2020-10-19 10:00:00+00:00,103477.8976417797,-0.007369100785333482
2020-10-20 10:00:00+00:00,103574.49764177969,0.0009335326886363848
2020-10-21 10:00:00+00:00,103410.64764132722,-0.0015819531272954768
2020-10-22 10:00:00+00:00,103451.89764132722,0.0003988950938891289
2020-10-23 10:00:00+00:00,103538.14764132722,0.0008337208109900907
2020-10-26 10:00:00+00:00,103943.14764132722,0.00391160175477534
2020-10-27 10:00:00+00:00,104134.39764132722,0.0018399481287592057
2020-10-28 10:00:00+00:00,104434.39764132722,0.0028808924504781785
2020-10-29 10:00:00+00:00,104528.14764132722,0.0008976927345529795
2020-10-30 10:00:00+00:00,104479.39764132722,-0.0004663815546341876
2020-11-02 10:00:00+00:00,104033.14764132722,-0.004271176998281834
2020-11-03 10:00:00+00:00,103395.64764132722,-0.006127854577637981
2020-11-04 10:00:00+00:00,103313.14764132722,-0.0007979059262358534
2020-11-05 10:00:00+00:00,102329.39764131926,-0.009522021373535416
2020-11-06 10:00:00+00:00,102350.69764131926,0.00020815132787821433
2020-11-09 10:00:00+00:00,102251.29764131925,-0.000971170712957492
2020-11-10 10:00:00+00:00,101385.39764131646,-0.008468352186983719
2020-11-11 10:00:00+00:00,101200.59764130751,-0.0018227476964951528
2020-11-12 10:00:00+00:00,101676.59764130323,0.004703529535298179
2020-11-13 10:00:00+00:00,101452.19764130324,-0.002206997531444266
2020-11-17 10:00:00+00:00,100672.24764127101,-0.007687857120550978
2020-11-18 10:00:00+00:00,99820.34764127032,-0.008462113640655855
2020-11-19 10:00:00+00:00,100761.74764126875,0.009430942911375029
2020-11-20 10:00:00+00:00,100597.54764084138,-0.001629586666280991
2020-11-23 10:00:00+00:00,100809.64764084092,0.002108401297781004
2020-11-24 10:00:00+00:00,100437.94764084092,-0.0036871471004865652
2020-11-25 10:00:00+00:00,100520.3976408264,0.0008209048663589957
2020-11-26 10:00:00+00:00,100352.6476408264,-0.001668815523386491
2020-11-27 10:00:00+00:00,100447.1976408264,0.0009421774335083288
2020-12-01 10:00:00+00:00,100236.7476408264,-0.0020951306252715574
2020-12-02 10:00:00+00:00,100303.8476408264,0.0006694151753647848
2020-12-03 10:00:00+00:00,99696.8976408264,-0.006051113833373534
2020-12-04 10:00:00+00:00,99244.647640824,-0.0045362494792136054
2020-12-07 10:00:00+00:00,98898.89764080009,-0.0034838150796324685
2020-12-08 10:00:00+00:00,98853.69764079587,-0.0004570323945205512
2020-12-09 10:00:00+00:00,98875.69764079587,0.00022255110860847083
2020-12-10 10:00:00+00:00,98894.94764079587,0.00019468889180362936
2020-12-11 10:00:00+00:00,98768.59763809187,-0.0012776183790795814
2020-12-14 10:00:00+00:00,98656.59763809187,-0.0011339636552337717
2020-12-15 10:00:00+00:00,98889.04763809124,0.00235615260980393
2020-12-16 10:00:00+00:00,98967.04763809124,0.0007887627787201978
2020-12-17 10:00:00+00:00,99080.34763584082,0.001144825479324263
2020-12-18 10:00:00+00:00,98847.94763584083,-0.002345571100074939
2020-12-21 10:00:00+00:00,99822.34763584082,0.009857564302596433
2020-12-22 10:00:00+00:00,99648.74763584083,-0.0017390895336713008
2020-12-23 10:00:00+00:00,99335.14763584083,-0.003147054101934499
2020-12-24 10:00:00+00:00,99108.34763584082,-0.0022831797747101534
2020-12-28 10:00:00+00:00,98609.94763584083,-0.005028839768687177
2020-12-29 10:00:00+00:00,98497.94763584083,-0.0011357880486216887
2020-12-30 10:00:00+00:00,98623.94763584083,0.0012792144712072684
2020-12-31 10:00:00+00:00,98685.54763584083,0.0006245947508354277
2021-01-01 10:00:00+00:00,98425.14763584083,-0.0026386842474738215
