,period_open,period_close,longs_count,portfolio_value,ending_cash,starting_cash,ending_value,starting_value,net_leverage,gross_leverage,ending_exposure,returns,short_exposure,starting_exposure,long_exposure,positions,transactions,short_value,orders,capital_used,pnl,long_value,shorts_count,pipeline_rows,selected_cnt,pipeline_size,invested,leverage,pos_cnt,excess_return,max_leverage,max_drawdown,sortino,period_label,sharpe,alpha,beta,trading_days,algorithm_period_return,treasury_period_return,benchmark_period_return,benchmark_volatility,algo_volatility
2024-02-15 10:00:00+00:00,2024-02-15 03:46:00+00:00,2024-02-15 10:00:00+00:00,0,100000.0,100000.0,100000.0,0.0,0.0,0.0,0.0,0.0,0.0,0.0,0.0,0.0,[],[],0.0,[],0.0,0.0,0.0,0,0,0,0,0,0.0,0,0.0,0.0,0.0,,2024-02,,,,1,0.0,0.0,-0.02013606634603793,,
2024-02-16 10:00:00+00:00,2024-02-16 03:46:00+00:00,2024-02-16 10:00:00+00:00,0,100000.0,100000.0,100000.0,0.0,0.0,0.0,0.0,0.0,0.0,0.0,0.0,0.0,[],[],0.0,[],0.0,0.0,0.0,0,0,0,0,0,0.0,0,0.0,0.0,0.0,,2024-02,,0.0,0.0,2,0.0,0.0,-0.010506250068471501,0.3363425289332813,0.0
2024-02-19 10:00:00+00:00,2024-02-19 03:46:00+00:00,2024-02-19 10:00:00+00:00,0,100000.0,100000.0,100000.0,0.0,0.0,0.0,0.0,0.0,0.0,0.0,0.0,0.0,[],[],0.0,[],0.0,0.0,0.0,0,0,0,0,0,0.0,0,0.0,0.0,0.0,,2024-02,,0.0,0.0,3,0.0,0.0,-0.01445020212754311,0.23807102327064514,0.0
2024-02-20 10:00:00+00:00,2024-02-20 03:46:00+00:00,2024-02-20 10:00:00+00:00,0,100000.0,100000.0,100000.0,0.0,0.0,0.0,0.0,0.0,0.0,0.0,0.0,0.0,[],[],0.0,[],0.0,0.0,0.0,0,0,0,0,0,0.0,0,0.0,0.0,0.0,,2024-02,,0.0,0.0,4,0.0,0.0,-0.008358987280754682,0.21291434530216452,0.0
2024-02-21 10:00:00+00:00,2024-02-21 03:46:00+00:00,2024-02-21 10:00:00+00:00,0,100000.0,100000.0,100000.0,0.0,0.0,0.0,0.0,0.0,0.0,0.0,0.0,0.0,[],[],0.0,[],0.0,0.0,0.0,0,0,0,0,0,0.0,0,0.0,0.0,0.0,,2024-02,,0.0,0.0,5,0.0,0.0,0.09767854599634074,0.7952106889408805,0.0
2024-02-22 10:00:00+00:00,2024-02-22 03:46:00+00:00,2024-02-22 10:00:00+00:00,0,100000.0,100000.0,100000.0,0.0,0.0,0.0,0.0,0.0,0.0,0.0,0.0,0.0,[],[],0.0,[],0.0,0.0,0.0,0,0,0,0,0,0.0,0,0.0,0.0,0.0,,2024-02,,0.0,0.0,6,0.0,0.0,0.19173084718281297,0.8296947198495183,0.0
2024-02-23 10:00:00+00:00,2024-02-23 03:46:00+00:00,2024-02-23 10:00:00+00:00,0,100000.0,100000.0,100000.0,0.0,0.0,0.0,0.0,0.0,0.0,0.0,0.0,0.0,[],[],0.0,[],0.0,0.0,0.0,0,0,0,0,0,0.0,0,0.0,0.0,0.0,,2024-02,,0.0,0.0,7,0.0,0.0,0.17966892713548543,0.796114453620536,0.0
2024-02-26 10:00:00+00:00,2024-02-26 03:46:00+00:00,2024-02-26 10:00:00+00:00,0,100000.0,100000.0,100000.0,0.0,0.0,0.0,0.0,0.0,0.0,0.0,0.0,0.0,[],[],0.0,[],0.0,0.0,0.0,0,0,0,0,0,0.0,0,0.0,0.0,0.0,,2024-02,,0.0,0.0,8,0.0,0.0,0.1586454715761565,0.7750984205011018,0.0
2024-02-27 10:00:00+00:00,2024-02-27 03:46:00+00:00,2024-02-27 10:00:00+00:00,0,100000.0,100000.0,100000.0,0.0,0.0,0.0,0.0,0.0,0.0,0.0,0.0,0.0,[],[],0.0,[],0.0,0.0,0.0,0,0,0,0,0,0.0,0,0.0,0.0,0.0,,2024-02,,0.0,0.0,9,0.0,0.0,0.19348371476462267,0.7271632545611408,0.0
2024-02-28 10:00:00+00:00,2024-02-28 03:46:00+00:00,2024-02-28 10:00:00+00:00,0,100000.0,100000.0,100000.0,0.0,0.0,0.0,0.0,0.0,0.0,0.0,0.0,0.0,[],[],0.0,[],0.0,0.0,0.0,0,0,0,0,0,0.0,0,0.0,0.0,0.0,,2024-02,,0.0,0.0,10,0.0,0.0,0.18953976270555106,0.6961171922234476,0.0
2024-02-29 10:00:00+00:00,2024-02-29 03:46:00+00:00,2024-02-29 10:00:00+00:00,0,100000.0,100000.0,100000.0,0.0,0.0,0.0,0.0,0.0,0.0,0.0,0.0,0.0,[],[],0.0,[],0.0,0.0,0.0,0,0,0,0,0,0.0,0,0.0,0.0,0.0,,2024-02,,0.0,0.0,11,0.0,0.0,0.19939964285323009,0.6621419991657805,0.0
2024-03-01 10:00:00+00:00,2024-03-01 03:46:00+00:00,2024-03-01 10:00:00+00:00,0,100000.0,100000.0,100000.0,0.0,0.0,0.0,0.0,0.0,0.0,0.0,0.0,0.0,[],[],0.0,[],0.0,0.0,0.0,0,0,0,0,0,0.0,0,0.0,0.0,0.0,,2024-03,,0.0,0.0,12,0.0,0.0,0.2028944225944629,0.6348173478881981,0.0
2024-03-04 10:00:00+00:00,2024-03-04 03:46:00+00:00,2024-03-04 10:00:00+00:00,0,100000.0,100000.0,100000.0,0.0,0.0,0.0,0.0,0.0,0.0,0.0,0.0,0.0,[],[],0.0,[],0.0,0.0,0.0,0,0,0,0,0,0.0,0,0.0,0.0,0.0,,2024-03,,0.0,0.0,13,0.0,0.0,0.2320468015644339,0.6088174195063166,0.0
2024-03-05 10:00:00+00:00,2024-03-05 03:46:00+00:00,2024-03-05 10:00:00+00:00,0,100000.0,100000.0,100000.0,0.0,0.0,0.0,0.0,0.0,0.0,0.0,0.0,0.0,[],[],0.0,[],0.0,0.0,0.0,0,0,0,0,0,0.0,0,0.0,0.0,0.0,,2024-03,,0.0,0.0,14,0.0,0.0,0.24716528445754182,0.585252229427596,0.0
2024-03-06 10:00:00+00:00,2024-03-06 03:46:00+00:00,2024-03-06 10:00:00+00:00,0,100000.0,100000.0,100000.0,0.0,0.0,0.0,0.0,0.0,0.0,0.0,0.0,0.0,[],[],0.0,[],0.0,0.0,0.0,0,0,0,0,0,0.0,0,0.0,0.0,0.0,,2024-03,,0.0,0.0,15,0.0,0.0,0.24477700237732636,0.5689928316235258,0.0
2024-03-07 10:00:00+00:00,2024-03-07 03:46:00+00:00,2024-03-07 10:00:00+00:00,0,100000.0,100000.0,100000.0,0.0,0.0,0.0,0.0,0.0,0.0,0.0,0.0,0.0,[],[],0.0,[],0.0,0.0,0.0,0,0,0,0,0,0.0,0,0.0,0.0,0.0,,2024-03,,0.0,0.0,16,0.0,0.0,0.2616264420074712,0.5497425829167943,0.0
2024-03-11 10:00:00+00:00,2024-03-11 03:46:00+00:00,2024-03-11 10:00:00+00:00,0,100000.0,100000.0,100000.0,0.0,0.0,0.0,0.0,0.0,0.0,0.0,0.0,0.0,[],[],0.0,[],0.0,0.0,0.0,0,0,0,0,0,0.0,0,0.0,0.0,0.0,,2024-03,,0.0,0.0,17,0.0,0.0,0.2813352468804431,0.5322888629681298,0.0
2024-03-12 10:00:00+00:00,2024-03-12 03:46:00+00:00,2024-03-12 10:00:00+00:00,0,100000.0,100000.0,100000.0,0.0,0.0,0.0,0.0,0.0,0.0,0.0,0.0,0.0,[],[],0.0,[],0.0,0.0,0.0,0,0,0,0,0,0.0,0,0.0,0.0,0.0,,2024-03,,0.0,0.0,18,0.0,0.0,0.2552284753338663,0.5332684404881746,0.0
2024-03-13 10:00:00+00:00,2024-03-13 03:46:00+00:00,2024-03-13 10:00:00+00:00,0,100000.0,100000.0,100000.0,0.0,0.0,0.0,0.0,0.0,0.0,0.0,0.0,0.0,[],[],0.0,[],0.0,0.0,0.0,0,0,0,0,0,0.0,0,0.0,0.0,0.0,,2024-03,,0.0,0.0,19,0.0,0.0,0.2250572420819683,0.5357079917887346,0.0
2024-03-14 10:00:00+00:00,2024-03-14 03:46:00+00:00,2024-03-14 10:00:00+00:00,0,100000.0,100000.0,100000.0,0.0,0.0,0.0,0.0,0.0,0.0,0.0,0.0,0.0,[],[],0.0,[],0.0,0.0,0.0,0,0,0,0,0,0.0,0,0.0,0.0,0.0,,2024-03,,0.0,0.0,20,0.0,0.0,0.2370424741725916,0.5214460669124827,0.0
2024-03-15 10:00:00+00:00,2024-03-15 03:46:00+00:00,2024-03-15 10:00:00+00:00,0,100000.0,100000.0,100000.0,0.0,0.0,0.0,0.0,0.0,0.0,0.0,0.0,0.0,[],[],0.0,[],0.0,0.0,0.0,0,0,0,0,0,0.0,0,0.0,0.0,0.0,,2024-03,,0.0,0.0,21,0.0,0.0,0.22654717952650638,0.512788387911714,0.0
2024-03-18 10:00:00+00:00,2024-03-18 03:46:00+00:00,2024-03-18 10:00:00+00:00,0,100000.0,100000.0,100000.0,0.0,0.0,0.0,0.0,0.0,0.0,0.0,0.0,0.0,[],[],0.0,[],0.0,0.0,0.0,0,0,0,0,0,0.0,0,0.0,0.0,0.0,,2024-03,,0.0,0.0,22,0.0,0.0,0.2589533189452118,0.5034155502493998,0.0
2024-03-19 10:00:00+00:00,2024-03-19 03:46:00+00:00,2024-03-19 10:00:00+00:00,0,100000.0,100000.0,100000.0,0.0,0.0,0.0,0.0,0.0,0.0,0.0,0.0,0.0,[],[],0.0,[],0.0,0.0,0.0,0,0,0,0,0,0.0,0,0.0,0.0,0.0,,2024-03,,0.0,0.0,23,0.0,0.0,0.23577164517577964,0.501372709174553,0.0
2024-03-20 10:00:00+00:00,2024-03-20 03:46:00+00:00,2024-03-20 10:00:00+00:00,0,100000.0,100000.0,100000.0,0.0,0.0,0.0,0.0,0.0,0.0,0.0,0.0,0.0,[],[],0.0,[],0.0,0.0,0.0,0,0,0,0,0,0.0,0,0.0,0.0,0.0,,2024-03,,0.0,0.0,24,0.0,0.0,0.2576824899483998,0.4910416437512353,0.0
2024-03-21 10:00:00+00:00,2024-03-21 03:46:00+00:00,2024-03-21 10:00:00+00:00,0,100000.0,100000.0,100000.0,0.0,0.0,0.0,0.0,0.0,0.0,0.0,0.0,0.0,[],[],0.0,[],0.0,0.0,0.0,0,0,0,0,0,0.0,0,0.0,0.0,0.0,,2024-03,,0.0,0.0,25,0.0,0.0,0.2848409820440625,0.4821010174341669,0.0
2024-03-22 10:00:00+00:00,2024-03-22 03:46:00+00:00,2024-03-22 10:00:00+00:00,0,100000.0,100000.0,100000.0,0.0,0.0,0.0,0.0,0.0,0.0,0.0,0.0,0.0,[],[],0.0,[],0.0,0.0,0.0,0,0,0,0,0,0.0,0,0.0,0.0,0.0,,2024-03,,0.0,0.0,26,0.0,0.0,0.3036952639709021,0.47253936726612494,0.0
2024-03-26 10:00:00+00:00,2024-03-26 03:46:00+00:00,2024-03-26 10:00:00+00:00,0,100000.0,100000.0,100000.0,0.0,0.0,0.0,0.0,0.0,0.0,0.0,0.0,0.0,[],[],0.0,[],0.0,0.0,0.0,0,0,0,0,0,0.0,0,0.0,0.0,0.0,,2024-03,,0.0,0.0,27,0.0,0.0,0.30128507104591384,0.4649362132952949,0.0
2024-03-27 10:00:00+00:00,2024-03-27 03:46:00+00:00,2024-03-27 10:00:00+00:00,0,100000.0,100000.0,100000.0,0.0,0.0,0.0,0.0,0.0,0.0,0.0,0.0,0.0,[],[],0.0,[],0.0,0.0,0.0,0,0,0,0,0,0.0,0,0.0,0.0,0.0,,2024-03,,0.0,0.0,28,0.0,0.0,0.37600105172054876,0.47773128314857966,0.0
2024-03-28 10:00:00+00:00,2024-03-28 03:46:00+00:00,2024-03-28 10:00:00+00:00,0,100000.0,100000.0,100000.0,0.0,0.0,0.0,0.0,0.0,0.0,0.0,0.0,0.0,[],[],0.0,[],0.0,0.0,0.0,0,0,0,0,0,0.0,0,0.0,0.0,0.0,,2024-03,,0.0,0.0,29,0.0,0.0,0.39484437822500196,0.4691531767366441,0.0
2024-04-01 10:00:00+00:00,2024-04-01 03:46:00+00:00,2024-04-01 10:00:00+00:00,0,100000.0,100000.0,100000.0,0.0,0.0,0.0,0.0,0.0,0.0,0.0,0.0,0.0,[],[],0.0,[],0.0,0.0,0.0,0,0,0,0,0,0.0,0,0.0,0.0,0.0,,2024-04,,0.0,0.0,30,0.0,0.0,0.43516033260662335,0.46360588636438754,0.0
2024-04-02 10:00:00+00:00,2024-04-02 03:46:00+00:00,2024-04-02 10:00:00+00:00,0,100000.0,100000.0,100000.0,0.0,0.0,0.0,0.0,0.0,0.0,0.0,0.0,0.0,[],[],0.0,[],0.0,0.0,0.0,0,0,0,0,0,0.0,0,0.0,0.0,0.0,,2024-04,,0.0,0.0,31,0.0,0.0,0.409919039428565,0.4638216435458328,0.0
2024-04-03 10:00:00+00:00,2024-04-03 03:46:00+00:00,2024-04-03 10:00:00+00:00,0,100000.0,100000.0,100000.0,0.0,0.0,0.0,0.0,0.0,0.0,0.0,0.0,0.0,[],[],0.0,[],0.0,0.0,0.0,0,0,0,0,0,0.0,0,0.0,0.0,0.0,,2024-04,,0.0,0.0,32,0.0,0.0,0.4255414717514432,0.45628115002897085,0.0
2024-04-04 10:00:00+00:00,2024-04-04 03:46:00+00:00,2024-04-04 10:00:00+00:00,0,100000.0,100000.0,100000.0,0.0,0.0,0.0,0.0,0.0,0.0,0.0,0.0,0.0,[],[],0.0,[],0.0,0.0,0.0,0,0,0,0,0,0.0,0,0.0,0.0,0.0,,2024-04,,0.0,0.0,33,0.0,0.0,0.4285870791748374,0.4498440780328049,0.0
2024-04-05 10:00:00+00:00,2024-04-05 03:46:00+00:00,2024-04-05 10:00:00+00:00,0,100000.0,100000.0,100000.0,0.0,0.0,0.0,0.0,0.0,0.0,0.0,0.0,0.0,[],[],0.0,[],0.0,0.0,0.0,0,0,0,0,0,0.0,0,0.0,0.0,0.0,,2024-04,,0.0,0.0,34,0.0,0.0,0.4614533463337678,0.44413225187781236,0.0
2024-04-08 10:00:00+00:00,2024-04-08 03:46:00+00:00,2024-04-08 10:00:00+00:00,0,100000.0,100000.0,100000.0,0.0,0.0,0.0,0.0,0.0,0.0,0.0,0.0,0.0,[],[],0.0,[],0.0,0.0,0.0,0,0,0,0,0,0.0,0,0.0,0.0,0.0,,2024-04,,0.0,0.0,35,0.0,0.0,0.4677308033611234,0.43798941556266363,0.0
2024-04-09 10:00:00+00:00,2024-04-09 03:46:00+00:00,2024-04-09 10:00:00+00:00,0,100000.0,100000.0,100000.0,0.0,0.0,0.0,0.0,0.0,0.0,0.0,0.0,0.0,[],[],0.0,[],0.0,0.0,0.0,0,0,0,0,0,0.0,0,0.0,0.0,0.0,,2024-04,,0.0,0.0,36,0.0,0.0,0.43516033260662357,0.44072934358527893,0.0
2024-04-10 10:00:00+00:00,2024-04-10 03:46:00+00:00,2024-04-10 10:00:00+00:00,0,100000.0,100000.0,100000.0,0.0,0.0,0.0,0.0,0.0,0.0,0.0,0.0,0.0,[],[],0.0,[],0.0,0.0,0.0,0,0,0,0,0,0.0,0,0.0,0.0,0.0,,2024-04,,0.0,0.0,37,0.0,0.0,0.4559756351406128,0.434693976658819,0.0
2024-04-12 10:00:00+00:00,2024-04-12 03:46:00+00:00,2024-04-12 10:00:00+00:00,0,100000.0,100000.0,100000.0,0.0,0.0,0.0,0.0,0.0,0.0,0.0,0.0,0.0,[],[],0.0,[],0.0,0.0,0.0,0,0,0,0,0,0.0,0,0.0,0.0,0.0,,2024-04,,0.0,0.0,38,0.0,0.0,0.4772291545700542,0.4289057771702652,0.0
2024-04-15 10:00:00+00:00,2024-04-15 03:46:00+00:00,2024-04-15 10:00:00+00:00,0,100000.0,100000.0,100000.0,0.0,0.0,0.0,0.0,0.0,0.0,0.0,0.0,0.0,[],[],0.0,[],0.0,0.0,0.0,0,0,0,0,0,0.0,0,0.0,0.0,0.0,,2024-04,,0.0,0.0,39,0.0,0.0,0.44037511366250714,0.43279679450826075,0.0
2024-04-16 10:00:00+00:00,2024-04-16 03:46:00+00:00,2024-04-16 10:00:00+00:00,0,100000.0,100000.0,100000.0,0.0,0.0,0.0,0.0,0.0,0.0,0.0,0.0,0.0,[],[],0.0,[],0.0,0.0,0.0,0,0,0,0,0,0.0,0,0.0,0.0,0.0,,2024-04,,0.0,0.0,40,0.0,0.0,0.4603578040951368,0.4273374612755977,0.0
2024-04-18 10:00:00+00:00,2024-04-18 03:46:00+00:00,2024-04-18 10:00:00+00:00,0,100000.0,100000.0,100000.0,0.0,0.0,0.0,0.0,0.0,0.0,0.0,0.0,0.0,[],[],0.0,[],0.0,0.0,0.0,0,0,0,0,0,0.0,0,0.0,0.0,0.0,,2024-04,,0.0,0.0,41,0.0,0.0,0.4022940654476932,0.4395229600498373,0.0
2024-04-19 10:00:00+00:00,2024-04-19 03:46:00+00:00,2024-04-19 10:00:00+00:00,0,100000.0,100000.0,100000.0,0.0,0.0,0.0,0.0,0.0,0.0,0.0,0.0,0.0,[],[],0.0,[],0.0,0.0,0.0,0,0,0,0,0,0.0,0,0.0,0.0,0.0,,2024-04,,0.0,0.0,42,0.0,0.0,0.37807162655156157,0.438746516759482,0.0
2024-04-22 10:00:00+00:00,2024-04-22 03:46:00+00:00,2024-04-22 10:00:00+00:00,0,100000.0,100000.0,100000.0,0.0,0.0,0.0,0.0,0.0,0.0,0.0,0.0,0.0,[],[],0.0,[],0.0,0.0,0.0,0,0,0,0,0,0.0,0,0.0,0.0,0.0,,2024-04,,0.0,0.0,43,0.0,0.0,0.42880618762256373,0.4390590145021313,0.0
2024-04-23 10:00:00+00:00,2024-04-23 03:46:00+00:00,2024-04-23 10:00:00+00:00,0,100000.0,100000.0,100000.0,0.0,0.0,0.0,0.0,0.0,0.0,0.0,0.0,0.0,[],[],0.0,[],0.0,0.0,0.0,0,0,0,0,0,0.0,0,0.0,0.0,0.0,,2024-04,,0.0,0.0,44,0.0,0.0,0.380383220675073,0.4457311359912908,0.0
2024-04-24 10:00:00+00:00,2024-04-24 03:46:00+00:00,2024-04-24 10:00:00+00:00,0,100000.0,100000.0,100000.0,0.0,0.0,0.0,0.0,0.0,0.0,0.0,0.0,0.0,[],[],0.0,[],0.0,0.0,0.0,0,0,0,0,0,0.0,0,0.0,0.0,0.0,,2024-04,,0.0,0.0,45,0.0,0.0,0.38966246343627775,0.4406433147123313,0.0
2024-04-25 10:00:00+00:00,2024-04-25 03:46:00+00:00,2024-04-25 10:00:00+00:00,0,100000.0,100000.0,100000.0,0.0,0.0,0.0,0.0,0.0,0.0,0.0,0.0,0.0,[],[],0.0,[],0.0,0.0,0.0,0,0,0,0,0,0.0,0,0.0,0.0,0.0,,2024-04,,0.0,0.0,46,0.0,0.0,0.404266041477229,0.43576919447210677,0.0
2024-04-26 10:00:00+00:00,2024-04-26 03:46:00+00:00,2024-04-26 10:00:00+00:00,0,100000.0,100000.0,100000.0,0.0,0.0,0.0,0.0,0.0,0.0,0.0,0.0,0.0,[],[],0.0,[],0.0,0.0,0.0,0,0,0,0,0,0.0,0,0.0,0.0,0.0,,2024-04,,0.0,0.0,47,0.0,0.0,0.4062380175067648,0.4312581811990844,0.0
2024-04-29 10:00:00+00:00,2024-04-29 03:46:00+00:00,2024-04-29 10:00:00+00:00,0,100000.0,100000.0,100000.0,0.0,0.0,0.0,0.0,0.0,0.0,0.0,0.0,0.0,[],[],0.0,[],0.0,0.0,0.0,0,0,0,0,0,0.0,0,0.0,0.0,0.0,,2024-04,,0.0,0.0,48,0.0,0.0,0.41542961688887914,0.42665302583811326,0.0
2024-04-30 10:00:00+00:00,2024-04-30 03:46:00+00:00,2024-04-30 10:00:00+00:00,0,100000.0,100000.0,100000.0,0.0,0.0,0.0,0.0,0.0,0.0,0.0,0.0,0.0,[],[],0.0,[],0.0,0.0,0.0,0,0,0,0,0,0.0,0,0.0,0.0,0.0,,2024-04,,0.0,0.0,49,0.0,0.0,0.4315121769519825,0.4222711920281513,0.0
2024-05-02 10:00:00+00:00,2024-05-02 03:46:00+00:00,2024-05-02 10:00:00+00:00,0,100000.0,100000.0,100000.0,0.0,0.0,0.0,0.0,0.0,0.0,0.0,0.0,0.0,[],[],0.0,[],0.0,0.0,0.0,0,0,0,0,0,0.0,0,0.0,0.0,0.0,,2024-05,,0.0,0.0,50,0.0,0.0,0.46758838287010174,0.4197862194894202,0.0
2024-05-03 10:00:00+00:00,2024-05-03 03:46:00+00:00,2024-05-03 10:00:00+00:00,0,100000.0,100000.0,100000.0,0.0,0.0,0.0,0.0,0.0,0.0,0.0,0.0,0.0,[],[],0.0,[],0.0,0.0,0.0,0,0,0,0,0,0.0,0,0.0,0.0,0.0,,2024-05,,0.0,0.0,51,0.0,0.0,0.46802659976555394,0.41592278556669565,0.0
2024-05-06 10:00:00+00:00,2024-05-06 03:46:00+00:00,2024-05-06 10:00:00+00:00,0,100000.0,100000.0,100000.0,0.0,0.0,0.0,0.0,0.0,0.0,0.0,0.0,0.0,[],[],0.0,[],0.0,0.0,0.0,0,0,0,0,0,0.0,0,0.0,0.0,0.0,,2024-05,,0.0,0.0,52,0.0,0.0,0.522781800852332,0.41688494169929413,0.0
2024-05-07 10:00:00+00:00,2024-05-07 03:46:00+00:00,2024-05-07 10:00:00+00:00,0,100000.0,100000.0,100000.0,0.0,0.0,0.0,0.0,0.0,0.0,0.0,0.0,0.0,[],[],0.0,[],0.0,0.0,0.0,0,0,0,0,0,0.0,0,0.0,0.0,0.0,,2024-05,,0.0,0.0,53,0.0,0.0,0.5063705781176395,0.4149799367625112,0.0
2024-05-08 10:00:00+00:00,2024-05-08 03:46:00+00:00,2024-05-08 10:00:00+00:00,0,100000.0,100000.0,100000.0,0.0,0.0,0.0,0.0,0.0,0.0,0.0,0.0,0.0,[],[],0.0,[],0.0,0.0,0.0,0,0,0,0,0,0.0,0,0.0,0.0,0.0,,2024-05,,0.0,0.0,54,0.0,0.0,0.5710185256192555,0.4178762874615,0.0
2024-05-09 10:00:00+00:00,2024-05-09 03:46:00+00:00,2024-05-09 10:00:00+00:00,0,100000.0,100000.0,100000.0,0.0,0.0,0.0,0.0,0.0,0.0,0.0,0.0,0.0,[],[],0.0,[],0.0,0.0,0.0,0,0,0,0,0,0.0,0,0.0,0.0,0.0,,2024-05,,0.0,0.0,55,0.0,0.0,0.542523471992463,0.4179648612518342,0.0
2024-05-10 10:00:00+00:00,2024-05-10 03:46:00+00:00,2024-05-10 10:00:00+00:00,0,100000.0,100000.0,100000.0,0.0,0.0,0.0,0.0,0.0,0.0,0.0,0.0,0.0,[],[],0.0,[],0.0,0.0,0.0,0,0,0,0,0,0.0,0,0.0,0.0,0.0,,2024-05,,0.0,0.0,56,0.0,0.0,0.5784572574195599,0.41537700003718436,0.0
2024-05-13 10:00:00+00:00,2024-05-13 03:46:00+00:00,2024-05-13 10:00:00+00:00,0,100000.0,100000.0,100000.0,0.0,0.0,0.0,0.0,0.0,0.0,0.0,0.0,0.0,[],[],0.0,[],0.0,0.0,0.0,0,0,0,0,0,0.0,0,0.0,0.0,0.0,,2024-05,,0.0,0.0,57,0.0,0.0,0.7572387953417543,0.46687204328853854,0.0
2024-05-14 10:00:00+00:00,2024-05-14 03:46:00+00:00,2024-05-14 10:00:00+00:00,0,100000.0,100000.0,100000.0,0.0,0.0,0.0,0.0,0.0,0.0,0.0,0.0,0.0,[],[],0.0,[],0.0,0.0,0.0,0,0,0,0,0,0.0,0,0.0,0.0,0.0,,2024-05,,0.0,0.0,58,0.0,0.0,0.7671096309118197,0.4628636412099051,0.0
2024-05-15 10:00:00+00:00,2024-05-15 03:46:00+00:00,2024-05-15 10:00:00+00:00,0,100000.0,100000.0,100000.0,0.0,0.0,0.0,0.0,0.0,0.0,0.0,0.0,0.0,[],[],0.0,[],0.0,0.0,0.0,0,0,0,0,0,0.0,0,0.0,0.0,0.0,,2024-05,,0.0,0.0,59,0.0,0.0,0.7668905224640936,0.45935836155604776,0.0
2024-05-16 10:00:00+00:00,2024-05-16 03:46:00+00:00,2024-05-16 10:00:00+00:00,0,100000.0,100000.0,100000.0,0.0,0.0,0.0,0.0,0.0,0.0,0.0,0.0,0.0,[],[],0.0,[],0.0,0.0,0.0,0,0,0,0,0,0.0,0,0.0,0.0,0.0,,2024-05,,0.0,0.0,60,0.0,0.0,0.8225440681865488,0.45755691565182893,0.0
2024-05-17 10:00:00+00:00,2024-05-17 03:46:00+00:00,2024-05-17 10:00:00+00:00,0,100000.0,100000.0,100000.0,0.0,0.0,0.0,0.0,0.0,0.0,0.0,0.0,0.0,[],[],0.0,[],0.0,0.0,0.0,0,0,0,0,0,0.0,0,0.0,0.0,0.0,,2024-05,,0.0,0.0,61,0.0,0.0,0.8323929929118417,0.4538437272860637,0.0
2024-05-21 10:00:00+00:00,2024-05-21 03:46:00+00:00,2024-05-21 10:00:00+00:00,0,100000.0,100000.0,100000.0,0.0,0.0,0.0,0.0,0.0,0.0,0.0,0.0,0.0,[],[],0.0,[],0.0,0.0,0.0,0,0,0,0,0,0.0,0,0.0,0.0,0.0,,2024-05,,0.0,0.0,62,0.0,0.0,0.8821086997009169,0.45137576517581973,0.0
2024-05-22 10:00:00+00:00,2024-05-22 03:46:00+00:00,2024-05-22 10:00:00+00:00,0,100000.0,100000.0,100000.0,0.0,0.0,0.0,0.0,0.0,0.0,0.0,0.0,0.0,[],[],0.0,[],0.0,0.0,0.0,0,0,0,0,0,0.0,0,0.0,0.0,0.0,,2024-05,,0.0,0.0,63,0.0,0.0,0.844454912959169,0.4518956033037658,0.0
2024-05-23 10:00:00+00:00,2024-05-23 03:46:00+00:00,2024-05-23 10:00:00+00:00,0,100000.0,100000.0,100000.0,0.0,0.0,0.0,0.0,0.0,0.0,0.0,0.0,0.0,[],[],0.0,[],0.0,0.0,0.0,0,0,0,0,0,0.0,0,0.0,0.0,0.0,,2024-05,,0.0,0.0,64,0.0,0.0,0.8420447200341807,0.44887077270435916,0.0
2024-05-24 10:00:00+00:00,2024-05-24 03:46:00+00:00,2024-05-24 10:00:00+00:00,0,100000.0,100000.0,100000.0,0.0,0.0,0.0,0.0,0.0,0.0,0.0,0.0,0.0,[],[],0.0,[],0.0,0.0,0.0,0,0,0,0,0,0.0,0,0.0,0.0,0.0,,2024-05,,0.0,0.0,65,0.0,0.0,0.8505899494955027,0.4454738601637883,0.0
2024-05-27 10:00:00+00:00,2024-05-27 03:46:00+00:00,2024-05-27 10:00:00+00:00,0,100000.0,100000.0,100000.0,0.0,0.0,0.0,0.0,0.0,0.0,0.0,0.0,0.0,[],[],0.0,[],0.0,0.0,0.0,0,0,0,0,0,0.0,0,0.0,0.0,0.0,,2024-05,,0.0,0.0,66,0.0,0.0,0.831165985604575,0.4438248157609252,0.0
2024-05-28 10:00:00+00:00,2024-05-28 03:46:00+00:00,2024-05-28 10:00:00+00:00,0,100000.0,100000.0,100000.0,0.0,0.0,0.0,0.0,0.0,0.0,0.0,0.0,0.0,[],[],0.0,[],0.0,0.0,0.0,0,0,0,0,0,0.0,0,0.0,0.0,0.0,,2024-05,,0.0,0.0,67,0.0,0.0,0.8034816332343693,0.44304647411515,0.0
2024-05-29 10:00:00+00:00,2024-05-29 03:46:00+00:00,2024-05-29 10:00:00+00:00,0,100000.0,100000.0,100000.0,0.0,0.0,0.0,0.0,0.0,0.0,0.0,0.0,0.0,[],[],0.0,[],0.0,0.0,0.0,0,0,0,0,0,0.0,0,0.0,0.0,0.0,,2024-05,,0.0,0.0,68,0.0,0.0,0.7934026446389639,0.44064968546852334,0.0
2024-05-30 10:00:00+00:00,2024-05-30 03:46:00+00:00,2024-05-30 10:00:00+00:00,0,100000.0,100000.0,100000.0,0.0,0.0,0.0,0.0,0.0,0.0,0.0,0.0,0.0,[],[],0.0,[],0.0,0.0,0.0,0,0,0,0,0,0.0,0,0.0,0.0,0.0,,2024-05,,0.0,0.0,69,0.0,0.0,0.807644693741167,0.43740223225571423,0.0
2024-05-31 10:00:00+00:00,2024-05-31 03:46:00+00:00,2024-05-31 10:00:00+00:00,0,100000.0,100000.0,100000.0,0.0,0.0,0.0,0.0,0.0,0.0,0.0,0.0,0.0,[],[],0.0,[],0.0,0.0,0.0,0,0,0,0,0,0.0,0,0.0,0.0,0.0,,2024-05,,0.0,0.0,70,0.0,0.0,0.8162008786248751,0.43429576043639506,0.0
2024-06-03 10:00:00+00:00,2024-06-03 03:46:00+00:00,2024-06-03 10:00:00+00:00,0,100000.0,100000.0,100000.0,0.0,0.0,0.0,0.0,0.0,0.0,0.0,0.0,0.0,[],[],0.0,[],0.0,0.0,0.0,0,0,0,0,0,0.0,0,0.0,0.0,0.0,,2024-06,,0.0,0.0,71,0.0,0.0,0.9062434952179581,0.43793403328631086,0.0
2024-06-04 10:00:00+00:00,2024-06-04 03:46:00+00:00,2024-06-04 10:00:00+00:00,0,100000.0,100000.0,100000.0,0.0,0.0,0.0,0.0,0.0,0.0,0.0,0.0,0.0,[],[],0.0,[],0.0,0.0,0.0,0,0,0,0,0,0.0,0,0.0,0.0,0.0,,2024-06,,0.0,0.0,72,0.0,0.0,0.6832349171222296,0.49504928174528173,0.0
2024-06-05 10:00:00+00:00,2024-06-05 03:46:00+00:00,2024-06-05 10:00:00+00:00,0,100000.0,100000.0,100000.0,0.0,0.0,0.0,0.0,0.0,0.0,0.0,0.0,0.0,[],[],0.0,[],0.0,0.0,0.0,0,0,0,0,0,0.0,0,0.0,0.0,0.0,,2024-06,,0.0,0.0,73,0.0,0.0,0.7148522661291206,0.49202796964728246,0.0
2024-06-06 10:00:00+00:00,2024-06-06 03:46:00+00:00,2024-06-06 10:00:00+00:00,0,100000.0,100000.0,100000.0,0.0,0.0,0.0,0.0,0.0,0.0,0.0,0.0,0.0,[],[],0.0,[],0.0,0.0,0.0,0,0,0,0,0,0.0,0,0.0,0.0,0.0,,2024-06,,0.0,0.0,74,0.0,0.0,0.7519911480187118,0.48930680158952916,0.0
2024-06-07 10:00:00+00:00,2024-06-07 03:46:00+00:00,2024-06-07 10:00:00+00:00,0,100000.0,100000.0,100000.0,0.0,0.0,0.0,0.0,0.0,0.0,0.0,0.0,0.0,[],[],0.0,[],0.0,0.0,0.0,0,0,0,0,0,0.0,0,0.0,0.0,0.0,,2024-06,,0.0,0.0,75,0.0,0.0,0.7638449150406994,0.48599531528125944,0.0
2024-06-10 10:00:00+00:00,2024-06-10 03:46:00+00:00,2024-06-10 10:00:00+00:00,0,100000.0,100000.0,100000.0,0.0,0.0,0.0,0.0,0.0,0.0,0.0,0.0,0.0,[],[],0.0,[],0.0,0.0,0.0,0,0,0,0,0,0.0,0,0.0,0.0,0.0,,2024-06,,0.0,0.0,76,0.0,0.0,0.7734637758958796,0.48276769003661546,0.0
2024-06-11 10:00:00+00:00,2024-06-11 03:46:00+00:00,2024-06-11 10:00:00+00:00,0,100000.0,100000.0,100000.0,0.0,0.0,0.0,0.0,0.0,0.0,0.0,0.0,0.0,[],[],0.0,[],0.0,0.0,0.0,0,0,0,0,0,0.0,0,0.0,0.0,0.0,,2024-06,,0.0,0.0,77,0.0,0.0,0.7732446674481535,0.4798072499837573,0.0
2024-06-12 10:00:00+00:00,2024-06-12 03:46:00+00:00,2024-06-12 10:00:00+00:00,0,100000.0,100000.0,100000.0,0.0,0.0,0.0,0.0,0.0,0.0,0.0,0.0,0.0,[],[],0.0,[],0.0,0.0,0.0,0,0,0,0,0,0.0,0,0.0,0.0,0.0,,2024-06,,0.0,0.0,78,0.0,0.0,0.8142179471729531,0.47746302273847574,0.0
2024-06-13 10:00:00+00:00,2024-06-13 03:46:00+00:00,2024-06-13 10:00:00+00:00,0,100000.0,100000.0,100000.0,0.0,0.0,0.0,0.0,0.0,0.0,0.0,0.0,0.0,[],[],0.0,[],0.0,0.0,0.0,0,0,0,0,0,0.0,0,0.0,0.0,0.0,,2024-06,,0.0,0.0,79,0.0,0.0,0.8499326241523242,0.47484294316984316,0.0
2024-06-14 10:00:00+00:00,2024-06-14 03:46:00+00:00,2024-06-14 10:00:00+00:00,0,100000.0,100000.0,100000.0,0.0,0.0,0.0,0.0,0.0,0.0,0.0,0.0,0.0,[],[],0.0,[],0.0,0.0,0.0,0,0,0,0,0,0.0,0,0.0,0.0,0.0,,2024-06,,0.0,0.0,80,0.0,0.0,0.9787683914153311,0.48424447561478867,0.0
2024-06-18 10:00:00+00:00,2024-06-18 03:46:00+00:00,2024-06-18 10:00:00+00:00,0,100000.0,100000.0,100000.0,0.0,0.0,0.0,0.0,0.0,0.0,0.0,0.0,0.0,[],[],0.0,[],0.0,0.0,0.0,0,0,0,0,0,0.0,0,0.0,0.0,0.0,,2024-06,,0.0,0.0,81,0.0,0.0,0.9447079832162928,0.48342823916187716,0.0
2024-06-19 10:00:00+00:00,2024-06-19 03:46:00+00:00,2024-06-19 10:00:00+00:00,0,100000.0,100000.0,100000.0,0.0,0.0,0.0,0.0,0.0,0.0,0.0,0.0,0.0,[],[],0.0,[],0.0,0.0,0.0,0,0,0,0,0,0.0,0,0.0,0.0,0.0,,2024-06,,0.0,0.0,82,0.0,0.0,0.8744727702976589,0.4868157319802092,0.0
2024-06-20 10:00:00+00:00,2024-06-20 03:46:00+00:00,2024-06-20 10:00:00+00:00,0,100000.0,100000.0,100000.0,0.0,0.0,0.0,0.0,0.0,0.0,0.0,0.0,0.0,[],[],0.0,[],0.0,0.0,0.0,0,0,0,0,0,0.0,0,0.0,0.0,0.0,,2024-06,,0.0,0.0,83,0.0,0.0,0.877759397013552,0.4839666691240127,0.0
2024-06-21 10:00:00+00:00,2024-06-21 03:46:00+00:00,2024-06-21 10:00:00+00:00,0,100000.0,100000.0,100000.0,0.0,0.0,0.0,0.0,0.0,0.0,0.0,0.0,0.0,[],[],0.0,[],0.0,0.0,0.0,0,0,0,0,0,0.0,0,0.0,0.0,0.0,,2024-06,,0.0,0.0,84,0.0,0.0,0.8394154186614666,0.4835675826129387,0.0
2024-06-24 10:00:00+00:00,2024-06-24 03:46:00+00:00,2024-06-24 10:00:00+00:00,0,100000.0,100000.0,100000.0,0.0,0.0,0.0,0.0,0.0,0.0,0.0,0.0,0.0,[],[],0.0,[],0.0,0.0,0.0,0,0,0,0,0,0.0,0,0.0,0.0,0.0,,2024-06,,0.0,0.0,85,0.0,0.0,0.8492752988091457,0.4806979817702437,0.0
2024-06-25 10:00:00+00:00,2024-06-25 03:46:00+00:00,2024-06-25 10:00:00+00:00,0,100000.0,100000.0,100000.0,0.0,0.0,0.0,0.0,0.0,0.0,0.0,0.0,0.0,[],[],0.0,[],0.0,0.0,0.0,0,0,0,0,0,0.0,0,0.0,0.0,0.0,,2024-06,,0.0,0.0,86,0.0,0.0,0.840598604279188,0.4783331284915393,0.0
2024-06-26 10:00:00+00:00,2024-06-26 03:46:00+00:00,2024-06-26 10:00:00+00:00,0,100000.0,100000.0,100000.0,0.0,0.0,0.0,0.0,0.0,0.0,0.0,0.0,0.0,[],[],0.0,[],0.0,0.0,0.0,0,0,0,0,0,0.0,0,0.0,0.0,0.0,,2024-06,,0.0,0.0,87,0.0,0.0,0.8405109609000976,0.47572037127703615,0.0
2024-06-27 10:00:00+00:00,2024-06-27 03:46:00+00:00,2024-06-27 10:00:00+00:00,0,100000.0,100000.0,100000.0,0.0,0.0,0.0,0.0,0.0,0.0,0.0,0.0,0.0,[],[],0.0,[],0.0,0.0,0.0,0,0,0,0,0,0.0,0,0.0,0.0,0.0,,2024-06,,0.0,0.0,88,0.0,0.0,0.9018284599962751,0.4749953967806197,0.0
2024-06-28 10:00:00+00:00,2024-06-28 03:46:00+00:00,2024-06-28 10:00:00+00:00,0,100000.0,100000.0,100000.0,0.0,0.0,0.0,0.0,0.0,0.0,0.0,0.0,0.0,[],[],0.0,[],0.0,0.0,0.0,0,0,0,0,0,0.0,0,0.0,0.0,0.0,,2024-06,,0.0,0.0,89,0.0,0.0,0.8626409141204439,0.47469613465959,0.0
2024-07-01 10:00:00+00:00,2024-07-01 03:46:00+00:00,2024-07-01 10:00:00+00:00,0,100000.0,100000.0,100000.0,0.0,0.0,0.0,0.0,0.0,0.0,0.0,0.0,0.0,[],[],0.0,[],0.0,0.0,0.0,0,0,0,0,0,0.0,0,0.0,0.0,0.0,,2024-07,,0.0,0.0,90,0.0,0.0,0.8924396630112073,0.47223841200751,0.0
2024-07-02 10:00:00+00:00,2024-07-02 03:46:00+00:00,2024-07-02 10:00:00+00:00,0,100000.0,100000.0,100000.0,0.0,0.0,0.0,0.0,0.0,0.0,0.0,0.0,0.0,[],[],0.0,[],0.0,0.0,0.0,0,0,0,0,0,0.0,0,0.0,0.0,0.0,,2024-07,,0.0,0.0,91,0.0,0.0,0.8624327610951037,0.47121947165605427,0.0
2024-07-03 10:00:00+00:00,2024-07-03 03:46:00+00:00,2024-07-03 10:00:00+00:00,0,100000.0,100000.0,100000.0,0.0,0.0,0.0,0.0,0.0,0.0,0.0,0.0,0.0,[],[],0.0,[],0.0,0.0,0.0,0,0,0,0,0,0.0,0,0.0,0.0,0.0,,2024-07,,0.0,0.0,92,0.0,0.0,0.8898103616384927,0.4687837088745406,0.0
2024-07-04 10:00:00+00:00,2024-07-04 03:46:00+00:00,2024-07-04 10:00:00+00:00,0,100000.0,100000.0,100000.0,0.0,0.0,0.0,0.0,0.0,0.0,0.0,0.0,0.0,[],[],0.0,[],0.0,0.0,0.0,0,0,0,0,0,0.0,0,0.0,0.0,0.0,,2024-07,,0.0,0.0,93,0.0,0.0,0.906462603665684,0.46623505783683944,0.0
2024-07-05 10:00:00+00:00,2024-07-05 03:46:00+00:00,2024-07-05 10:00:00+00:00,0,100000.0,100000.0,100000.0,0.0,0.0,0.0,0.0,0.0,0.0,0.0,0.0,0.0,[],[],0.0,[],0.0,0.0,0.0,0,0,0,0,0,0.0,0,0.0,0.0,0.0,,2024-07,,0.0,0.0,94,0.0,0.0,0.9007657840248027,0.464032542484813,0.0
2024-07-08 10:00:00+00:00,2024-07-08 03:46:00+00:00,2024-07-08 10:00:00+00:00,0,100000.0,100000.0,100000.0,0.0,0.0,0.0,0.0,0.0,0.0,0.0,0.0,0.0,[],[],0.0,[],0.0,0.0,0.0,0,0,0,0,0,0.0,0,0.0,0.0,0.0,,2024-07,,0.0,0.0,95,0.0,0.0,0.8774088234971895,0.46265604755641115,0.0
2024-07-09 10:00:00+00:00,2024-07-09 03:46:00+00:00,2024-07-09 10:00:00+00:00,0,100000.0,100000.0,100000.0,0.0,0.0,0.0,0.0,0.0,0.0,0.0,0.0,0.0,[],[],0.0,[],0.0,0.0,0.0,0,0,0,0,0,0.0,0,0.0,0.0,0.0,,2024-07,,0.0,0.0,96,0.0,0.0,0.8810460237294446,0.4602896473805488,0.0
2024-07-10 10:00:00+00:00,2024-07-10 03:46:00+00:00,2024-07-10 10:00:00+00:00,0,100000.0,100000.0,100000.0,0.0,0.0,0.0,0.0,0.0,0.0,0.0,0.0,0.0,[],[],0.0,[],0.0,0.0,0.0,0,0,0,0,0,0.0,0,0.0,0.0,0.0,,2024-07,,0.0,0.0,97,0.0,0.0,0.8722597749756238,0.4582732595643304,0.0
2024-07-11 10:00:00+00:00,2024-07-11 03:46:00+00:00,2024-07-11 10:00:00+00:00,0,100000.0,100000.0,100000.0,0.0,0.0,0.0,0.0,0.0,0.0,0.0,0.0,0.0,[],[],0.0,[],0.0,0.0,0.0,0,0,0,0,0,0.0,0,0.0,0.0,0.0,,2024-07,,0.0,0.0,98,0.0,0.0,0.8558485522409314,0.4565959608177565,0.0
2024-07-12 10:00:00+00:00,2024-07-12 03:46:00+00:00,2024-07-12 10:00:00+00:00,0,100000.0,100000.0,100000.0,0.0,0.0,0.0,0.0,0.0,0.0,0.0,0.0,0.0,[],[],0.0,[],0.0,0.0,0.0,0,0,0,0,0,0.0,0,0.0,0.0,0.0,,2024-07,,0.0,0.0,99,0.0,0.0,0.7966892713548568,0.45841843024108425,0.0
2024-07-15 10:00:00+00:00,2024-07-15 03:46:00+00:00,2024-07-15 10:00:00+00:00,0,100000.0,100000.0,100000.0,0.0,0.0,0.0,0.0,0.0,0.0,0.0,0.0,0.0,[],[],0.0,[],0.0,0.0,0.0,0,0,0,0,0,0.0,0,0.0,0.0,0.0,,2024-07,,0.0,0.0,100,0.0,0.0,0.8086745034454801,0.45609760336023797,0.0
2024-07-16 10:00:00+00:00,2024-07-16 03:46:00+00:00,2024-07-16 10:00:00+00:00,0,100000.0,100000.0,100000.0,0.0,0.0,0.0,0.0,0.0,0.0,0.0,0.0,0.0,[],[],0.0,[],0.0,0.0,0.0,0,0,0,0,0,0.0,0,0.0,0.0,0.0,,2024-07,,0.0,0.0,101,0.0,0.0,0.8043580670252737,0.45402105142564564,0.0
2024-07-18 10:00:00+00:00,2024-07-18 03:46:00+00:00,2024-07-18 10:00:00+00:00,0,100000.0,100000.0,100000.0,0.0,0.0,0.0,0.0,0.0,0.0,0.0,0.0,0.0,[],[],0.0,[],0.0,0.0,0.0,0,0,0,0,0,0.0,0,0.0,0.0,0.0,,2024-07,,0.0,0.0,102,0.0,0.0,0.7311758454847221,0.4577225710762798,0.0
2024-07-19 10:00:00+00:00,2024-07-19 03:46:00+00:00,2024-07-19 10:00:00+00:00,0,100000.0,100000.0,100000.0,0.0,0.0,0.0,0.0,0.0,0.0,0.0,0.0,0.0,[],[],0.0,[],0.0,0.0,0.0,0,0,0,0,0,0.0,0,0.0,0.0,0.0,,2024-07,,0.0,0.0,103,0.0,0.0,0.6674152871963972,0.46032903434698064,0.0
2024-07-22 10:00:00+00:00,2024-07-22 03:46:00+00:00,2024-07-22 10:00:00+00:00,0,100000.0,100000.0,100000.0,0.0,0.0,0.0,0.0,0.0,0.0,0.0,0.0,0.0,[],[],0.0,[],0.0,0.0,0.0,0,0,0,0,0,0.0,0,0.0,0.0,0.0,,2024-07,,0.0,0.0,104,0.0,0.0,0.6917034586268469,0.4583117069571404,0.0
2024-07-23 10:00:00+00:00,2024-07-23 03:46:00+00:00,2024-07-23 10:00:00+00:00,0,100000.0,100000.0,100000.0,0.0,0.0,0.0,0.0,0.0,0.0,0.0,0.0,0.0,[],[],0.0,[],0.0,0.0,0.0,0,0,0,0,0,0.0,0,0.0,0.0,0.0,,2024-07,,0.0,0.0,105,0.0,0.0,0.6460850798102515,0.4588637685821649,0.0
2024-07-24 10:00:00+00:00,2024-07-24 03:46:00+00:00,2024-07-24 10:00:00+00:00,0,100000.0,100000.0,100000.0,0.0,0.0,0.0,0.0,0.0,0.0,0.0,0.0,0.0,[],[],0.0,[],0.0,0.0,0.0,0,0,0,0,0,0.0,0,0.0,0.0,0.0,,2024-07,,0.0,0.0,106,0.0,0.0,0.6446937411671902,0.45676757294975856,0.0
2024-07-25 10:00:00+00:00,2024-07-25 03:46:00+00:00,2024-07-25 10:00:00+00:00,0,100000.0,100000.0,100000.0,0.0,0.0,0.0,0.0,0.0,0.0,0.0,0.0,0.0,[],[],0.0,[],0.0,0.0,0.0,0,0,0,0,0,0.0,0,0.0,0.0,0.0,,2024-07,,0.0,0.0,107,0.0,0.0,0.6739885406281834,0.4550255534585802,0.0
2024-07-26 10:00:00+00:00,2024-07-26 03:46:00+00:00,2024-07-26 10:00:00+00:00,0,100000.0,100000.0,100000.0,0.0,0.0,0.0,0.0,0.0,0.0,0.0,0.0,0.0,[],[],0.0,[],0.0,0.0,0.0,0,0,0,0,0,0.0,0,0.0,0.0,0.0,,2024-07,,0.0,0.0,108,0.0,0.0,0.7197822062029597,0.4541536893711052,0.0
2024-07-29 10:00:00+00:00,2024-07-29 03:46:00+00:00,2024-07-29 10:00:00+00:00,0,100000.0,100000.0,100000.0,0.0,0.0,0.0,0.0,0.0,0.0,0.0,0.0,0.0,[],[],0.0,[],0.0,0.0,0.0,0,0,0,0,0,0.0,0,0.0,0.0,0.0,,2024-07,,0.0,0.0,109,0.0,0.0,0.7453521620526076,0.4522737525127713,0.0
2024-07-30 10:00:00+00:00,2024-07-30 03:46:00+00:00,2024-07-30 10:00:00+00:00,0,100000.0,100000.0,100000.0,0.0,0.0,0.0,0.0,0.0,0.0,0.0,0.0,0.0,[],[],0.0,[],0.0,0.0,0.0,0,0,0,0,0,0.0,0,0.0,0.0,0.0,,2024-07,,0.0,0.0,110,0.0,0.0,0.71978220620296,0.45122838900241474,0.0
2024-07-31 10:00:00+00:00,2024-07-31 03:46:00+00:00,2024-07-31 10:00:00+00:00,0,100000.0,100000.0,100000.0,0.0,0.0,0.0,0.0,0.0,0.0,0.0,0.0,0.0,[],[],0.0,[],0.0,0.0,0.0,0,0,0,0,0,0.0,0,0.0,0.0,0.0,,2024-07,,0.0,0.0,111,0.0,0.0,0.7317564828711967,0.44917934155550415,0.0
2024-08-01 10:00:00+00:00,2024-08-01 03:46:00+00:00,2024-08-01 10:00:00+00:00,0,100000.0,100000.0,100000.0,0.0,0.0,0.0,0.0,0.0,0.0,0.0,0.0,0.0,[],[],0.0,[],0.0,0.0,0.0,0,0,0,0,0,0.0,0,0.0,0.0,0.0,,2024-08,,0.0,0.0,112,0.0,0.0,0.6978713614303396,0.44871101918090867,0.0
2024-08-02 10:00:00+00:00,2024-08-02 03:46:00+00:00,2024-08-02 10:00:00+00:00,0,100000.0,100000.0,100000.0,0.0,0.0,0.0,0.0,0.0,0.0,0.0,0.0,0.0,[],[],0.0,[],0.0,0.0,0.0,0,0,0,0,0,0.0,0,0.0,0.0,0.0,,2024-08,,0.0,0.0,113,0.0,0.0,0.6597464915259805,0.4485986476967386,0.0
2024-08-05 10:00:00+00:00,2024-08-05 03:46:00+00:00,2024-08-05 10:00:00+00:00,0,100000.0,100000.0,100000.0,0.0,0.0,0.0,0.0,0.0,0.0,0.0,0.0,0.0,[],[],0.0,[],0.0,0.0,0.0,0,0,0,0,0,0.0,0,0.0,0.0,0.0,,2024-08,,0.0,0.0,114,0.0,0.0,0.6323579355602054,0.4477398686253481,0.0
2024-08-06 10:00:00+00:00,2024-08-06 03:46:00+00:00,2024-08-06 10:00:00+00:00,0,100000.0,100000.0,100000.0,0.0,0.0,0.0,0.0,0.0,0.0,0.0,0.0,0.0,[],[],0.0,[],0.0,0.0,0.0,0,0,0,0,0,0.0,0,0.0,0.0,0.0,,2024-08,,0.0,0.0,115,0.0,0.0,0.6345490200374673,0.4457994499481021,0.0
2024-08-07 10:00:00+00:00,2024-08-07 03:46:00+00:00,2024-08-07 10:00:00+00:00,0,100000.0,100000.0,100000.0,0.0,0.0,0.0,0.0,0.0,0.0,0.0,0.0,0.0,[],[],0.0,[],0.0,0.0,0.0,0,0,0,0,0,0.0,0,0.0,0.0,0.0,,2024-08,,0.0,0.0,116,0.0,0.0,0.7281302380613281,0.4505726241404462,0.0
2024-08-08 10:00:00+00:00,2024-08-08 03:46:00+00:00,2024-08-08 10:00:00+00:00,0,100000.0,100000.0,100000.0,0.0,0.0,0.0,0.0,0.0,0.0,0.0,0.0,0.0,[],[],0.0,[],0.0,0.0,0.0,0,0,0,0,0,0.0,0,0.0,0.0,0.0,,2024-08,,0.0,0.0,117,0.0,0.0,0.7419121594233062,0.4486458335654571,0.0
2024-08-09 10:00:00+00:00,2024-08-09 03:46:00+00:00,2024-08-09 10:00:00+00:00,0,100000.0,100000.0,100000.0,0.0,0.0,0.0,0.0,0.0,0.0,0.0,0.0,0.0,[],[],0.0,[],0.0,0.0,0.0,0,0,0,0,0,0.0,0,0.0,0.0,0.0,,2024-08,,0.0,0.0,118,0.0,0.0,0.7419121594233062,0.4467877369162755,0.0
2024-08-12 10:00:00+00:00,2024-08-12 03:46:00+00:00,2024-08-12 10:00:00+00:00,0,100000.0,100000.0,100000.0,0.0,0.0,0.0,0.0,0.0,0.0,0.0,0.0,0.0,[],[],0.0,[],0.0,0.0,0.0,0,0,0,0,0,0.0,0,0.0,0.0,0.0,,2024-08,,0.0,0.0,119,0.0,0.0,0.6748649744190884,0.4493906556194262,0.0
2024-08-13 10:00:00+00:00,2024-08-13 03:46:00+00:00,2024-08-13 10:00:00+00:00,0,100000.0,100000.0,100000.0,0.0,0.0,0.0,0.0,0.0,0.0,0.0,0.0,0.0,[],[],0.0,[],0.0,0.0,0.0,0,0,0,0,0,0.0,0,0.0,0.0,0.0,,2024-08,,0.0,0.0,120,0.0,0.0,0.6516285235377246,0.44831038790615585,0.0
2024-08-14 10:00:00+00:00,2024-08-14 03:46:00+00:00,2024-08-14 10:00:00+00:00,0,100000.0,100000.0,100000.0,0.0,0.0,0.0,0.0,0.0,0.0,0.0,0.0,0.0,[],[],0.0,[],0.0,0.0,0.0,0,0,0,0,0,0.0,0,0.0,0.0,0.0,,2024-08,,0.0,0.0,121,0.0,0.0,0.6996242290121493,0.44783392372595565,0.0
2024-08-16 10:00:00+00:00,2024-08-16 03:46:00+00:00,2024-08-16 10:00:00+00:00,0,100000.0,100000.0,100000.0,0.0,0.0,0.0,0.0,0.0,0.0,0.0,0.0,0.0,[],[],0.0,[],0.0,0.0,0.0,0,0,0,0,0,0.0,0,0.0,0.0,0.0,,2024-08,,0.0,0.0,122,0.0,0.0,0.7331478215142582,0.44649613925283055,0.0
2024-08-19 10:00:00+00:00,2024-08-19 03:46:00+00:00,2024-08-19 10:00:00+00:00,0,100000.0,100000.0,100000.0,0.0,0.0,0.0,0.0,0.0,0.0,0.0,0.0,0.0,[],[],0.0,[],0.0,0.0,0.0,0,0,0,0,0,0.0,0,0.0,0.0,0.0,,2024-08,,0.0,0.0,123,0.0,0.0,0.715619145696162,0.4451819010277655,0.0
2024-08-20 10:00:00+00:00,2024-08-20 03:46:00+00:00,2024-08-20 10:00:00+00:00,0,100000.0,100000.0,100000.0,0.0,0.0,0.0,0.0,0.0,0.0,0.0,0.0,0.0,[],[],0.0,[],0.0,0.0,0.0,0,0,0,0,0,0.0,0,0.0,0.0,0.0,,2024-08,,0.0,0.0,124,0.0,0.0,0.7090458922643759,0.4435386129870741,0.0
2024-08-21 10:00:00+00:00,2024-08-21 03:46:00+00:00,2024-08-21 10:00:00+00:00,0,100000.0,100000.0,100000.0,0.0,0.0,0.0,0.0,0.0,0.0,0.0,0.0,0.0,[],[],0.0,[],0.0,0.0,0.0,0,0,0,0,0,0.0,0,0.0,0.0,0.0,,2024-08,,0.0,0.0,125,0.0,0.0,0.7344405613558425,0.4419812843452315,0.0
2024-08-22 10:00:00+00:00,2024-08-22 03:46:00+00:00,2024-08-22 10:00:00+00:00,0,100000.0,100000.0,100000.0,0.0,0.0,0.0,0.0,0.0,0.0,0.0,0.0,0.0,[],[],0.0,[],0.0,0.0,0.0,0,0,0,0,0,0.0,0,0.0,0.0,0.0,,2024-08,,0.0,0.0,126,0.0,0.0,0.7217541822324953,0.4405428388693027,0.0
2024-08-23 10:00:00+00:00,2024-08-23 03:46:00+00:00,2024-08-23 10:00:00+00:00,0,100000.0,100000.0,100000.0,0.0,0.0,0.0,0.0,0.0,0.0,0.0,0.0,0.0,[],[],0.0,[],0.0,0.0,0.0,0,0,0,0,0,0.0,0,0.0,0.0,0.0,,2024-08,,0.0,0.0,127,0.0,0.0,0.7051676727396219,0.4392554383329148,0.0
2024-08-26 10:00:00+00:00,2024-08-26 03:46:00+00:00,2024-08-26 10:00:00+00:00,0,100000.0,100000.0,100000.0,0.0,0.0,0.0,0.0,0.0,0.0,0.0,0.0,0.0,[],[],0.0,[],0.0,0.0,0.0,0,0,0,0,0,0.0,0,0.0,0.0,0.0,,2024-08,,0.0,0.0,128,0.0,0.0,0.7123325189802687,0.43752300208677103,0.0
2024-08-27 10:00:00+00:00,2024-08-27 03:46:00+00:00,2024-08-27 10:00:00+00:00,0,100000.0,100000.0,100000.0,0.0,0.0,0.0,0.0,0.0,0.0,0.0,0.0,0.0,[],[],0.0,[],0.0,0.0,0.0,0,0,0,0,0,0.0,0,0.0,0.0,0.0,,2024-08,,0.0,0.0,129,0.0,0.0,0.7292148248775725,0.43587294388655723,0.0
2024-08-28 10:00:00+00:00,2024-08-28 03:46:00+00:00,2024-08-28 10:00:00+00:00,0,100000.0,100000.0,100000.0,0.0,0.0,0.0,0.0,0.0,0.0,0.0,0.0,0.0,[],[],0.0,[],0.0,0.0,0.0,0,0,0,0,0,0.0,0,0.0,0.0,0.0,,2024-08,,0.0,0.0,130,0.0,0.0,0.7408166171846748,0.4341899267082759,0.0
2024-08-29 10:00:00+00:00,2024-08-29 03:46:00+00:00,2024-08-29 10:00:00+00:00,0,100000.0,100000.0,100000.0,0.0,0.0,0.0,0.0,0.0,0.0,0.0,0.0,0.0,[],[],0.0,[],0.0,0.0,0.0,0,0,0,0,0,0.0,0,0.0,0.0,0.0,,2024-08,,0.0,0.0,131,0.0,0.0,0.7261363511870194,0.4328966760933325,0.0
2024-08-30 10:00:00+00:00,2024-08-30 03:46:00+00:00,2024-08-30 10:00:00+00:00,0,100000.0,100000.0,100000.0,0.0,0.0,0.0,0.0,0.0,0.0,0.0,0.0,0.0,[],[],0.0,[],0.0,0.0,0.0,0,0,0,0,0,0.0,0,0.0,0.0,0.0,,2024-08,,0.0,0.0,132,0.0,0.0,0.737529990468782,0.4312506232089624,0.0
2024-09-02 10:00:00+00:00,2024-09-02 03:46:00+00:00,2024-09-02 10:00:00+00:00,0,100000.0,100000.0,100000.0,0.0,0.0,0.0,0.0,0.0,0.0,0.0,0.0,0.0,[],[],0.0,[],0.0,0.0,0.0,0,0,0,0,0,0.0,0,0.0,0.0,0.0,,2024-09,,0.0,0.0,133,0.0,0.0,0.6893261319690176,0.4319083990703192,0.0
2024-09-03 10:00:00+00:00,2024-09-03 03:46:00+00:00,2024-09-03 10:00:00+00:00,0,100000.0,100000.0,100000.0,0.0,0.0,0.0,0.0,0.0,0.0,0.0,0.0,0.0,[],[],0.0,[],0.0,0.0,0.0,0,0,0,0,0,0.0,0,0.0,0.0,0.0,,2024-09,,0.0,0.0,134,0.0,0.0,0.7013770965939587,0.43029899562584933,0.0
2024-09-04 10:00:00+00:00,2024-09-04 03:46:00+00:00,2024-09-04 10:00:00+00:00,0,100000.0,100000.0,100000.0,0.0,0.0,0.0,0.0,0.0,0.0,0.0,0.0,0.0,[],[],0.0,[],0.0,0.0,0.0,0,0,0,0,0,0.0,0,0.0,0.0,0.0,,2024-09,,0.0,0.0,135,0.0,0.0,0.6794662518213386,0.4293349882092973,0.0
2024-09-05 10:00:00+00:00,2024-09-05 03:46:00+00:00,2024-09-05 10:00:00+00:00,0,100000.0,100000.0,100000.0,0.0,0.0,0.0,0.0,0.0,0.0,0.0,0.0,0.0,[],[],0.0,[],0.0,0.0,0.0,0,0,0,0,0,0.0,0,0.0,0.0,0.0,,2024-09,,0.0,0.0,136,0.0,0.0,0.6722356730463739,0.42789882847430283,0.0
2024-09-06 10:00:00+00:00,2024-09-06 03:46:00+00:00,2024-09-06 10:00:00+00:00,0,100000.0,100000.0,100000.0,0.0,0.0,0.0,0.0,0.0,0.0,0.0,0.0,0.0,[],[],0.0,[],0.0,0.0,0.0,0,0,0,0,0,0.0,0,0.0,0.0,0.0,,2024-09,,0.0,0.0,137,0.0,0.0,0.649305973991827,0.4270100974228008,0.0
2024-09-09 10:00:00+00:00,2024-09-09 03:46:00+00:00,2024-09-09 10:00:00+00:00,0,100000.0,100000.0,100000.0,0.0,0.0,0.0,0.0,0.0,0.0,0.0,0.0,0.0,[],[],0.0,[],0.0,0.0,0.0,0,0,0,0,0,0.0,0,0.0,0.0,0.0,,2024-09,,0.0,0.0,138,0.0,0.0,0.6645668773759568,0.4255077014778152,0.0
2024-09-10 10:00:00+00:00,2024-09-10 03:46:00+00:00,2024-09-10 10:00:00+00:00,0,100000.0,100000.0,100000.0,0.0,0.0,0.0,0.0,0.0,0.0,0.0,0.0,0.0,[],[],0.0,[],0.0,0.0,0.0,0,0,0,0,0,0.0,0,0.0,0.0,0.0,,2024-09,,0.0,0.0,139,0.0,0.0,0.6513108162885215,0.4242717992763619,0.0
2024-09-11 10:00:00+00:00,2024-09-11 03:46:00+00:00,2024-09-11 10:00:00+00:00,0,100000.0,100000.0,100000.0,0.0,0.0,0.0,0.0,0.0,0.0,0.0,0.0,0.0,[],[],0.0,[],0.0,0.0,0.0,0,0,0,0,0,0.0,0,0.0,0.0,0.0,,2024-09,,0.0,0.0,140,0.0,0.0,0.6641286604805043,0.422773568670014,0.0
2024-09-12 10:00:00+00:00,2024-09-12 03:46:00+00:00,2024-09-12 10:00:00+00:00,0,100000.0,100000.0,100000.0,0.0,0.0,0.0,0.0,0.0,0.0,0.0,0.0,0.0,[],[],0.0,[],0.0,0.0,0.0,0,0,0,0,0,0.0,0,0.0,0.0,0.0,,2024-09,,0.0,0.0,141,0.0,0.0,0.687430843896186,0.4214734414149399,0.0
2024-09-13 10:00:00+00:00,2024-09-13 03:46:00+00:00,2024-09-13 10:00:00+00:00,0,100000.0,100000.0,100000.0,0.0,0.0,0.0,0.0,0.0,0.0,0.0,0.0,0.0,[],[],0.0,[],0.0,0.0,0.0,0,0,0,0,0,0.0,0,0.0,0.0,0.0,,2024-09,,0.0,0.0,142,0.0,0.0,0.6866968305963033,0.4200189579048348,0.0
2024-09-16 10:00:00+00:00,2024-09-16 03:46:00+00:00,2024-09-16 10:00:00+00:00,0,100000.0,100000.0,100000.0,0.0,0.0,0.0,0.0,0.0,0.0,0.0,0.0,0.0,[],[],0.0,[],0.0,0.0,0.0,0,0,0,0,0,0.0,0,0.0,0.0,0.0,,2024-09,,0.0,0.0,143,0.0,0.0,0.7024835942549763,0.4185971466463128,0.0
2024-09-17 10:00:00+00:00,2024-09-17 03:46:00+00:00,2024-09-17 10:00:00+00:00,0,100000.0,100000.0,100000.0,0.0,0.0,0.0,0.0,0.0,0.0,0.0,0.0,0.0,[],[],0.0,[],0.0,0.0,0.0,0,0,0,0,0,0.0,0,0.0,0.0,0.0,,2024-09,,0.0,0.0,144,0.0,0.0,0.7238576233306673,0.4172819487386405,0.0
2024-09-18 10:00:00+00:00,2024-09-18 03:46:00+00:00,2024-09-18 10:00:00+00:00,0,100000.0,100000.0,100000.0,0.0,0.0,0.0,0.0,0.0,0.0,0.0,0.0,0.0,[],[],0.0,[],0.0,0.0,0.0,0,0,0,0,0,0.0,0,0.0,0.0,0.0,,2024-09,,0.0,0.0,145,0.0,0.0,0.7022535303848636,0.4164101983520077,0.0
2024-09-19 10:00:00+00:00,2024-09-19 03:46:00+00:00,2024-09-19 10:00:00+00:00,0,100000.0,100000.0,100000.0,0.0,0.0,0.0,0.0,0.0,0.0,0.0,0.0,0.0,[],[],0.0,[],0.0,0.0,0.0,0,0,0,0,0,0.0,0,0.0,0.0,0.0,,2024-09,,0.0,0.0,146,0.0,0.0,0.6487910691396703,0.4175728655785671,0.0
2024-09-20 10:00:00+00:00,2024-09-20 03:46:00+00:00,2024-09-20 10:00:00+00:00,0,100000.0,100000.0,100000.0,0.0,0.0,0.0,0.0,0.0,0.0,0.0,0.0,0.0,[],[],0.0,[],0.0,0.0,0.0,0,0,0,0,0,0.0,0,0.0,0.0,0.0,,2024-09,,0.0,0.0,147,0.0,0.0,0.6967758191917088,0.4174600322230877,0.0
2024-09-23 10:00:00+00:00,2024-09-23 03:46:00+00:00,2024-09-23 10:00:00+00:00,0,100000.0,100000.0,100000.0,0.0,0.0,0.0,0.0,0.0,0.0,0.0,0.0,0.0,[],[],0.0,[],0.0,0.0,0.0,0,0,0,0,0,0.0,0,0.0,0.0,0.0,,2024-09,,0.0,0.0,148,0.0,0.0,0.7408166171846753,0.41702802850149717,0.0
2024-09-24 10:00:00+00:00,2024-09-24 03:46:00+00:00,2024-09-24 10:00:00+00:00,0,100000.0,100000.0,100000.0,0.0,0.0,0.0,0.0,0.0,0.0,0.0,0.0,0.0,[],[],0.0,[],0.0,0.0,0.0,0,0,0,0,0,0.0,0,0.0,0.0,0.0,,2024-09,,0.0,0.0,149,0.0,0.0,0.7693007153890816,0.4159229955107222,0.0
2024-09-25 10:00:00+00:00,2024-09-25 03:46:00+00:00,2024-09-25 10:00:00+00:00,0,100000.0,100000.0,100000.0,0.0,0.0,0.0,0.0,0.0,0.0,0.0,0.0,0.0,[],[],0.0,[],0.0,0.0,0.0,0,0,0,0,0,0.0,0,0.0,0.0,0.0,,2024-09,,0.0,0.0,150,0.0,0.0,0.7912115601617018,0.41466148108277406,0.0
2024-09-26 10:00:00+00:00,2024-09-26 03:46:00+00:00,2024-09-26 10:00:00+00:00,0,100000.0,100000.0,100000.0,0.0,0.0,0.0,0.0,0.0,0.0,0.0,0.0,0.0,[],[],0.0,[],0.0,0.0,0.0,0,0,0,0,0,0.0,0,0.0,0.0,0.0,,2024-09,,0.0,0.0,151,0.0,0.0,0.7747784265822368,0.4136395364705077,0.0
2024-09-27 10:00:00+00:00,2024-09-27 03:46:00+00:00,2024-09-27 10:00:00+00:00,0,100000.0,100000.0,100000.0,0.0,0.0,0.0,0.0,0.0,0.0,0.0,0.0,0.0,[],[],0.0,[],0.0,0.0,0.0,0,0,0,0,0,0.0,0,0.0,0.0,0.0,,2024-09,,0.0,0.0,152,0.0,0.0,0.7802561377753918,0.4122698273701587,0.0
2024-09-30 10:00:00+00:00,2024-09-30 03:46:00+00:00,2024-09-30 10:00:00+00:00,0,100000.0,100000.0,100000.0,0.0,0.0,0.0,0.0,0.0,0.0,0.0,0.0,0.0,[],[],0.0,[],0.0,0.0,0.0,0,0,0,0,0,0.0,0,0.0,0.0,0.0,,2024-09,,0.0,0.0,153,0.0,0.0,0.7693007153890816,0.41112347927643234,0.0
2024-10-01 10:00:00+00:00,2024-10-01 03:46:00+00:00,2024-10-01 10:00:00+00:00,0,100000.0,100000.0,100000.0,0.0,0.0,0.0,0.0,0.0,0.0,0.0,0.0,0.0,[],[],0.0,[],0.0,0.0,0.0,0,0,0,0,0,0.0,0,0.0,0.0,0.0,,2024-10,,0.0,0.0,154,0.0,0.0,0.8098357782184289,0.4104861284359254,0.0
2024-10-03 10:00:00+00:00,2024-10-03 03:46:00+00:00,2024-10-03 10:00:00+00:00,0,100000.0,100000.0,100000.0,0.0,0.0,0.0,0.0,0.0,0.0,0.0,0.0,0.0,[],[],0.0,[],0.0,0.0,0.0,0,0,0,0,0,0.0,0,0.0,0.0,0.0,,2024-10,,0.0,0.0,155,0.0,0.0,0.7723463228124756,0.41038147969845234,0.0
2024-10-04 10:00:00+00:00,2024-10-04 03:46:00+00:00,2024-10-04 10:00:00+00:00,0,100000.0,100000.0,100000.0,0.0,0.0,0.0,0.0,0.0,0.0,0.0,0.0,0.0,[],[],0.0,[],0.0,0.0,0.0,0,0,0,0,0,0.0,0,0.0,0.0,0.0,,2024-10,,0.0,0.0,156,0.0,0.0,0.7419121594233062,0.40994196207514827,0.0
2024-10-07 10:00:00+00:00,2024-10-07 03:46:00+00:00,2024-10-07 10:00:00+00:00,0,100000.0,100000.0,100000.0,0.0,0.0,0.0,0.0,0.0,0.0,0.0,0.0,0.0,[],[],0.0,[],0.0,0.0,0.0,0,0,0,0,0,0.0,0,0.0,0.0,0.0,,2024-10,,0.0,0.0,157,0.0,0.0,0.6967758191917086,0.41036681048986257,0.0
2024-10-08 10:00:00+00:00,2024-10-08 03:46:00+00:00,2024-10-08 10:00:00+00:00,0,100000.0,100000.0,100000.0,0.0,0.0,0.0,0.0,0.0,0.0,0.0,0.0,0.0,[],[],0.0,[],0.0,0.0,0.0,0,0,0,0,0,0.0,0,0.0,0.0,0.0,,2024-10,,0.0,0.0,158,0.0,0.0,0.7791605955367606,0.412960986723913,0.0
2024-10-09 10:00:00+00:00,2024-10-09 03:46:00+00:00,2024-10-09 10:00:00+00:00,0,100000.0,100000.0,100000.0,0.0,0.0,0.0,0.0,0.0,0.0,0.0,0.0,0.0,[],[],0.0,[],0.0,0.0,0.0,0,0,0,0,0,0.0,0,0.0,0.0,0.0,,2024-10,,0.0,0.0,159,0.0,0.0,0.8540628183919627,0.4144390822684341,0.0
2024-10-10 10:00:00+00:00,2024-10-10 03:46:00+00:00,2024-10-10 10:00:00+00:00,0,100000.0,100000.0,100000.0,0.0,0.0,0.0,0.0,0.0,0.0,0.0,0.0,0.0,[],[],0.0,[],0.0,0.0,0.0,0,0,0,0,0,0.0,0,0.0,0.0,0.0,,2024-10,,0.0,0.0,160,0.0,0.0,0.8624218056727173,0.41313391145874584,0.0
2024-10-11 10:00:00+00:00,2024-10-11 03:46:00+00:00,2024-10-11 10:00:00+00:00,0,100000.0,100000.0,100000.0,0.0,0.0,0.0,0.0,0.0,0.0,0.0,0.0,0.0,[],[],0.0,[],0.0,0.0,0.0,0,0,0,0,0,0.0,0,0.0,0.0,0.0,,2024-10,,0.0,0.0,161,0.0,0.0,0.8720078002607385,0.4118424512355654,0.0
2024-10-14 10:00:00+00:00,2024-10-14 03:46:00+00:00,2024-10-14 10:00:00+00:00,0,100000.0,100000.0,100000.0,0.0,0.0,0.0,0.0,0.0,0.0,0.0,0.0,0.0,[],[],0.0,[],0.0,0.0,0.0,0,0,0,0,0,0.0,0,0.0,0.0,0.0,,2024-10,,0.0,0.0,162,0.0,0.0,0.8760065294317416,0.41056977683885737,0.0
2024-10-15 10:00:00+00:00,2024-10-15 03:46:00+00:00,2024-10-15 10:00:00+00:00,0,100000.0,100000.0,100000.0,0.0,0.0,0.0,0.0,0.0,0.0,0.0,0.0,0.0,[],[],0.0,[],0.0,0.0,0.0,0,0,0,0,0,0.0,0,0.0,0.0,0.0,,2024-10,,0.0,0.0,163,0.0,0.0,0.8911250123248495,0.40932845183943195,0.0
2024-10-16 10:00:00+00:00,2024-10-16 03:46:00+00:00,2024-10-16 10:00:00+00:00,0,100000.0,100000.0,100000.0,0.0,0.0,0.0,0.0,0.0,0.0,0.0,0.0,0.0,[],[],0.0,[],0.0,0.0,0.0,0,0,0,0,0,0.0,0,0.0,0.0,0.0,,2024-10,,0.0,0.0,164,0.0,0.0,0.9171989176042674,0.40824235946972415,0.0
2024-10-17 10:00:00+00:00,2024-10-17 03:46:00+00:00,2024-10-17 10:00:00+00:00,0,100000.0,100000.0,100000.0,0.0,0.0,0.0,0.0,0.0,0.0,0.0,0.0,0.0,[],[],0.0,[],0.0,0.0,0.0,0,0,0,0,0,0.0,0,0.0,0.0,0.0,,2024-10,,0.0,0.0,165,0.0,0.0,0.9062873169075027,0.40718315337913985,0.0
2024-10-18 10:00:00+00:00,2024-10-18 03:46:00+00:00,2024-10-18 10:00:00+00:00,0,100000.0,100000.0,100000.0,0.0,0.0,0.0,0.0,0.0,0.0,0.0,0.0,0.0,[],[],0.0,[],0.0,0.0,0.0,0,0,0,0,0,0.0,0,0.0,0.0,0.0,,2024-10,,0.0,0.0,166,0.0,0.0,0.9233339541406009,0.40598870679843674,0.0
2024-10-21 10:00:00+00:00,2024-10-21 03:46:00+00:00,2024-10-21 10:00:00+00:00,0,100000.0,100000.0,100000.0,0.0,0.0,0.0,0.0,0.0,0.0,0.0,0.0,0.0,[],[],0.0,[],0.0,0.0,0.0,0,0,0,0,0,0.0,0,0.0,0.0,0.0,,2024-10,,0.0,0.0,167,0.0,0.0,0.8157517063070356,0.41146497703011553,0.0
2024-10-22 10:00:00+00:00,2024-10-22 03:46:00+00:00,2024-10-22 10:00:00+00:00,0,100000.0,100000.0,100000.0,0.0,0.0,0.0,0.0,0.0,0.0,0.0,0.0,0.0,[],[],0.0,[],0.0,0.0,0.0,0,0,0,0,0,0.0,0,0.0,0.0,0.0,,2024-10,,0.0,0.0,168,0.0,0.0,0.7958128375639513,0.4106363553130649,0.0
2024-10-23 10:00:00+00:00,2024-10-23 03:46:00+00:00,2024-10-23 10:00:00+00:00,0,100000.0,100000.0,100000.0,0.0,0.0,0.0,0.0,0.0,0.0,0.0,0.0,0.0,[],[],0.0,[],0.0,0.0,0.0,0,0,0,0,0,0.0,0,0.0,0.0,0.0,,2024-10,,0.0,0.0,169,0.0,0.0,0.6884496981781123,0.4167147303301874,0.0
2024-10-24 10:00:00+00:00,2024-10-24 03:46:00+00:00,2024-10-24 10:00:00+00:00,0,100000.0,100000.0,100000.0,0.0,0.0,0.0,0.0,0.0,0.0,0.0,0.0,0.0,[],[],0.0,[],0.0,0.0,0.0,0,0,0,0,0,0.0,0,0.0,0.0,0.0,,2024-10,,0.0,0.0,170,0.0,0.0,0.6781406457125945,0.41564267813621547,0.0
2024-10-25 10:00:00+00:00,2024-10-25 03:46:00+00:00,2024-10-25 10:00:00+00:00,0,100000.0,100000.0,100000.0,0.0,0.0,0.0,0.0,0.0,0.0,0.0,0.0,0.0,[],[],0.0,[],0.0,0.0,0.0,0,0,0,0,0,0.0,0,0.0,0.0,0.0,,2024-10,,0.0,0.0,171,0.0,0.0,0.6505220258767068,0.4151180979121968,0.0
2024-10-28 10:00:00+00:00,2024-10-28 03:46:00+00:00,2024-10-28 10:00:00+00:00,0,100000.0,100000.0,100000.0,0.0,0.0,0.0,0.0,0.0,0.0,0.0,0.0,0.0,[],[],0.0,[],0.0,0.0,0.0,0,0,0,0,0,0.0,0,0.0,0.0,0.0,,2024-10,,0.0,0.0,172,0.0,0.0,0.6082231400431637,0.4153780738320842,0.0
2024-10-29 10:00:00+00:00,2024-10-29 03:46:00+00:00,2024-10-29 10:00:00+00:00,0,100000.0,100000.0,100000.0,0.0,0.0,0.0,0.0,0.0,0.0,0.0,0.0,0.0,[],[],0.0,[],0.0,0.0,0.0,0,0,0,0,0,0.0,0,0.0,0.0,0.0,,2024-10,,0.0,0.0,173,0.0,0.0,0.6353378104492813,0.4145014466828328,0.0
2024-10-30 10:00:00+00:00,2024-10-30 03:46:00+00:00,2024-10-30 10:00:00+00:00,0,100000.0,100000.0,100000.0,0.0,0.0,0.0,0.0,0.0,0.0,0.0,0.0,0.0,[],[],0.0,[],0.0,0.0,0.0,0,0,0,0,0,0.0,0,0.0,0.0,0.0,,2024-10,,0.0,0.0,174,0.0,0.0,0.6341327139867872,0.41332865754626086,0.0
2024-10-31 10:00:00+00:00,2024-10-31 03:46:00+00:00,2024-10-31 10:00:00+00:00,0,100000.0,100000.0,100000.0,0.0,0.0,0.0,0.0,0.0,0.0,0.0,0.0,0.0,[],[],0.0,[],0.0,0.0,0.0,0,0,0,0,0,0.0,0,0.0,0.0,0.0,,2024-10,,0.0,0.0,175,0.0,0.0,0.6301339848157841,0.4121941582080486,0.0
2024-11-04 10:00:00+00:00,2024-11-04 03:46:00+00:00,2024-11-04 10:00:00+00:00,0,100000.0,100000.0,100000.0,0.0,0.0,0.0,0.0,0.0,0.0,0.0,0.0,0.0,[],[],0.0,[],0.0,0.0,0.0,0,0,0,0,0,0.0,0,0.0,0.0,0.0,,2024-11,,0.0,0.0,176,0.0,0.0,0.6060649218330607,0.41157211562233864,0.0
2024-11-05 10:00:00+00:00,2024-11-05 03:46:00+00:00,2024-11-05 10:00:00+00:00,0,100000.0,100000.0,100000.0,0.0,0.0,0.0,0.0,0.0,0.0,0.0,0.0,0.0,[],[],0.0,[],0.0,0.0,0.0,0,0,0,0,0,0.0,0,0.0,0.0,0.0,,2024-11,,0.0,0.0,177,0.0,0.0,0.5622432322878204,0.41199191141707425,0.0
2024-11-06 10:00:00+00:00,2024-11-06 03:46:00+00:00,2024-11-06 10:00:00+00:00,0,100000.0,100000.0,100000.0,0.0,0.0,0.0,0.0,0.0,0.0,0.0,0.0,0.0,[],[],0.0,[],0.0,0.0,0.0,0,0,0,0,0,0.0,0,0.0,0.0,0.0,,2024-11,,0.0,0.0,178,0.0,0.0,0.5705693533014162,0.4108369863792038,0.0
2024-11-07 10:00:00+00:00,2024-11-07 03:46:00+00:00,2024-11-07 10:00:00+00:00,0,100000.0,100000.0,100000.0,0.0,0.0,0.0,0.0,0.0,0.0,0.0,0.0,0.0,[],[],0.0,[],0.0,0.0,0.0,0,0,0,0,0,0.0,0,0.0,0.0,0.0,,2024-11,,0.0,0.0,179,0.0,0.0,0.5297165832228659,0.411112024523346,0.0
2024-11-08 10:00:00+00:00,2024-11-08 03:46:00+00:00,2024-11-08 10:00:00+00:00,0,100000.0,100000.0,100000.0,0.0,0.0,0.0,0.0,0.0,0.0,0.0,0.0,0.0,[],[],0.0,[],0.0,0.0,0.0,0,0,0,0,0,0.0,0,0.0,0.0,0.0,,2024-11,,0.0,0.0,180,0.0,0.0,0.5360816836293121,0.4099656604480493,0.0
2024-11-11 10:00:00+00:00,2024-11-11 03:46:00+00:00,2024-11-11 10:00:00+00:00,0,100000.0,100000.0,100000.0,0.0,0.0,0.0,0.0,0.0,0.0,0.0,0.0,0.0,[],[],0.0,[],0.0,0.0,0.0,0,0,0,0,0,0.0,0,0.0,0.0,0.0,,2024-11,,0.0,0.0,181,0.0,0.0,0.5830585348218098,0.41014533417083104,0.0
2024-11-12 10:00:00+00:00,2024-11-12 03:46:00+00:00,2024-11-12 10:00:00+00:00,0,100000.0,100000.0,100000.0,0.0,0.0,0.0,0.0,0.0,0.0,0.0,0.0,0.0,[],[],0.0,[],0.0,0.0,0.0,0,0,0,0,0,0.0,0,0.0,0.0,0.0,,2024-11,,0.0,0.0,182,0.0,0.0,0.5204592513064339,0.4120444613866557,0.0
2024-11-13 10:00:00+00:00,2024-11-13 03:46:00+00:00,2024-11-13 10:00:00+00:00,0,100000.0,100000.0,100000.0,0.0,0.0,0.0,0.0,0.0,0.0,0.0,0.0,0.0,[],[],0.0,[],0.0,0.0,0.0,0,0,0,0,0,0.0,0,0.0,0.0,0.0,,2024-11,,0.0,0.0,183,0.0,0.0,0.49431961349269793,0.4115692461408656,0.0
2024-11-14 10:00:00+00:00,2024-11-14 03:46:00+00:00,2024-11-14 10:00:00+00:00,0,100000.0,100000.0,100000.0,0.0,0.0,0.0,0.0,0.0,0.0,0.0,0.0,0.0,[],[],0.0,[],0.0,0.0,0.0,0,0,0,0,0,0.0,0,0.0,0.0,0.0,,2024-11,,0.0,0.0,184,0.0,0.0,0.46530965501374877,0.4112457166457647,0.0
2024-11-18 10:00:00+00:00,2024-11-18 03:46:00+00:00,2024-11-18 10:00:00+00:00,0,100000.0,100000.0,100000.0,0.0,0.0,0.0,0.0,0.0,0.0,0.0,0.0,0.0,[],[],0.0,[],0.0,0.0,0.0,0,0,0,0,0,0.0,0,0.0,0.0,0.0,,2024-11,,0.0,0.0,185,0.0,0.0,0.45159346618608853,0.41035669112215645,0.0
2024-11-19 10:00:00+00:00,2024-11-19 03:46:00+00:00,2024-11-19 10:00:00+00:00,0,100000.0,100000.0,100000.0,0.0,0.0,0.0,0.0,0.0,0.0,0.0,0.0,0.0,[],[],0.0,[],0.0,0.0,0.0,0,0,0,0,0,0.0,0,0.0,0.0,0.0,,2024-11,,0.0,0.0,186,0.0,0.0,0.4691221420041849,0.4094027701312312,0.0
2024-11-21 10:00:00+00:00,2024-11-21 03:46:00+00:00,2024-11-21 10:00:00+00:00,0,100000.0,100000.0,100000.0,0.0,0.0,0.0,0.0,0.0,0.0,0.0,0.0,0.0,[],[],0.0,[],0.0,0.0,0.0,0,0,0,0,0,0.0,0,0.0,0.0,0.0,,2024-11,,0.0,0.0,187,0.0,0.0,0.479299729401067,0.4083345908475817,0.0
2024-11-22 10:00:00+00:00,2024-11-22 03:46:00+00:00,2024-11-22 10:00:00+00:00,0,100000.0,100000.0,100000.0,0.0,0.0,0.0,0.0,0.0,0.0,0.0,0.0,0.0,[],[],0.0,[],0.0,0.0,0.0,0,0,0,0,0,0.0,0,0.0,0.0,0.0,,2024-11,,0.0,0.0,188,0.0,0.0,0.5140393737880564,0.4079706646896147,0.0
2024-11-25 10:00:00+00:00,2024-11-25 03:46:00+00:00,2024-11-25 10:00:00+00:00,0,100000.0,100000.0,100000.0,0.0,0.0,0.0,0.0,0.0,0.0,0.0,0.0,0.0,[],[],0.0,[],0.0,0.0,0.0,0,0,0,0,0,0.0,0,0.0,0.0,0.0,,2024-11,,0.0,0.0,189,0.0,0.0,0.5889854183328038,0.41048239989464635,0.0
2024-11-26 10:00:00+00:00,2024-11-26 03:46:00+00:00,2024-11-26 10:00:00+00:00,0,100000.0,100000.0,100000.0,0.0,0.0,0.0,0.0,0.0,0.0,0.0,0.0,0.0,[],[],0.0,[],0.0,0.0,0.0,0,0,0,0,0,0.0,0,0.0,0.0,0.0,,2024-11,,0.0,0.0,190,0.0,0.0,0.6104470907875854,0.4095812456170361,0.0
2024-11-27 10:00:00+00:00,2024-11-27 03:46:00+00:00,2024-11-27 10:00:00+00:00,0,100000.0,100000.0,100000.0,0.0,0.0,0.0,0.0,0.0,0.0,0.0,0.0,0.0,[],[],0.0,[],0.0,0.0,0.0,0,0,0,0,0,0.0,0,0.0,0.0,0.0,,2024-11,,0.0,0.0,191,0.0,0.0,0.6432804916793569,0.40899895080281395,0.0
2024-11-28 10:00:00+00:00,2024-11-28 03:46:00+00:00,2024-11-28 10:00:00+00:00,0,100000.0,100000.0,100000.0,0.0,0.0,0.0,0.0,0.0,0.0,0.0,0.0,0.0,[],[],0.0,[],0.0,0.0,0.0,0,0,0,0,0,0.0,0,0.0,0.0,0.0,,2024-11,,0.0,0.0,192,0.0,0.0,0.624250922994336,0.4082655209970434,0.0
2024-11-29 10:00:00+00:00,2024-11-29 03:46:00+00:00,2024-11-29 10:00:00+00:00,0,100000.0,100000.0,100000.0,0.0,0.0,0.0,0.0,0.0,0.0,0.0,0.0,0.0,[],[],0.0,[],0.0,0.0,0.0,0,0,0,0,0,0.0,0,0.0,0.0,0.0,,2024-11,,0.0,0.0,193,0.0,0.0,0.6220598385170739,0.4072292903485146,0.0
2024-12-02 10:00:00+00:00,2024-12-02 03:46:00+00:00,2024-12-02 10:00:00+00:00,0,100000.0,100000.0,100000.0,0.0,0.0,0.0,0.0,0.0,0.0,0.0,0.0,0.0,[],[],0.0,[],0.0,0.0,0.0,0,0,0,0,0,0.0,0,0.0,0.0,0.0,,2024-12,,0.0,0.0,194,0.0,0.0,0.6389202335696051,0.4062643057444494,0.0
2024-12-03 10:00:00+00:00,2024-12-03 03:46:00+00:00,2024-12-03 10:00:00+00:00,0,100000.0,100000.0,100000.0,0.0,0.0,0.0,0.0,0.0,0.0,0.0,0.0,0.0,[],[],0.0,[],0.0,0.0,0.0,0,0,0,0,0,0.0,0,0.0,0.0,0.0,,2024-12,,0.0,0.0,195,0.0,0.0,0.6499304330678468,0.4052394500377768,0.0
2024-12-04 10:00:00+00:00,2024-12-04 03:46:00+00:00,2024-12-04 10:00:00+00:00,0,100000.0,100000.0,100000.0,0.0,0.0,0.0,0.0,0.0,0.0,0.0,0.0,0.0,[],[],0.0,[],0.0,0.0,0.0,0,0,0,0,0,0.0,0,0.0,0.0,0.0,,2024-12,,0.0,0.0,196,0.0,0.0,0.6772751673440769,0.4044965818666773,0.0
2024-12-05 10:00:00+00:00,2024-12-05 03:46:00+00:00,2024-12-05 10:00:00+00:00,0,100000.0,100000.0,100000.0,0.0,0.0,0.0,0.0,0.0,0.0,0.0,0.0,0.0,[],[],0.0,[],0.0,0.0,0.0,0,0,0,0,0,0.0,0,0.0,0.0,0.0,,2024-12,,0.0,0.0,197,0.0,0.0,0.643751574841968,0.40429746021178875,0.0
2024-12-06 10:00:00+00:00,2024-12-06 03:46:00+00:00,2024-12-06 10:00:00+00:00,0,100000.0,100000.0,100000.0,0.0,0.0,0.0,0.0,0.0,0.0,0.0,0.0,0.0,[],[],0.0,[],0.0,0.0,0.0,0,0,0,0,0,0.0,0,0.0,0.0,0.0,,2024-12,,0.0,0.0,198,0.0,0.0,0.6531732380941946,0.4032831576754849,0.0
2024-12-09 10:00:00+00:00,2024-12-09 03:46:00+00:00,2024-12-09 10:00:00+00:00,0,100000.0,100000.0,100000.0,0.0,0.0,0.0,0.0,0.0,0.0,0.0,0.0,0.0,[],[],0.0,[],0.0,0.0,0.0,0,0,0,0,0,0.0,0,0.0,0.0,0.0,,2024-12,,0.0,0.0,199,0.0,0.0,0.6625839459240348,0.40227609738840553,0.0
2024-12-10 10:00:00+00:00,2024-12-10 03:46:00+00:00,2024-12-10 10:00:00+00:00,0,100000.0,100000.0,100000.0,0.0,0.0,0.0,0.0,0.0,0.0,0.0,0.0,0.0,[],[],0.0,[],0.0,0.0,0.0,0,0,0,0,0,0.0,0,0.0,0.0,0.0,,2024-12,,0.0,0.0,200,0.0,0.0,0.6853274027980145,0.4014473204918193,0.0
2024-12-11 10:00:00+00:00,2024-12-11 03:46:00+00:00,2024-12-11 10:00:00+00:00,0,100000.0,100000.0,100000.0,0.0,0.0,0.0,0.0,0.0,0.0,0.0,0.0,0.0,[],[],0.0,[],0.0,0.0,0.0,0,0,0,0,0,0.0,0,0.0,0.0,0.0,,2024-12,,0.0,0.0,201,0.0,0.0,0.6923607839700257,0.40044486783764605,0.0
2024-12-12 10:00:00+00:00,2024-12-12 03:46:00+00:00,2024-12-12 10:00:00+00:00,0,100000.0,100000.0,100000.0,0.0,0.0,0.0,0.0,0.0,0.0,0.0,0.0,0.0,[],[],0.0,[],0.0,0.0,0.0,0,0,0,0,0,0.0,0,0.0,0.0,0.0,,2024-12,,0.0,0.0,202,0.0,0.0,0.6809452338434905,0.3995938089506136,0.0
2024-12-13 10:00:00+00:00,2024-12-13 03:46:00+00:00,2024-12-13 10:00:00+00:00,0,100000.0,100000.0,100000.0,0.0,0.0,0.0,0.0,0.0,0.0,0.0,0.0,0.0,[],[],0.0,[],0.0,0.0,0.0,0,0,0,0,0,0.0,0,0.0,0.0,0.0,,2024-12,,0.0,0.0,203,0.0,0.0,0.6895452404167439,0.3986112233925422,0.0
2024-12-16 10:00:00+00:00,2024-12-16 03:46:00+00:00,2024-12-16 10:00:00+00:00,0,100000.0,100000.0,100000.0,0.0,0.0,0.0,0.0,0.0,0.0,0.0,0.0,0.0,[],[],0.0,[],0.0,0.0,0.0,0,0,0,0,0,0.0,0,0.0,0.0,0.0,,2024-12,,0.0,0.0,204,0.0,0.0,0.7276262886315579,0.3982269775376313,0.0
2024-12-17 10:00:00+00:00,2024-12-17 03:46:00+00:00,2024-12-17 10:00:00+00:00,0,100000.0,100000.0,100000.0,0.0,0.0,0.0,0.0,0.0,0.0,0.0,0.0,0.0,[],[],0.0,[],0.0,0.0,0.0,0,0,0,0,0,0.0,0,0.0,0.0,0.0,,2024-12,,0.0,0.0,205,0.0,0.0,0.7090458922643759,0.397542125096787,0.0
2024-12-18 10:00:00+00:00,2024-12-18 03:46:00+00:00,2024-12-18 10:00:00+00:00,0,100000.0,100000.0,100000.0,0.0,0.0,0.0,0.0,0.0,0.0,0.0,0.0,0.0,[],[],0.0,[],0.0,0.0,0.0,0,0,0,0,0,0.0,0,0.0,0.0,0.0,,2024-12,,0.0,0.0,206,0.0,0.0,0.6791375891497493,0.39721440193335716,0.0
2024-12-19 10:00:00+00:00,2024-12-19 03:46:00+00:00,2024-12-19 10:00:00+00:00,0,100000.0,100000.0,100000.0,0.0,0.0,0.0,0.0,0.0,0.0,0.0,0.0,0.0,[],[],0.0,[],0.0,0.0,0.0,0,0,0,0,0,0.0,0,0.0,0.0,0.0,,2024-12,,0.0,0.0,207,0.0,0.0,0.6089133316535016,0.3992998661740564,0.0
2024-12-20 10:00:00+00:00,2024-12-20 03:46:00+00:00,2024-12-20 10:00:00+00:00,0,100000.0,100000.0,100000.0,0.0,0.0,0.0,0.0,0.0,0.0,0.0,0.0,0.0,[],[],0.0,[],0.0,0.0,0.0,0,0,0,0,0,0.0,0,0.0,0.0,0.0,,2024-12,,0.0,0.0,208,0.0,0.0,0.5206126272198421,0.4033299864517813,0.0
2024-12-23 10:00:00+00:00,2024-12-23 03:46:00+00:00,2024-12-23 10:00:00+00:00,0,100000.0,100000.0,100000.0,0.0,0.0,0.0,0.0,0.0,0.0,0.0,0.0,0.0,[],[],0.0,[],0.0,0.0,0.0,0,0,0,0,0,0.0,0,0.0,0.0,0.0,,2024-12,,0.0,0.0,209,0.0,0.0,0.5206126272198421,0.402367453246451,0.0
2024-12-24 10:00:00+00:00,2024-12-24 03:46:00+00:00,2024-12-24 10:00:00+00:00,0,100000.0,100000.0,100000.0,0.0,0.0,0.0,0.0,0.0,0.0,0.0,0.0,0.0,[],[],0.0,[],0.0,0.0,0.0,0,0,0,0,0,0.0,0,0.0,0.0,0.0,,2024-12,,0.0,0.0,210,0.0,0.0,0.5096572048335319,0.4015394212909822,0.0
2024-12-26 10:00:00+00:00,2024-12-26 03:46:00+00:00,2024-12-26 10:00:00+00:00,0,100000.0,100000.0,100000.0,0.0,0.0,0.0,0.0,0.0,0.0,0.0,0.0,0.0,[],[],0.0,[],0.0,0.0,0.0,0,0,0,0,0,0.0,0,0.0,0.0,0.0,,2024-12,,0.0,0.0,211,0.0,0.0,0.5183777210530349,0.40060046136934985,0.0
2024-12-27 10:00:00+00:00,2024-12-27 03:46:00+00:00,2024-12-27 10:00:00+00:00,0,100000.0,100000.0,100000.0,0.0,0.0,0.0,0.0,0.0,0.0,0.0,0.0,0.0,[],[],0.0,[],0.0,0.0,0.0,0,0,0,0,0,0.0,0,0.0,0.0,0.0,,2024-12,,0.0,0.0,212,0.0,0.0,0.5011119753722102,0.399927746668951,0.0
2024-12-30 10:00:00+00:00,2024-12-30 03:46:00+00:00,2024-12-30 10:00:00+00:00,0,100000.0,100000.0,100000.0,0.0,0.0,0.0,0.0,0.0,0.0,0.0,0.0,0.0,[],[],0.0,[],0.0,0.0,0.0,0,0,0,0,0,0.0,0,0.0,0.0,0.0,,2024-12,,0.0,0.0,213,0.0,0.0,0.4834408790630922,0.3992740567375627,0.0
2024-12-31 10:00:00+00:00,2024-12-31 03:46:00+00:00,2024-12-31 10:00:00+00:00,0,100000.0,100000.0,100000.0,0.0,0.0,0.0,0.0,0.0,0.0,0.0,0.0,0.0,[],[],0.0,[],0.0,0.0,0.0,0,0,0,0,0,0.0,0,0.0,0.0,0.0,,2024-12,,0.0,0.0,214,0.0,0.0,0.5151239606043008,0.39887974297743084,0.0
2025-01-01 10:00:00+00:00,2025-01-01 03:46:00+00:00,2025-01-01 10:00:00+00:00,0,100000.0,100000.0,100000.0,0.0,0.0,0.0,0.0,0.0,0.0,0.0,0.0,0.0,[],[],0.0,[],0.0,0.0,0.0,0,0,0,0,0,0.0,0,0.0,0.0,0.0,,2025-01,,0.0,0.0,215,0.0,0.0,0.5144775906835086,0.3979572856084104,0.0
