,sid,symbol,price,order_id,amount,commission,dt,txn_dollars
2024-03-05 10:00:00+00:00,Equity(61 [HDFCBANK]),Equity(61 [HDFCBANK]),1439.2000000011126,1483436568f0419e88e06101ee3b4c8d,162,,2024-03-05 10:00:00+00:00,-233150.40000018023
2024-03-05 10:00:00+00:00,Equity(74 [ITC]),Equity(74 [ITC]),406.5000000206827,5c263321d0b843d2a6e9397edcdf0df5,690,,2024-03-05 10:00:00+00:00,-280485.00001427106
2024-03-05 10:00:00+00:00,Equity(12 [ASIANPAINT]),Equity(12 [ASIANPAINT]),2819.0000003678956,4c7c214fda5240c391a31efebfd9be2e,84,,2024-03-05 10:00:00+00:00,-236796.00003090323
2024-03-05 10:00:00+00:00,Equity(89 [MARUTI]),Equity(89 [MARUTI]),11682.000000503762,e77c887b402d428cbc9377255b6fa172,21,,2024-03-05 10:00:00+00:00,-245322.000010579
2024-03-05 10:00:00+00:00,Equity(95 [NESTLEIND]),Equity(95 [NESTLEIND]),2536.500002172965,42e08950d468410487e19181abcb1ebc,99,,2024-03-05 10:00:00+00:00,-251113.50021512355
2024-03-05 10:00:00+00:00,Equity(127 [ULTRACEMCO]),Equity(127 [ULTRACEMCO]),375.0007062434415,d274c5e11b004948922a8d46be8a88d0,501,,2024-03-05 10:00:00+00:00,-187875.3538279642
2024-03-05 10:00:00+00:00,Equity(123 [TITAN]),Equity(123 [TITAN]),3750.0500003062275,6f1f10a5870b44b091b76c20084d4a91,66,,2024-03-05 10:00:00+00:00,-247503.30002021103
2024-03-05 10:00:00+00:00,Equity(56 [GRASIM]),Equity(56 [GRASIM]),2225.300001282972,7ada185af6fc4dd39a6dccbd3d4b5e90,96,,2024-03-05 10:00:00+00:00,-213628.8001231653
2024-03-05 10:00:00+00:00,Equity(96 [NIFTY]),Equity(96 [NIFTY]),5692.000000387217,64b257bc74724251a4ee8e62eb15ee49,28,,2024-03-05 10:00:00+00:00,-159376.00001084208
2024-03-05 10:00:00+00:00,Equity(18 [BANKNIFTY]),Equity(18 [BANKNIFTY]),3328.0000000340165,581f1ffb84e94c0792016dedbe9431d9,38,,2024-03-05 10:00:00+00:00,-126464.00000129263
2024-03-12 10:00:00+00:00,Equity(61 [HDFCBANK]),Equity(61 [HDFCBANK]),1461.5,7092fa27fdef4eb39a16d10dc2111341,1,,2024-03-12 10:00:00+00:00,-1461.5
2024-03-12 10:00:00+00:00,Equity(74 [ITC]),Equity(74 [ITC]),402.00000000000006,0b8996a5cc2f4f21a2d9b0b7a314a9a2,3,,2024-03-12 10:00:00+00:00,-1206.0000000000002
2024-03-12 10:00:00+00:00,Equity(12 [ASIANPAINT]),Equity(12 [ASIANPAINT]),2877.999999999934,207b38f99ec44bd2bd229be1843f8d59,-1,,2024-03-12 10:00:00+00:00,2877.999999999934
2024-03-12 10:00:00+00:00,Equity(89 [MARUTI]),Equity(89 [MARUTI]),11502.000000001437,7d63f13beb974bed8bebc2e7b2256a88,1,,2024-03-12 10:00:00+00:00,-11502.000000001437
2024-03-12 10:00:00+00:00,Equity(127 [ULTRACEMCO]),Equity(127 [ULTRACEMCO]),362.6499995737987,b39fa71266b8444fbf43ab60d805a150,-5,,2024-03-12 10:00:00+00:00,1813.2499978689934
2024-03-12 10:00:00+00:00,Equity(123 [TITAN]),Equity(123 [TITAN]),3753.200000000119,50d977862e3b43f1a755431b3ffc8c1a,1,,2024-03-12 10:00:00+00:00,-3753.200000000119
2024-03-12 10:00:00+00:00,Equity(56 [GRASIM]),Equity(56 [GRASIM]),2183.7500000000277,61031ae3c14a4784ad468c9dcce9cdbf,1,,2024-03-12 10:00:00+00:00,-2183.7500000000277
2024-03-12 10:00:00+00:00,Equity(18 [BANKNIFTY]),Equity(18 [BANKNIFTY]),3122.900000000022,4607217bf6cf4abeaf8a71766e9a6521,1,,2024-03-12 10:00:00+00:00,-3122.900000000022
2024-03-19 10:00:00+00:00,Equity(74 [ITC]),Equity(74 [ITC]),409.7500000000068,3d7495f2c8984a76a6d7e32a9ce53b22,27,,2024-03-19 10:00:00+00:00,-11063.250000000184
2024-03-19 10:00:00+00:00,Equity(12 [ASIANPAINT]),Equity(12 [ASIANPAINT]),2813.5499999999806,9d5e125fc20d40b6aca68b1477095f5a,-1,,2024-03-19 10:00:00+00:00,2813.5499999999806
2024-03-19 10:00:00+00:00,Equity(95 [NESTLEIND]),Equity(95 [NESTLEIND]),2500.999999999992,73cd0301139547f6a67d1a554684bc00,-1,,2024-03-19 10:00:00+00:00,2500.999999999992
2024-03-19 10:00:00+00:00,Equity(127 [ULTRACEMCO]),Equity(127 [ULTRACEMCO]),373.00002054491245,632377cae3e94b3eab70c000b4a403c9,11,,2024-03-19 10:00:00+00:00,-4103.000225994037
2024-03-19 10:00:00+00:00,Equity(56 [GRASIM]),Equity(56 [GRASIM]),2171.649999999202,3d276642e85944128363165ad6f856d0,-4,,2024-03-19 10:00:00+00:00,8686.599999996808
2024-03-27 10:00:00+00:00,Equity(61 [HDFCBANK]),Equity(61 [HDFCBANK]),1443.9500000000019,5b7793cc430d49dea5068637e88460dc,11,,2024-03-27 10:00:00+00:00,-15883.45000000002
2024-03-27 10:00:00+00:00,Equity(74 [ITC]),Equity(74 [ITC]),428.4999999999833,5c6156ce4f0e4f65bf31a838ef9ee578,-24,,2024-03-27 10:00:00+00:00,10283.9999999996
2024-03-27 10:00:00+00:00,Equity(89 [MARUTI]),Equity(89 [MARUTI]),12559.999999999836,51b25919743b4c8485bb95bfcf75ffef,-1,,2024-03-27 10:00:00+00:00,12559.999999999836
2024-03-27 10:00:00+00:00,Equity(95 [NESTLEIND]),Equity(95 [NESTLEIND]),2570.000000000032,f21da69b16de4190bd046a00d4e1598e,1,,2024-03-27 10:00:00+00:00,-2570.000000000032
2024-03-27 10:00:00+00:00,Equity(127 [ULTRACEMCO]),Equity(127 [ULTRACEMCO]),347.0000908891638,7719236fcabb423c8dcabd2f21c988a6,28,,2024-03-27 10:00:00+00:00,-9716.002544896586
2024-03-27 10:00:00+00:00,Equity(123 [TITAN]),Equity(123 [TITAN]),3757.999999999978,4573409bb1f6463b8bd3384c558fe589,-1,,2024-03-27 10:00:00+00:00,3757.999999999978
2024-04-02 10:00:00+00:00,Equity(61 [HDFCBANK]),Equity(61 [HDFCBANK]),1479.55,f3f441b2a7a845b89f62f3c799b81e31,-1,,2024-04-02 10:00:00+00:00,1479.55
2024-04-02 10:00:00+00:00,Equity(74 [ITC]),Equity(74 [ITC]),425.50000000002433,8cc44e4568f640a3b174a13fba117e67,21,,2024-04-02 10:00:00+00:00,-8935.500000000511
2024-04-02 10:00:00+00:00,Equity(95 [NESTLEIND]),Equity(95 [NESTLEIND]),2622.0000000004534,0c10aaae7cf44a76a834a7a181ef2b7a,3,,2024-04-02 10:00:00+00:00,-7866.000000001361
2024-04-02 10:00:00+00:00,Equity(127 [ULTRACEMCO]),Equity(127 [ULTRACEMCO]),329.1502167605209,132e8d802e75445ea8dc1d7715c34abd,44,,2024-04-02 10:00:00+00:00,-14482.609537462919
2024-04-02 10:00:00+00:00,Equity(96 [NIFTY]),Equity(96 [NIFTY]),6434.799999992566,9ce1c5712a484736a6f7eaaac4e8a50e,-3,,2024-04-02 10:00:00+00:00,19304.399999977697
2024-04-09 10:00:00+00:00,Equity(61 [HDFCBANK]),Equity(61 [HDFCBANK]),1544.8999999999867,fb05cbdf704c4fe99dd48c4e8902f58e,-10,,2024-04-09 10:00:00+00:00,15448.999999999867
2024-04-09 10:00:00+00:00,Equity(74 [ITC]),Equity(74 [ITC]),426.5500000000245,5c6bea9e7b044b7c936b28e707b780e3,16,,2024-04-09 10:00:00+00:00,-6824.800000000392
2024-04-09 10:00:00+00:00,Equity(12 [ASIANPAINT]),Equity(12 [ASIANPAINT]),2857.000000000111,4e9c2858d7044ed289c7abe52798af8e,2,,2024-04-09 10:00:00+00:00,-5714.000000000222
2024-04-09 10:00:00+00:00,Equity(95 [NESTLEIND]),Equity(95 [NESTLEIND]),2506.800000000537,3a1678bc6b114006b1cc52cf4001c12c,2,,2024-04-09 10:00:00+00:00,-5013.600000001074
2024-04-09 10:00:00+00:00,Equity(127 [ULTRACEMCO]),Equity(127 [ULTRACEMCO]),325.75000244439724,6446e6a617ec4b8c8a45d985eb400e2e,5,,2024-04-09 10:00:00+00:00,-1628.7500122219863
2024-04-09 10:00:00+00:00,Equity(56 [GRASIM]),Equity(56 [GRASIM]),2300.0000000001546,ec25b0186b5741f295ed054c5de1250a,1,,2024-04-09 10:00:00+00:00,-2300.0000000001546
2024-04-16 10:00:00+00:00,Equity(61 [HDFCBANK]),Equity(61 [HDFCBANK]),1512.0000000000007,ccf5d829c94645a6b34dfb4a34ce6af3,2,,2024-04-16 10:00:00+00:00,-3024.0000000000014
2024-04-16 10:00:00+00:00,Equity(74 [ITC]),Equity(74 [ITC]),426.249999999989,9ad5d1c75b6b467e9dca771fd45785bc,-16,,2024-04-16 10:00:00+00:00,6819.999999999824
2024-04-16 10:00:00+00:00,Equity(95 [NESTLEIND]),Equity(95 [NESTLEIND]),2548.999999999826,a820fb8f115c42299f57fc0e92af93ed,-2,,2024-04-16 10:00:00+00:00,5097.999999999652
2024-04-16 10:00:00+00:00,Equity(127 [ULTRACEMCO]),Equity(127 [ULTRACEMCO]),309.99999928432936,e58a1c579e264cd6bae45be6db1861ef,-4,,2024-04-16 10:00:00+00:00,1239.9999971373175
2024-04-23 10:00:00+00:00,Equity(74 [ITC]),Equity(74 [ITC]),428.99999999999994,233c2d7bfa9c46ee8ccef1b25336675b,-1,,2024-04-23 10:00:00+00:00,428.99999999999994
2024-04-23 10:00:00+00:00,Equity(89 [MARUTI]),Equity(89 [MARUTI]),12974.999999999172,bed5332223fd48758cb6d3998dae730d,-1,,2024-04-23 10:00:00+00:00,12974.999999999172
2024-04-23 10:00:00+00:00,Equity(95 [NESTLEIND]),Equity(95 [NESTLEIND]),2498.75000000002,27b21deb35d543d9bdff2c6b26dc8e56,1,,2024-04-23 10:00:00+00:00,-2498.75000000002
2024-04-23 10:00:00+00:00,Equity(127 [ULTRACEMCO]),Equity(127 [ULTRACEMCO]),312.90000164836204,c1102499424544199771503141edb021,13,,2024-04-23 10:00:00+00:00,-4067.7000214287063
2024-04-23 10:00:00+00:00,Equity(123 [TITAN]),Equity(123 [TITAN]),3634.999999999753,697cb528fd0c4107bdec75bb59032347,-2,,2024-04-23 10:00:00+00:00,7269.999999999506
2024-04-23 10:00:00+00:00,Equity(56 [GRASIM]),Equity(56 [GRASIM]),2369.550000000029,8b89f658bdce4ca19b82872f64b4f57f,2,,2024-04-23 10:00:00+00:00,-4739.100000000058
2024-04-23 10:00:00+00:00,Equity(18 [BANKNIFTY]),Equity(18 [BANKNIFTY]),3058.0000000000114,d3e5ddeb3b8047adb4929286628e087c,1,,2024-04-23 10:00:00+00:00,-3058.0000000000114
2024-04-30 10:00:00+00:00,Equity(61 [HDFCBANK]),Equity(61 [HDFCBANK]),1515.75,774b9617207e47b49cefaba1f1676557,2,,2024-04-30 10:00:00+00:00,-3031.5
2024-04-30 10:00:00+00:00,Equity(74 [ITC]),Equity(74 [ITC]),435.34999999999854,2a1646e67f824c6ca0c6ce93a14ee1d5,-7,,2024-04-30 10:00:00+00:00,3047.44999999999
2024-04-30 10:00:00+00:00,Equity(95 [NESTLEIND]),Equity(95 [NESTLEIND]),2509.9999999990446,d746e099b2734b7982ca0aae8427a15d,-5,,2024-04-30 10:00:00+00:00,12549.999999995223
2024-04-30 10:00:00+00:00,Equity(127 [ULTRACEMCO]),Equity(127 [ULTRACEMCO]),333.1499999006169,5da85150cb8343ca9c62818831bc53da,-5,,2024-04-30 10:00:00+00:00,1665.7499995030844
2024-04-30 10:00:00+00:00,Equity(123 [TITAN]),Equity(123 [TITAN]),3594.950000000039,731ea488f466472fb7e2de85eacffa4d,1,,2024-04-30 10:00:00+00:00,-3594.950000000039
2024-04-30 10:00:00+00:00,Equity(56 [GRASIM]),Equity(56 [GRASIM]),2409.999999999911,0d389280fcf240119a2158db636961fc,-2,,2024-04-30 10:00:00+00:00,4819.999999999822
2024-04-30 10:00:00+00:00,Equity(96 [NIFTY]),Equity(96 [NIFTY]),6533.350000000422,a834841f8d4f4fe8aea8c15b3fa050e9,1,,2024-04-30 10:00:00+00:00,-6533.350000000422
2024-04-30 10:00:00+00:00,Equity(18 [BANKNIFTY]),Equity(18 [BANKNIFTY]),3052.5000000000473,98c8429aa8494359b57ebf2b1c2db48f,1,,2024-04-30 10:00:00+00:00,-3052.5000000000473
2024-05-07 10:00:00+00:00,Equity(61 [HDFCBANK]),Equity(61 [HDFCBANK]),1505.1000000000004,010fc78cebad4704a4088b06ff1a48fe,2,,2024-05-07 10:00:00+00:00,-3010.2000000000007
2024-05-07 10:00:00+00:00,Equity(74 [ITC]),Equity(74 [ITC]),440.9999999999945,22a4c1f830cb44308ab624ac7087978a,-29,,2024-05-07 10:00:00+00:00,12788.99999999984
2024-05-07 10:00:00+00:00,Equity(12 [ASIANPAINT]),Equity(12 [ASIANPAINT]),2908.6499999999264,e013b3ff2a574fbbb8c70216d8ccc7a4,-1,,2024-05-07 10:00:00+00:00,2908.6499999999264
2024-05-07 10:00:00+00:00,Equity(95 [NESTLEIND]),Equity(95 [NESTLEIND]),2506.250000000545,f548886339bb40f084961ca5bef1709a,5,,2024-05-07 10:00:00+00:00,-12531.250000002725
2024-05-07 10:00:00+00:00,Equity(123 [TITAN]),Equity(123 [TITAN]),3286.400000000031,68730e08f6204c018b4bde469ad0552d,3,,2024-05-07 10:00:00+00:00,-9859.200000000093
2024-05-07 10:00:00+00:00,Equity(56 [GRASIM]),Equity(56 [GRASIM]),2403.9999999994993,b1494804030d44198b883a4028a4eabf,-2,,2024-05-07 10:00:00+00:00,4807.999999998999
2024-05-07 10:00:00+00:00,Equity(96 [NIFTY]),Equity(96 [NIFTY]),6874.999999999531,661083bc404a4a338bb2506bda31cb8a,-1,,2024-05-07 10:00:00+00:00,6874.999999999531
2024-05-07 10:00:00+00:00,Equity(18 [BANKNIFTY]),Equity(18 [BANKNIFTY]),2839.0000000001614,7dcf4cd654b84713a24169f51ef6cd9f,3,,2024-05-07 10:00:00+00:00,-8517.000000000484
2024-05-14 10:00:00+00:00,Equity(61 [HDFCBANK]),Equity(61 [HDFCBANK]),1461.6000000000024,dace0f5f61904a3190623360870d06e4,5,,2024-05-14 10:00:00+00:00,-7308.000000000012
2024-05-14 10:00:00+00:00,Equity(74 [ITC]),Equity(74 [ITC]),429.5999999999884,46d924d8215f4a419d94a95995121e5f,-18,,2024-05-14 10:00:00+00:00,7732.799999999792
2024-05-14 10:00:00+00:00,Equity(12 [ASIANPAINT]),Equity(12 [ASIANPAINT]),2866.699999999538,55ad32dffab64094bd8e651709be524a,-4,,2024-05-14 10:00:00+00:00,11466.799999998151
2024-05-14 10:00:00+00:00,Equity(95 [NESTLEIND]),Equity(95 [NESTLEIND]),2494.000000000081,2211fc34143c422897536140cb84396c,1,,2024-05-14 10:00:00+00:00,-2494.000000000081
2024-05-14 10:00:00+00:00,Equity(127 [ULTRACEMCO]),Equity(127 [ULTRACEMCO]),318.00042841093307,f2eef150cfd84880bf2174a04823e9cb,45,,2024-05-14 10:00:00+00:00,-14310.019278491987
2024-05-14 10:00:00+00:00,Equity(123 [TITAN]),Equity(123 [TITAN]),3290.1000000021595,e4ae46c7cf3244c9b483628459ac43c8,5,,2024-05-14 10:00:00+00:00,-16450.500000010798
2024-05-14 10:00:00+00:00,Equity(56 [GRASIM]),Equity(56 [GRASIM]),2382.200000001213,61a9303029e24b9084da9ec631bdd245,3,,2024-05-14 10:00:00+00:00,-7146.600000003639
2024-05-14 10:00:00+00:00,Equity(96 [NIFTY]),Equity(96 [NIFTY]),8064.999999998209,38be09ae802e4d6f960c69be77fa4074,-4,,2024-05-14 10:00:00+00:00,32259.999999992837
2024-05-22 10:00:00+00:00,Equity(61 [HDFCBANK]),Equity(61 [HDFCBANK]),1463.7000000000007,f615c8e83162430ca98ef091b14e66b9,4,,2024-05-22 10:00:00+00:00,-5854.800000000003
2024-05-22 10:00:00+00:00,Equity(74 [ITC]),Equity(74 [ITC]),440.0000000000113,2a186d704ffc4f4fbd6dad3423e53cca,17,,2024-05-22 10:00:00+00:00,-7480.000000000192
2024-05-22 10:00:00+00:00,Equity(12 [ASIANPAINT]),Equity(12 [ASIANPAINT]),2890.0000000001337,aa4c4ba6b9274882a7a524acaa741083,2,,2024-05-22 10:00:00+00:00,-5780.000000000267
2024-05-22 10:00:00+00:00,Equity(89 [MARUTI]),Equity(89 [MARUTI]),12522.350000001636,048afd2e2b9a46759b01dbabff481041,1,,2024-05-22 10:00:00+00:00,-12522.350000001636
2024-05-22 10:00:00+00:00,Equity(95 [NESTLEIND]),Equity(95 [NESTLEIND]),2468.3500000010013,2f04335e524544138f639a9c7770f8ca,5,,2024-05-22 10:00:00+00:00,-12341.750000005006
2024-05-22 10:00:00+00:00,Equity(127 [ULTRACEMCO]),Equity(127 [ULTRACEMCO]),359.4999908311454,53042e18d34b40af923bc1eca9ca157d,-59,,2024-05-22 10:00:00+00:00,21210.49945903758
2024-05-22 10:00:00+00:00,Equity(123 [TITAN]),Equity(123 [TITAN]),3382.9499999999134,47bf9a444da24426b3226b1ca5bf5fc5,-1,,2024-05-22 10:00:00+00:00,3382.9499999999134
2024-05-22 10:00:00+00:00,Equity(96 [NIFTY]),Equity(96 [NIFTY]),8417.999999996795,62b140b454894805a4db5ccf1bc2ac0e,-2,,2024-05-22 10:00:00+00:00,16835.99999999359
2024-05-22 10:00:00+00:00,Equity(18 [BANKNIFTY]),Equity(18 [BANKNIFTY]),3136.999999999989,846037488a044bae90b2244167804b5e,-2,,2024-05-22 10:00:00+00:00,6273.999999999978
2024-05-28 10:00:00+00:00,Equity(61 [HDFCBANK]),Equity(61 [HDFCBANK]),1528.999999999997,3f781e3cc6434ab3aa7ec0cb3a8f0e4d,-6,,2024-05-28 10:00:00+00:00,9173.999999999982
2024-05-28 10:00:00+00:00,Equity(74 [ITC]),Equity(74 [ITC]),428.65000000001135,9d63e7bfcdee4ca38944c4c78c343279,15,,2024-05-28 10:00:00+00:00,-6429.75000000017
2024-05-28 10:00:00+00:00,Equity(12 [ASIANPAINT]),Equity(12 [ASIANPAINT]),2920.000000000025,00db6f7cfd9847eebb3d4a7edcb97ec2,1,,2024-05-28 10:00:00+00:00,-2920.000000000025
2024-05-28 10:00:00+00:00,Equity(95 [NESTLEIND]),Equity(95 [NESTLEIND]),2453.0000000008135,6c3bda75c4494e0dbe992dbccdd0a9f4,3,,2024-05-28 10:00:00+00:00,-7359.000000002441
2024-05-28 10:00:00+00:00,Equity(127 [ULTRACEMCO]),Equity(127 [ULTRACEMCO]),365.75000057979537,0362ade57bca41bb8994cdbc6f204092,8,,2024-05-28 10:00:00+00:00,-2926.000004638363
2024-05-28 10:00:00+00:00,Equity(56 [GRASIM]),Equity(56 [GRASIM]),2435.1000000005115,1a5ba0ed78374fbe9889c130761e1567,4,,2024-05-28 10:00:00+00:00,-9740.400000002046
2024-05-28 10:00:00+00:00,Equity(18 [BANKNIFTY]),Equity(18 [BANKNIFTY]),3239.4499999998015,52c2c312933a4fc18d5133f35b02e4fc,-4,,2024-05-28 10:00:00+00:00,12957.799999999206
2024-06-04 10:00:00+00:00,Equity(61 [HDFCBANK]),Equity(61 [HDFCBANK]),1502.9999999999995,bd9edef490df4cb8869e38f3f26543ad,-7,,2024-06-04 10:00:00+00:00,10520.999999999996
2024-06-04 10:00:00+00:00,Equity(74 [ITC]),Equity(74 [ITC]),419.90000000000003,08b33dd429c74e45a876e5d16ca4ff63,-1,,2024-06-04 10:00:00+00:00,419.90000000000003
2024-06-04 10:00:00+00:00,Equity(12 [ASIANPAINT]),Equity(12 [ASIANPAINT]),2873.950000000065,050a944ffadc4116950286802a70ba91,4,,2024-06-04 10:00:00+00:00,-11495.80000000026
2024-06-04 10:00:00+00:00,Equity(95 [NESTLEIND]),Equity(95 [NESTLEIND]),2432.1500000001615,78aaa22d27374757aa5ef46c1efc4382,4,,2024-06-04 10:00:00+00:00,-9728.600000000646
2024-06-04 10:00:00+00:00,Equity(127 [ULTRACEMCO]),Equity(127 [ULTRACEMCO]),359.9999985171477,71aa15c21b1f42cfb43b26c11065c0e4,-16,,2024-06-04 10:00:00+00:00,5759.999976274363
2024-06-04 10:00:00+00:00,Equity(123 [TITAN]),Equity(123 [TITAN]),3260.0000000000346,bbc4f4bf352a4d20ad4a98d0578dd778,3,,2024-06-04 10:00:00+00:00,-9780.000000000104
2024-06-04 10:00:00+00:00,Equity(18 [BANKNIFTY]),Equity(18 [BANKNIFTY]),2949.9999999999995,9a6cf6a43ebb4b2f8c207928b85d274e,-3,,2024-06-04 10:00:00+00:00,8849.999999999998
2024-06-11 10:00:00+00:00,Equity(61 [HDFCBANK]),Equity(61 [HDFCBANK]),1561.1500000000037,a4d35ab5e686464d9a56d5acbc67b347,7,,2024-06-11 10:00:00+00:00,-10928.050000000027
2024-06-11 10:00:00+00:00,Equity(74 [ITC]),Equity(74 [ITC]),432.7499999999978,738ccb4032044b3fbedfed17546154cc,-9,,2024-06-11 10:00:00+00:00,3894.74999999998
2024-06-11 10:00:00+00:00,Equity(12 [ASIANPAINT]),Equity(12 [ASIANPAINT]),2903.0000000032724,8be332c157a840fa84804e5611c09ee8,9,,2024-06-11 10:00:00+00:00,-26127.000000029453
2024-06-11 10:00:00+00:00,Equity(95 [NESTLEIND]),Equity(95 [NESTLEIND]),2545.0000000052196,4396302734904ce7926813dfdab9b6d5,8,,2024-06-11 10:00:00+00:00,-20360.000000041757
2024-06-11 10:00:00+00:00,Equity(127 [ULTRACEMCO]),Equity(127 [ULTRACEMCO]),381.0000215695279,cc06fe687f534c45a51db5a822f15499,60,,2024-06-11 10:00:00+00:00,-22860.001294171674
2024-06-11 10:00:00+00:00,Equity(123 [TITAN]),Equity(123 [TITAN]),3409.4000000002607,8a737f3bd97b4839b4588a88a14970ce,3,,2024-06-11 10:00:00+00:00,-10228.200000000783
2024-06-11 10:00:00+00:00,Equity(96 [NIFTY]),Equity(96 [NIFTY]),8093.000000001725,60621326c5aa44419f746529db66a164,2,,2024-06-11 10:00:00+00:00,-16186.00000000345
2024-06-19 10:00:00+00:00,Equity(61 [HDFCBANK]),Equity(61 [HDFCBANK]),1657.0,a2ba343b732b4598b1f297149950cd5a,-1,,2024-06-19 10:00:00+00:00,1657.0
2024-06-19 10:00:00+00:00,Equity(74 [ITC]),Equity(74 [ITC]),423.4000000000441,c19041d2387e4886a90e3d9afff4091b,35,,2024-06-19 10:00:00+00:00,-14819.000000001543
2024-06-19 10:00:00+00:00,Equity(12 [ASIANPAINT]),Equity(12 [ASIANPAINT]),2889.9500000002527,f4d9ceeb5b6f422b85ad00490664ae5d,3,,2024-06-19 10:00:00+00:00,-8669.850000000759
2024-06-19 10:00:00+00:00,Equity(89 [MARUTI]),Equity(89 [MARUTI]),12234.000000000255,3f6e72df8a0c40dfb96a32456f4e64c2,1,,2024-06-19 10:00:00+00:00,-12234.000000000255
2024-06-19 10:00:00+00:00,Equity(95 [NESTLEIND]),Equity(95 [NESTLEIND]),2523.9500000010303,c6b6f347703b4fb7bcb2df62d1342a88,5,,2024-06-19 10:00:00+00:00,-12619.750000005151
2024-06-19 10:00:00+00:00,Equity(127 [ULTRACEMCO]),Equity(127 [ULTRACEMCO]),404.9999927476744,89b0a09c9a9c483d8a19f72b61ab86ee,-38,,2024-06-19 10:00:00+00:00,15389.999724411628
2024-06-19 10:00:00+00:00,Equity(123 [TITAN]),Equity(123 [TITAN]),3459.74999999996,013e735dcb844e1fa22af7c515942625,-2,,2024-06-19 10:00:00+00:00,6919.49999999992
2024-06-19 10:00:00+00:00,Equity(96 [NIFTY]),Equity(96 [NIFTY]),8554.999999999762,5d81789a4b7d4a80aa598e5669e5b1b3,-1,,2024-06-19 10:00:00+00:00,8554.999999999762
2024-06-25 10:00:00+00:00,Equity(61 [HDFCBANK]),Equity(61 [HDFCBANK]),1707.05,6455b36101a146ad96d8b7b600747d2a,-1,,2024-06-25 10:00:00+00:00,1707.05
2024-06-25 10:00:00+00:00,Equity(74 [ITC]),Equity(74 [ITC]),423.15000000000265,5bda4e5e5f7249e4a968f4a9eed1e974,8,,2024-06-25 10:00:00+00:00,-3385.200000000021
2024-06-25 10:00:00+00:00,Equity(12 [ASIANPAINT]),Equity(12 [ASIANPAINT]),2861.0000000000196,66ce6c32b2904dabb386f0745b5b98f8,1,,2024-06-25 10:00:00+00:00,-2861.0000000000196
2024-06-25 10:00:00+00:00,Equity(89 [MARUTI]),Equity(89 [MARUTI]),12125.000000000346,0ee32e6bde964784ab150150e0616150,1,,2024-06-25 10:00:00+00:00,-12125.000000000346
2024-06-25 10:00:00+00:00,Equity(127 [ULTRACEMCO]),Equity(127 [ULTRACEMCO]),425.99999839334373,372b942245534258a1a251dc5d30dbc6,-36,,2024-06-25 10:00:00+00:00,15335.999942160375
2024-06-25 10:00:00+00:00,Equity(123 [TITAN]),Equity(123 [TITAN]),3404.0000000000205,ca51fc5b4f2b43f4aab369730d6cc435,1,,2024-06-25 10:00:00+00:00,-3404.0000000000205
2024-06-25 10:00:00+00:00,Equity(56 [GRASIM]),Equity(56 [GRASIM]),2512.8499999998376,7c34ce2576ab4389ac173ad367a2c631,-2,,2024-06-25 10:00:00+00:00,5025.699999999675
2024-07-02 10:00:00+00:00,Equity(61 [HDFCBANK]),Equity(61 [HDFCBANK]),1727.9999999999932,c08a12fd32824d16a200552c883e3c31,-14,,2024-07-02 10:00:00+00:00,24191.999999999905
2024-07-02 10:00:00+00:00,Equity(74 [ITC]),Equity(74 [ITC]),425.74999999993685,7e8b3b6894e74093ae08530cceaca833,-41,,2024-07-02 10:00:00+00:00,17455.74999999741
2024-07-02 10:00:00+00:00,Equity(12 [ASIANPAINT]),Equity(12 [ASIANPAINT]),2927.9999999997654,508e9078cebd4ab585764c6f875887d6,-3,,2024-07-02 10:00:00+00:00,8783.999999999296
2024-07-02 10:00:00+00:00,Equity(95 [NESTLEIND]),Equity(95 [NESTLEIND]),2546.9999999999222,347c03cc5433411581554049e8f2eda2,-1,,2024-07-02 10:00:00+00:00,2546.9999999999222
2024-07-02 10:00:00+00:00,Equity(127 [ULTRACEMCO]),Equity(127 [ULTRACEMCO]),439.89999984626047,6196f4d671ee46218950355457e79123,-28,,2024-07-02 10:00:00+00:00,12317.199995695293
2024-07-02 10:00:00+00:00,Equity(123 [TITAN]),Equity(123 [TITAN]),3400.049999999822,1d357c6b6c3944b58e84c4fc4e0d7aca,-2,,2024-07-02 10:00:00+00:00,6800.099999999644
2024-07-02 10:00:00+00:00,Equity(56 [GRASIM]),Equity(56 [GRASIM]),2750.699999994741,9404199ad90b4294ac97a881f83a8816,-13,,2024-07-02 10:00:00+00:00,35759.099999931634
2024-07-02 10:00:00+00:00,Equity(96 [NIFTY]),Equity(96 [NIFTY]),8500.049999998499,ac3c011fb156483d89bf55de0227613b,-1,,2024-07-02 10:00:00+00:00,8500.049999998499
2024-07-02 10:00:00+00:00,Equity(18 [BANKNIFTY]),Equity(18 [BANKNIFTY]),3150.0000000009154,bcfcdf024d844bbe9925c456f0100e96,8,,2024-07-02 10:00:00+00:00,-25200.000000007323
2024-07-09 10:00:00+00:00,Equity(74 [ITC]),Equity(74 [ITC]),451.4999999999979,5dd16ddedca24652b3698171bca396e3,-18,,2024-07-09 10:00:00+00:00,8126.999999999962
2024-07-09 10:00:00+00:00,Equity(95 [NESTLEIND]),Equity(95 [NESTLEIND]),2634.999999999961,d5842775eb464adaab666fd10cb3b5c5,-1,,2024-07-09 10:00:00+00:00,2634.999999999961
2024-07-09 10:00:00+00:00,Equity(127 [ULTRACEMCO]),Equity(127 [ULTRACEMCO]),440.0000001181832,9056eed1882c45c09143be7eddd6b011,9,,2024-07-09 10:00:00+00:00,-3960.000001063649
2024-07-09 10:00:00+00:00,Equity(123 [TITAN]),Equity(123 [TITAN]),3214.50000000007,8592515fe9b4480492aa945200c784bd,3,,2024-07-09 10:00:00+00:00,-9643.500000000211
2024-07-09 10:00:00+00:00,Equity(56 [GRASIM]),Equity(56 [GRASIM]),2784.7999999998633,6e9ec2b71f3748bd92f51537f7e7cd0e,-1,,2024-07-09 10:00:00+00:00,2784.7999999998633
2024-07-16 10:00:00+00:00,Equity(61 [HDFCBANK]),Equity(61 [HDFCBANK]),1621.0000000000066,fc44770cfe0c4cd3b9ca6ef26a8ab7df,9,,2024-07-16 10:00:00+00:00,-14589.00000000006
2024-07-16 10:00:00+00:00,Equity(74 [ITC]),Equity(74 [ITC]),465.69999999998765,4ceb917cc61646039eca95adddf0554b,-21,,2024-07-16 10:00:00+00:00,9779.69999999974
2024-07-16 10:00:00+00:00,Equity(89 [MARUTI]),Equity(89 [MARUTI]),12639.999999995774,03a68530459e47cf847d769b855698b9,-2,,2024-07-16 10:00:00+00:00,25279.99999999155
2024-07-16 10:00:00+00:00,Equity(95 [NESTLEIND]),Equity(95 [NESTLEIND]),2598.10000000073,3dd0c981af99462690e585a1adf02885,4,,2024-07-16 10:00:00+00:00,-10392.40000000292
2024-07-16 10:00:00+00:00,Equity(127 [ULTRACEMCO]),Equity(127 [ULTRACEMCO]),424.99999780190257,d047764bb6f04b5092c8114875d57b53,-6,,2024-07-16 10:00:00+00:00,2549.9999868114155
2024-07-16 10:00:00+00:00,Equity(56 [GRASIM]),Equity(56 [GRASIM]),2820.9999999999504,6eabe24378f04a28a9f46b13695ee57f,-1,,2024-07-16 10:00:00+00:00,2820.9999999999504
2024-07-16 10:00:00+00:00,Equity(18 [BANKNIFTY]),Equity(18 [BANKNIFTY]),3106.7000000000326,babb2bc6219d4a21ac9ded5a0040117e,1,,2024-07-16 10:00:00+00:00,-3106.7000000000326
2024-07-23 10:00:00+00:00,Equity(61 [HDFCBANK]),Equity(61 [HDFCBANK]),1616.6,f64cd5b475ce4fa68bc16e37e602b28d,-3,,2024-07-23 10:00:00+00:00,4849.799999999999
2024-07-23 10:00:00+00:00,Equity(74 [ITC]),Equity(74 [ITC]),496.8,143648df19494c72a573fa249a979a2d,-3,,2024-07-23 10:00:00+00:00,1490.4
2024-07-23 10:00:00+00:00,Equity(89 [MARUTI]),Equity(89 [MARUTI]),12625.399999998846,2139dfeca9174b72805bfc6e5f2af6a8,-1,,2024-07-23 10:00:00+00:00,12625.399999998846
2024-07-23 10:00:00+00:00,Equity(127 [ULTRACEMCO]),Equity(127 [ULTRACEMCO]),401.0000026958866,09ee5e25875642ea8d3bc7c1f2820c76,18,,2024-07-23 10:00:00+00:00,-7218.000048525959
2024-07-23 10:00:00+00:00,Equity(123 [TITAN]),Equity(123 [TITAN]),3466.9999999999995,5bbb8c70dd9949ddbdf4d3a42a74e343,-1,,2024-07-23 10:00:00+00:00,3466.9999999999995
2024-07-23 10:00:00+00:00,Equity(56 [GRASIM]),Equity(56 [GRASIM]),2823.9999999998963,5cf8d5eb4e524e4a92d4b1ece5c06a14,-2,,2024-07-23 10:00:00+00:00,5647.999999999793
2024-07-23 10:00:00+00:00,Equity(96 [NIFTY]),Equity(96 [NIFTY]),7512.650000000148,3e3bf21a14bb458ba242840a055e58ef,1,,2024-07-23 10:00:00+00:00,-7512.650000000148
2024-07-23 10:00:00+00:00,Equity(18 [BANKNIFTY]),Equity(18 [BANKNIFTY]),2999.4000000000146,b2f78e4de0a64783a3a11559f58c1eef,1,,2024-07-23 10:00:00+00:00,-2999.4000000000146
2024-07-30 10:00:00+00:00,Equity(61 [HDFCBANK]),Equity(61 [HDFCBANK]),1614.0000000000148,bee3c6fb843547c0aad342bc51cd0de5,26,,2024-07-30 10:00:00+00:00,-41964.000000000386
2024-07-30 10:00:00+00:00,Equity(74 [ITC]),Equity(74 [ITC]),490.19999999990085,258f6cd9a45348aeb10d0ba81dbc2358,-60,,2024-07-30 10:00:00+00:00,29411.999999994052
2024-07-30 10:00:00+00:00,Equity(12 [ASIANPAINT]),Equity(12 [ASIANPAINT]),3003.0000000000064,71f5b24228f245cbb08d1321e1299d0e,1,,2024-07-30 10:00:00+00:00,-3003.0000000000064
2024-07-30 10:00:00+00:00,Equity(95 [NESTLEIND]),Equity(95 [NESTLEIND]),2459.00000000021,46124fd0676e407fa029fa679859e731,5,,2024-07-30 10:00:00+00:00,-12295.000000001051
2024-07-30 10:00:00+00:00,Equity(127 [ULTRACEMCO]),Equity(127 [ULTRACEMCO]),414.80000205250354,aa6dd45c0bdb4fc292caa472ff9bcb9d,10,,2024-07-30 10:00:00+00:00,-4148.000020525035
2024-07-30 10:00:00+00:00,Equity(123 [TITAN]),Equity(123 [TITAN]),3471.9999999990127,952af929fdcc4e70bd676a59d665cba0,-7,,2024-07-30 10:00:00+00:00,24303.999999993088
2024-08-06 10:00:00+00:00,Equity(61 [HDFCBANK]),Equity(61 [HDFCBANK]),1602.700000000002,f9ebee09645549e3891a0b4b7f862b4f,8,,2024-08-06 10:00:00+00:00,-12821.600000000017
2024-08-06 10:00:00+00:00,Equity(74 [ITC]),Equity(74 [ITC]),487.800000000001,1c49d313bfc6463395ff444c583a6074,6,,2024-08-06 10:00:00+00:00,-2926.8000000000056
2024-08-06 10:00:00+00:00,Equity(12 [ASIANPAINT]),Equity(12 [ASIANPAINT]),3090.9999999998404,000d340be8ae4bec86f1e190616d7900,-2,,2024-08-06 10:00:00+00:00,6181.999999999681
2024-08-06 10:00:00+00:00,Equity(89 [MARUTI]),Equity(89 [MARUTI]),12169.999999999683,4b30a2cd59cd433b8e1cf09cb1c64b27,-1,,2024-08-06 10:00:00+00:00,12169.999999999683
2024-08-06 10:00:00+00:00,Equity(95 [NESTLEIND]),Equity(95 [NESTLEIND]),2510.0000000010073,db5cfa358d824ff8b05671eaf70c9cb6,6,,2024-08-06 10:00:00+00:00,-15060.000000006043
2024-08-06 10:00:00+00:00,Equity(127 [ULTRACEMCO]),Equity(127 [ULTRACEMCO]),402.99979845270377,0baeb3adc24741e5a799ff143a5444de,-42,,2024-08-06 10:00:00+00:00,16925.99153501356
2024-08-06 10:00:00+00:00,Equity(18 [BANKNIFTY]),Equity(18 [BANKNIFTY]),3078.249999999993,58667cb3aad845699e7649e8a30dd0a5,-1,,2024-08-06 10:00:00+00:00,3078.249999999993
2024-08-13 10:00:00+00:00,Equity(61 [HDFCBANK]),Equity(61 [HDFCBANK]),1605.75,6a81475eb04b4c139ba717909899a3a8,-2,,2024-08-13 10:00:00+00:00,3211.5
2024-08-13 10:00:00+00:00,Equity(74 [ITC]),Equity(74 [ITC]),491.4999999999987,fac9f0ca657b49c29e89abe17de2d837,-4,,2024-08-13 10:00:00+00:00,1965.9999999999948
2024-08-13 10:00:00+00:00,Equity(95 [NESTLEIND]),Equity(95 [NESTLEIND]),2480.450000004136,4de2d8f4a2b84d2590e5053ca141fc22,4,,2024-08-13 10:00:00+00:00,-9921.800000016545
2024-08-13 10:00:00+00:00,Equity(127 [ULTRACEMCO]),Equity(127 [ULTRACEMCO]),420.99999999413177,dc219766d57f40989c2177fe16b00a3e,-4,,2024-08-13 10:00:00+00:00,1683.999999976527
2024-08-13 10:00:00+00:00,Equity(123 [TITAN]),Equity(123 [TITAN]),3385.0000000000787,2a4479935e374e39943d60353f38cb18,2,,2024-08-13 10:00:00+00:00,-6770.000000000157
2024-08-13 10:00:00+00:00,Equity(56 [GRASIM]),Equity(56 [GRASIM]),2518.0000000001637,1a5fafe5a93a4c6a88a2b44e8650bc54,2,,2024-08-13 10:00:00+00:00,-5036.000000000327
2024-08-13 10:00:00+00:00,Equity(18 [BANKNIFTY]),Equity(18 [BANKNIFTY]),3082.099999999974,e01bb60b986747fb988fcae1d2b893fc,-2,,2024-08-13 10:00:00+00:00,6164.199999999948
2024-08-20 10:00:00+00:00,Equity(61 [HDFCBANK]),Equity(61 [HDFCBANK]),1633.9999999999998,41b557826ce741428f4631cb2b9bb7aa,-2,,2024-08-20 10:00:00+00:00,3267.9999999999995
2024-08-20 10:00:00+00:00,Equity(74 [ITC]),Equity(74 [ITC]),498.5000000000193,1893908bb1114958945c4224a40238c5,13,,2024-08-20 10:00:00+00:00,-6480.500000000251
2024-08-20 10:00:00+00:00,Equity(95 [NESTLEIND]),Equity(95 [NESTLEIND]),2525.0000000004316,89150ec7167f4083b09ada927d4a8aed,2,,2024-08-20 10:00:00+00:00,-5050.000000000863
2024-08-20 10:00:00+00:00,Equity(127 [ULTRACEMCO]),Equity(127 [ULTRACEMCO]),410.20000008287394,b52715a97c984a2ab9e47e5327814343,15,,2024-08-20 10:00:00+00:00,-6153.000001243109
2024-08-20 10:00:00+00:00,Equity(123 [TITAN]),Equity(123 [TITAN]),3476.5999999988658,c7894048f73e4d9bace4ad62d1a783f2,-3,,2024-08-20 10:00:00+00:00,10429.799999996598
2024-08-20 10:00:00+00:00,Equity(18 [BANKNIFTY]),Equity(18 [BANKNIFTY]),3067.049999999929,448b1803cc3745e787c7ae0da49163b6,-1,,2024-08-20 10:00:00+00:00,3067.049999999929
2024-08-27 10:00:00+00:00,Equity(61 [HDFCBANK]),Equity(61 [HDFCBANK]),1634.45,cc4795a7e1b94b2b94685974b0d9298b,1,,2024-08-27 10:00:00+00:00,-1634.45
2024-08-27 10:00:00+00:00,Equity(74 [ITC]),Equity(74 [ITC]),500.40000000000293,a9b8fefe491d42f8b6e2e04155fe577f,6,,2024-08-27 10:00:00+00:00,-3002.400000000018
2024-08-27 10:00:00+00:00,Equity(12 [ASIANPAINT]),Equity(12 [ASIANPAINT]),3152.9499999997174,affb8d6bfba64bb391ef0b98d47d8b55,-3,,2024-08-27 10:00:00+00:00,9458.849999999153
2024-08-27 10:00:00+00:00,Equity(95 [NESTLEIND]),Equity(95 [NESTLEIND]),2522.95000000265,5a1b334f843d4eca80e1b8a7e4fcfcb2,4,,2024-08-27 10:00:00+00:00,-10091.8000000106
2024-08-27 10:00:00+00:00,Equity(127 [ULTRACEMCO]),Equity(127 [ULTRACEMCO]),409.95000019493136,f55d5b126bbd44ab934865c077bb211e,10,,2024-08-27 10:00:00+00:00,-4099.500001949314
2024-08-27 10:00:00+00:00,Equity(123 [TITAN]),Equity(123 [TITAN]),3559.9999999997635,f460e18cd1584ac1834c87b525ed7662,-3,,2024-08-27 10:00:00+00:00,10679.99999999929
2024-08-27 10:00:00+00:00,Equity(56 [GRASIM]),Equity(56 [GRASIM]),2702.049999999949,4780859c74fd46c5a4138f206e7edc4b,-2,,2024-08-27 10:00:00+00:00,5404.099999999898
2024-08-27 10:00:00+00:00,Equity(18 [BANKNIFTY]),Equity(18 [BANKNIFTY]),3067.0000000000177,f5146cc14d62498d96a9dfd5204c32d7,1,,2024-08-27 10:00:00+00:00,-3067.0000000000177
2024-09-03 10:00:00+00:00,Equity(74 [ITC]),Equity(74 [ITC]),508.6000000000006,4c58ff9810cd43e4b13fe61a8be7572f,4,,2024-09-03 10:00:00+00:00,-2034.4000000000024
2024-09-03 10:00:00+00:00,Equity(12 [ASIANPAINT]),Equity(12 [ASIANPAINT]),3150.1000000000954,456d8abd0700454997e85abb7e1cd308,1,,2024-09-03 10:00:00+00:00,-3150.1000000000954
2024-09-03 10:00:00+00:00,Equity(127 [ULTRACEMCO]),Equity(127 [ULTRACEMCO]),437.0999999412055,5033efa834a14545bf2d80f95d5d0852,-29,,2024-09-03 10:00:00+00:00,12675.899998294959
2024-09-03 10:00:00+00:00,Equity(96 [NIFTY]),Equity(96 [NIFTY]),7765.000000001962,ba251ebccc1643b0b650371d66486401,1,,2024-09-03 10:00:00+00:00,-7765.000000001962
2024-09-10 10:00:00+00:00,Equity(61 [HDFCBANK]),Equity(61 [HDFCBANK]),1650.8,3c7fcb4d97c748ce980a5eb071a3cd52,-1,,2024-09-10 10:00:00+00:00,1650.8
2024-09-10 10:00:00+00:00,Equity(74 [ITC]),Equity(74 [ITC]),512.8999999999826,d92a03eaddf84edf948d5be5b7065248,-20,,2024-09-10 10:00:00+00:00,10257.99999999965
2024-09-10 10:00:00+00:00,Equity(12 [ASIANPAINT]),Equity(12 [ASIANPAINT]),3292.049999999962,528647a2d077437eaaf3bfbca8303207,-1,,2024-09-10 10:00:00+00:00,3292.049999999962
2024-09-10 10:00:00+00:00,Equity(89 [MARUTI]),Equity(89 [MARUTI]),12261.00000000152,5cac277755934b48b1a9ddca625e6557,1,,2024-09-10 10:00:00+00:00,-12261.00000000152
2024-09-10 10:00:00+00:00,Equity(95 [NESTLEIND]),Equity(95 [NESTLEIND]),2532.750000000044,b382af9c1ffe479b934a396c5a0c68d1,2,,2024-09-10 10:00:00+00:00,-5065.500000000088
2024-09-10 10:00:00+00:00,Equity(127 [ULTRACEMCO]),Equity(127 [ULTRACEMCO]),430.04999942805057,2d287bc15d9e43fab7bc55cf47095690,-12,,2024-09-10 10:00:00+00:00,5160.599993136607
2024-09-17 10:00:00+00:00,Equity(61 [HDFCBANK]),Equity(61 [HDFCBANK]),1668.2999999999972,7ba31b56a7134ae48d96fe22dabac3ad,-4,,2024-09-17 10:00:00+00:00,6673.199999999989
2024-09-17 10:00:00+00:00,Equity(74 [ITC]),Equity(74 [ITC]),508.45000000001505,69ac2c1df22a4be6b1305e2406c90831,18,,2024-09-17 10:00:00+00:00,-9152.100000000271
2024-09-17 10:00:00+00:00,Equity(95 [NESTLEIND]),Equity(95 [NESTLEIND]),2545.950000000053,0708fdb2f7be4cffbf56753a74bb829b,1,,2024-09-17 10:00:00+00:00,-2545.950000000053
2024-09-17 10:00:00+00:00,Equity(127 [ULTRACEMCO]),Equity(127 [ULTRACEMCO]),422.00000002672846,1673bbea659c4035a28c411a97387f47,5,,2024-09-17 10:00:00+00:00,-2110.000000133642
2024-09-17 10:00:00+00:00,Equity(123 [TITAN]),Equity(123 [TITAN]),3764.6999999997533,3b4f9cf1eb5048359a8b2fcad1537e28,-1,,2024-09-17 10:00:00+00:00,3764.6999999997533
2024-09-24 10:00:00+00:00,Equity(61 [HDFCBANK]),Equity(61 [HDFCBANK]),1766.6999999999932,1e95016da92b444396952950b0756c6a,-10,,2024-09-24 10:00:00+00:00,17666.99999999993
2024-09-24 10:00:00+00:00,Equity(74 [ITC]),Equity(74 [ITC]),515.4999999998605,c27706f15df54a52a4abdbef1751fca2,-35,,2024-09-24 10:00:00+00:00,18042.499999995118
2024-09-24 10:00:00+00:00,Equity(12 [ASIANPAINT]),Equity(12 [ASIANPAINT]),3249.5000000007294,81ba62b38f5b46588ce042fd8c00f3e2,5,,2024-09-24 10:00:00+00:00,-16247.500000003647
2024-09-24 10:00:00+00:00,Equity(95 [NESTLEIND]),Equity(95 [NESTLEIND]),2699.999999999437,54de3b25487e44be9830ca10b5290635,-7,,2024-09-24 10:00:00+00:00,18899.99999999606
2024-09-24 10:00:00+00:00,Equity(127 [ULTRACEMCO]),Equity(127 [ULTRACEMCO]),419.15000105742894,00461cacad5b449f9dc2e8372364dbbb,36,,2024-09-24 10:00:00+00:00,-15089.400038067442
2024-09-24 10:00:00+00:00,Equity(123 [TITAN]),Equity(123 [TITAN]),3785.000000000023,fbd0e3db7f094e7193b4b3cb90b96edc,1,,2024-09-24 10:00:00+00:00,-3785.000000000023
2024-09-24 10:00:00+00:00,Equity(56 [GRASIM]),Equity(56 [GRASIM]),2624.0000000007913,20ed1bc8104741cfa4e105102490e3cf,8,,2024-09-24 10:00:00+00:00,-20992.00000000633
2024-09-24 10:00:00+00:00,Equity(18 [BANKNIFTY]),Equity(18 [BANKNIFTY]),3100.4500000002695,383596fd72c2426590ff301f355ca909,3,,2024-09-24 10:00:00+00:00,-9301.350000000808
2024-10-01 10:00:00+00:00,Equity(61 [HDFCBANK]),Equity(61 [HDFCBANK]),1728.5000000000011,f1ea4d5b72014892af6595a468203320,3,,2024-10-01 10:00:00+00:00,-5185.500000000004
2024-10-01 10:00:00+00:00,Equity(74 [ITC]),Equity(74 [ITC]),516.5000000000032,b50f6ecec2a64c0388b4e31a0d67c456,4,,2024-10-01 10:00:00+00:00,-2066.0000000000127
2024-10-01 10:00:00+00:00,Equity(95 [NESTLEIND]),Equity(95 [NESTLEIND]),2707.1999999992,2311fd76ed334c52bfa6eb866d8d2a72,-3,,2024-10-01 10:00:00+00:00,8121.599999997599
2024-10-01 10:00:00+00:00,Equity(127 [ULTRACEMCO]),Equity(127 [ULTRACEMCO]),399.5000093231953,282f8738b59a4ee98f737deef4398323,40,,2024-10-01 10:00:00+00:00,-15980.00037292781
2024-10-01 10:00:00+00:00,Equity(123 [TITAN]),Equity(123 [TITAN]),3782.9500000002536,61cd766926414f759d247618b4d59120,2,,2024-10-01 10:00:00+00:00,-7565.900000000507
2024-10-01 10:00:00+00:00,Equity(56 [GRASIM]),Equity(56 [GRASIM]),2807.849999997701,a6800feef9e14764b52aad95c16c9d20,-4,,2024-10-01 10:00:00+00:00,11231.399999990805
2024-10-01 10:00:00+00:00,Equity(96 [NIFTY]),Equity(96 [NIFTY]),8260.000000000608,5f15ef78cf9f446e91fa954badd0c6bc,1,,2024-10-01 10:00:00+00:00,-8260.000000000608
2024-10-08 10:00:00+00:00,Equity(61 [HDFCBANK]),Equity(61 [HDFCBANK]),1651.9999999999989,96e1e291ea774bf8bb3dc0baa19c86d6,-4,,2024-10-08 10:00:00+00:00,6607.999999999995
2024-10-08 10:00:00+00:00,Equity(12 [ASIANPAINT]),Equity(12 [ASIANPAINT]),3097.999999999813,bb815b7a973448d495a90c6e304b6343,-2,,2024-10-08 10:00:00+00:00,6195.999999999626
2024-10-08 10:00:00+00:00,Equity(127 [ULTRACEMCO]),Equity(127 [ULTRACEMCO]),370.99999969112736,ea8146b7eff549a3af9e9a5962e12644,-8,,2024-10-08 10:00:00+00:00,2967.999997529019
2024-10-15 10:00:00+00:00,Equity(61 [HDFCBANK]),Equity(61 [HDFCBANK]),1685.9999999999914,0c2315b5b8ab4057acd7edf6d5770a33,-7,,2024-10-15 10:00:00+00:00,11801.99999999994
2024-10-15 10:00:00+00:00,Equity(74 [ITC]),Equity(74 [ITC]),498.0000000000251,b095b7b890884f919aae5e7c3056cb49,18,,2024-10-15 10:00:00+00:00,-8964.000000000453
2024-10-15 10:00:00+00:00,Equity(12 [ASIANPAINT]),Equity(12 [ASIANPAINT]),3075.0000000001814,107d6b6f4cbb447886cca90a60aaf7d9,3,,2024-10-15 10:00:00+00:00,-9225.000000000544
2024-10-15 10:00:00+00:00,Equity(95 [NESTLEIND]),Equity(95 [NESTLEIND]),2488.9000000014266,c4672e25f6d74f4a96b3621bb3051fe7,6,,2024-10-15 10:00:00+00:00,-14933.40000000856
2024-10-15 10:00:00+00:00,Equity(127 [ULTRACEMCO]),Equity(127 [ULTRACEMCO]),393.9999764845338,618f681558f54db089d15010942f3369,-61,,2024-10-15 10:00:00+00:00,24033.99856555656
2024-10-15 10:00:00+00:00,Equity(123 [TITAN]),Equity(123 [TITAN]),3508.8000000026504,496804f8462541b4b6296127ded5c93b,5,,2024-10-15 10:00:00+00:00,-17544.000000013253
2024-10-15 10:00:00+00:00,Equity(96 [NIFTY]),Equity(96 [NIFTY]),8630.999999997654,dda3d1d5b0ca485d8739886f9ad2b07e,-1,,2024-10-15 10:00:00+00:00,8630.999999997654
2024-10-15 10:00:00+00:00,Equity(18 [BANKNIFTY]),Equity(18 [BANKNIFTY]),3103.2499999997735,225b1974e1704c978231277cf3e23358,-1,,2024-10-15 10:00:00+00:00,3103.2499999997735
2024-10-22 10:00:00+00:00,Equity(61 [HDFCBANK]),Equity(61 [HDFCBANK]),1714.7999999999988,f2bdfe5681be4cb7ab5592710df58a35,-5,,2024-10-22 10:00:00+00:00,8573.999999999995
2024-10-22 10:00:00+00:00,Equity(74 [ITC]),Equity(74 [ITC]),482.5000000000046,cfe5fc72f877438b934637b2fa2fc646,12,,2024-10-22 10:00:00+00:00,-5790.0000000000555
2024-10-22 10:00:00+00:00,Equity(12 [ASIANPAINT]),Equity(12 [ASIANPAINT]),3010.849999999896,8c245a41d7714dbfa7e4c1869bafa4e0,-1,,2024-10-22 10:00:00+00:00,3010.849999999896
2024-10-22 10:00:00+00:00,Equity(127 [ULTRACEMCO]),Equity(127 [ULTRACEMCO]),377.49999971140517,e139e455585c4c5ab48cf85d65aa6ad4,-7,,2024-10-22 10:00:00+00:00,2642.4999979798363
2024-10-22 10:00:00+00:00,Equity(123 [TITAN]),Equity(123 [TITAN]),3330.000000000172,71f78dd828844986a29cf2d2bfb99671,2,,2024-10-22 10:00:00+00:00,-6660.000000000344
2024-10-22 10:00:00+00:00,Equity(56 [GRASIM]),Equity(56 [GRASIM]),2649.99999999832,c02a094510dd4066a3b776aac2f1454c,-3,,2024-10-22 10:00:00+00:00,7949.9999999949605
2024-10-29 10:00:00+00:00,Equity(61 [HDFCBANK]),Equity(61 [HDFCBANK]),1749.750000000071,14dd6d7f5f024a4ba02b939cfd5bcc66,35,,2024-10-29 10:00:00+00:00,-61241.25000000248
2024-10-29 10:00:00+00:00,Equity(74 [ITC]),Equity(74 [ITC]),488.0000000011282,6603abe186d849629b23fea8e6c66c08,104,,2024-10-29 10:00:00+00:00,-50752.00000011733
2024-10-29 10:00:00+00:00,Equity(89 [MARUTI]),Equity(89 [MARUTI]),11004.999999999658,9f7c71368a6c498084fb6cb534a23bf1,-4,,2024-10-29 10:00:00+00:00,44019.99999999863
2024-10-29 10:00:00+00:00,Equity(95 [NESTLEIND]),Equity(95 [NESTLEIND]),2266.8499999558126,b55cbbc031dd4963847f7ec63e4d038f,-41,,2024-10-29 10:00:00+00:00,92940.84999818832
2024-10-29 10:00:00+00:00,Equity(127 [ULTRACEMCO]),Equity(127 [ULTRACEMCO]),372.15000753671103,0c6c93ffe47248b49a2ad85d5270861d,66,,2024-10-29 10:00:00+00:00,-24561.90049742293
2024-10-29 10:00:00+00:00,Equity(123 [TITAN]),Equity(123 [TITAN]),3288.9999999806596,8d147f0fb0b04114a1686069c2da0a5e,-17,,2024-10-29 10:00:00+00:00,55912.999999671214
2024-10-29 10:00:00+00:00,Equity(56 [GRASIM]),Equity(56 [GRASIM]),2680.00000001848,30796967f1f54581b7c61fa23b3811d2,16,,2024-10-29 10:00:00+00:00,-42880.00000029568
2024-10-29 10:00:00+00:00,Equity(96 [NIFTY]),Equity(96 [NIFTY]),7463.600000009699,49b7dbe7fa0141f39a078c4d81795bd3,4,,2024-10-29 10:00:00+00:00,-29854.400000038797
2024-10-29 10:00:00+00:00,Equity(18 [BANKNIFTY]),Equity(18 [BANKNIFTY]),2841.999999999561,f82c09d96ad84110b08919a5551c2f2a,-6,,2024-10-29 10:00:00+00:00,17051.999999997366
2024-11-05 10:00:00+00:00,Equity(61 [HDFCBANK]),Equity(61 [HDFCBANK]),1753.5000000000166,9ea2fa070c1747edb2ca6f296dced450,21,,2024-11-05 10:00:00+00:00,-36823.50000000035
2024-11-05 10:00:00+00:00,Equity(74 [ITC]),Equity(74 [ITC]),480.95000000102397,60e5895f01bb464e9fa3a58a2582b4b3,106,,2024-11-05 10:00:00+00:00,-50980.70000010854
2024-11-05 10:00:00+00:00,Equity(12 [ASIANPAINT]),Equity(12 [ASIANPAINT]),2889.999999995191,47c8a85ea6fa4f3bbf1068718ac1dbe3,-12,,2024-11-05 10:00:00+00:00,34679.999999942294
2024-11-05 10:00:00+00:00,Equity(89 [MARUTI]),Equity(89 [MARUTI]),11184.949999995642,5356a6ec98184cb2b663508531804328,-2,,2024-11-05 10:00:00+00:00,22369.899999991285
2024-11-05 10:00:00+00:00,Equity(95 [NESTLEIND]),Equity(95 [NESTLEIND]),2264.9999999926217,1e506b3866804800a909e8eb34c25c6d,-13,,2024-11-05 10:00:00+00:00,29444.99999990408
2024-11-05 10:00:00+00:00,Equity(127 [ULTRACEMCO]),Equity(127 [ULTRACEMCO]),389.00110358404686,a9cd61595d7b475796b9a24d144a14ae,116,,2024-11-05 10:00:00+00:00,-45124.12801574943
2024-11-05 10:00:00+00:00,Equity(123 [TITAN]),Equity(123 [TITAN]),3230.999999998929,da6abd2327a8456aac03110e16a9dad5,-5,,2024-11-05 10:00:00+00:00,16154.999999994645
2024-11-05 10:00:00+00:00,Equity(56 [GRASIM]),Equity(56 [GRASIM]),2655.6499999935118,23c805dabcab4e3dbaee0fa0ccc971eb,-14,,2024-11-05 10:00:00+00:00,37179.099999909165
2024-11-12 10:00:00+00:00,Equity(61 [HDFCBANK]),Equity(61 [HDFCBANK]),1718.7000000000542,524fd56a0e61416fb7dc78e6bc274101,27,,2024-11-12 10:00:00+00:00,-46404.900000001464
2024-11-12 10:00:00+00:00,Equity(74 [ITC]),Equity(74 [ITC]),471.99999999913194,bff7f1bf4f8249c69c894437037bd3b7,-68,,2024-11-12 10:00:00+00:00,32095.999999940974
2024-11-12 10:00:00+00:00,Equity(12 [ASIANPAINT]),Equity(12 [ASIANPAINT]),2470.9999999999663,796e3b6820f64646b5a64e66c92e126c,-4,,2024-11-12 10:00:00+00:00,9883.999999999865
2024-11-12 10:00:00+00:00,Equity(95 [NESTLEIND]),Equity(95 [NESTLEIND]),2251.650000000296,ee374144d80f47a5844badd7bdafc216,4,,2024-11-12 10:00:00+00:00,-9006.600000001185
2024-11-12 10:00:00+00:00,Equity(127 [ULTRACEMCO]),Equity(127 [ULTRACEMCO]),367.99998002246053,538289422a2a4732aa084c52a66368e7,-119,,2024-11-12 10:00:00+00:00,43791.9976226728
2024-11-12 10:00:00+00:00,Equity(123 [TITAN]),Equity(123 [TITAN]),3186.0000000046875,564df63283a04105aacc0fb3897ed7bc,12,,2024-11-12 10:00:00+00:00,-38232.00000005625
2024-11-12 10:00:00+00:00,Equity(96 [NIFTY]),Equity(96 [NIFTY]),6939.299999996264,bc72004ef04d46d0bf687ba33bb43f0f,-4,,2024-11-12 10:00:00+00:00,27757.199999985056
2024-11-12 10:00:00+00:00,Equity(18 [BANKNIFTY]),Equity(18 [BANKNIFTY]),2860.0000000003215,bc47fec17d8146118f2514cfcee33194,2,,2024-11-12 10:00:00+00:00,-5720.000000000643
2024-11-19 10:00:00+00:00,Equity(61 [HDFCBANK]),Equity(61 [HDFCBANK]),1736.2000000003784,0d95acf9b8114c539267257f176f6850,117,,2024-11-19 10:00:00+00:00,-203135.40000004426
2024-11-19 10:00:00+00:00,Equity(74 [ITC]),Equity(74 [ITC]),466.6000000011715,02d88f66c59f40fcb7f223a14e9309d4,108,,2024-11-19 10:00:00+00:00,-50392.800000126525
2024-11-19 10:00:00+00:00,Equity(12 [ASIANPAINT]),Equity(12 [ASIANPAINT]),2483.5499999726544,95c21fd0504c4125bc733008b1146a53,-31,,2024-11-19 10:00:00+00:00,76990.04999915228
2024-11-19 10:00:00+00:00,Equity(89 [MARUTI]),Equity(89 [MARUTI]),10950.049999997651,fe4881b37edf430690fc614a44bb1a64,-4,,2024-11-19 10:00:00+00:00,43800.199999990604
2024-11-19 10:00:00+00:00,Equity(95 [NESTLEIND]),Equity(95 [NESTLEIND]),2205.9999999505253,2c653995ae454a4a8a947a454622aae0,-38,,2024-11-19 10:00:00+00:00,83827.99999811997
2024-11-19 10:00:00+00:00,Equity(127 [ULTRACEMCO]),Equity(127 [ULTRACEMCO]),364.40222573237753,457b67f123f94764a38b315e7a1fe1d1,80,,2024-11-19 10:00:00+00:00,-29152.1780585902
2024-11-19 10:00:00+00:00,Equity(123 [TITAN]),Equity(123 [TITAN]),3219.9999999940087,b654509c895345b58505a6e0b9535c50,-16,,2024-11-19 10:00:00+00:00,51519.99999990414
2024-11-19 10:00:00+00:00,Equity(56 [GRASIM]),Equity(56 [GRASIM]),2500.8500000034905,e7269b3446c14dd3aee625717c593481,5,,2024-11-19 10:00:00+00:00,-12504.250000017453
2024-11-19 10:00:00+00:00,Equity(96 [NIFTY]),Equity(96 [NIFTY]),6704.999999960924,22b5a634ecd648f98de9c6342217cfcb,-10,,2024-11-19 10:00:00+00:00,67049.99999960924
2024-11-19 10:00:00+00:00,Equity(18 [BANKNIFTY]),Equity(18 [BANKNIFTY]),2816.999999995168,33af7a1703f448c3afb0be228363419f,-7,,2024-11-19 10:00:00+00:00,19718.999999966174
2024-11-21 10:00:00+00:00,Equity(127 [ULTRACEMCO]),Equity(127 [ULTRACEMCO]),350.35146056974196,457b67f123f94764a38b315e7a1fe1d1,129,,2024-11-21 10:00:00+00:00,-45195.33841349671
2024-11-26 10:00:00+00:00,Equity(61 [HDFCBANK]),Equity(61 [HDFCBANK]),1786.3000000001578,0164d08d884949588559b87e1f5c91b9,41,,2024-11-26 10:00:00+00:00,-73238.30000000646
2024-11-26 10:00:00+00:00,Equity(74 [ITC]),Equity(74 [ITC]),477.0000000000254,8fe3db4074e041fbbd52978efa0edc52,15,,2024-11-26 10:00:00+00:00,-7155.000000000381
2024-11-26 10:00:00+00:00,Equity(95 [NESTLEIND]),Equity(95 [NESTLEIND]),2268.00000002761,6e7386b481a94a44a49fba55740446ca,11,,2024-11-26 10:00:00+00:00,-24948.00000030371
2024-11-26 10:00:00+00:00,Equity(127 [ULTRACEMCO]),Equity(127 [ULTRACEMCO]),370.9492961159671,74af1412696446a884635354405777b5,-284,,2024-11-26 10:00:00+00:00,105349.60009693466
2024-11-26 10:00:00+00:00,Equity(123 [TITAN]),Equity(123 [TITAN]),3325.000000001025,1b01dfdf22a34fe385c25396502e298a,4,,2024-11-26 10:00:00+00:00,-13300.0000000041
2024-11-26 10:00:00+00:00,Equity(56 [GRASIM]),Equity(56 [GRASIM]),2610.000000067676,b9e4d2f2aafa4120865f4ae3ba82bd09,13,,2024-11-26 10:00:00+00:00,-33930.00000087979
2024-11-26 10:00:00+00:00,Equity(96 [NIFTY]),Equity(96 [NIFTY]),7350.00000000142,fcecb80c638a49dea3836e1746989b7f,2,,2024-11-26 10:00:00+00:00,-14700.00000000284
2024-12-03 10:00:00+00:00,Equity(61 [HDFCBANK]),Equity(61 [HDFCBANK]),1827.7999999990186,c2805a8fe5554fcd90f0f62005071ec0,-140,,2024-12-03 10:00:00+00:00,255891.9999998626
2024-12-03 10:00:00+00:00,Equity(74 [ITC]),Equity(74 [ITC]),472.549999999999,723dc326effb4da6814bd77b6ac42c2a,-10,,2024-12-03 10:00:00+00:00,4725.49999999999
2024-12-03 10:00:00+00:00,Equity(12 [ASIANPAINT]),Equity(12 [ASIANPAINT]),2470.3000000049906,5273655ff9e5457aa5931063b47260be,19,,2024-12-03 10:00:00+00:00,-46935.70000009482
2024-12-03 10:00:00+00:00,Equity(89 [MARUTI]),Equity(89 [MARUTI]),11260.950000027196,345e858373184ea4ab88f988e26c8da8,4,,2024-12-03 10:00:00+00:00,-45043.800000108786
2024-12-03 10:00:00+00:00,Equity(95 [NESTLEIND]),Equity(95 [NESTLEIND]),2262.900000039936,680072db68984ea6a4f3bd4327c0a885,32,,2024-12-03 10:00:00+00:00,-72412.80000127795
2024-12-03 10:00:00+00:00,Equity(127 [ULTRACEMCO]),Equity(127 [ULTRACEMCO]),373.20000226388953,7d61cf3c624043c9ad1bd3661ff08255,31,,2024-12-03 10:00:00+00:00,-11569.200070180575
2024-12-03 10:00:00+00:00,Equity(123 [TITAN]),Equity(123 [TITAN]),3331.000000004914,1e214453f5ec4bf2b7ad9cd2999b5bae,14,,2024-12-03 10:00:00+00:00,-46634.000000068794
2024-12-03 10:00:00+00:00,Equity(56 [GRASIM]),Equity(56 [GRASIM]),2708.3000000049574,b111504df3664ca2bec367fd908c7ac3,7,,2024-12-03 10:00:00+00:00,-18958.1000000347
2024-12-03 10:00:00+00:00,Equity(96 [NIFTY]),Equity(96 [NIFTY]),7530.200000010488,56c75d22ead54fbd8d38dda9a6292a38,4,,2024-12-03 10:00:00+00:00,-30120.800000041952
2024-12-10 10:00:00+00:00,Equity(61 [HDFCBANK]),Equity(61 [HDFCBANK]),1867.6500000019148,bd5b504c745e44b9908d1e2b140764ec,63,,2024-12-10 10:00:00+00:00,-117661.95000012063
2024-12-10 10:00:00+00:00,Equity(74 [ITC]),Equity(74 [ITC]),465.8499999997764,77252d74cf4a4dfb815689d078897f28,-61,,2024-12-10 10:00:00+00:00,28416.84999998636
2024-12-10 10:00:00+00:00,Equity(12 [ASIANPAINT]),Equity(12 [ASIANPAINT]),2391.999999998515,c287717c87854625b272744463447f85,-13,,2024-12-10 10:00:00+00:00,31095.999999980693
2024-12-10 10:00:00+00:00,Equity(95 [NESTLEIND]),Equity(95 [NESTLEIND]),2218.999999980601,ceeb0445f7a44168a2c5a3e31e679feb,-27,,2024-12-10 10:00:00+00:00,59912.999999476226
2024-12-10 10:00:00+00:00,Equity(127 [ULTRACEMCO]),Equity(127 [ULTRACEMCO]),371.9995187650266,63af42a0047447459a9e9f9fb73b7432,-76,,2024-12-10 10:00:00+00:00,28271.96342614202
2024-12-10 10:00:00+00:00,Equity(56 [GRASIM]),Equity(56 [GRASIM]),2654.0000000094496,01f09e3e37f447f8944e3b60d6f1368c,12,,2024-12-10 10:00:00+00:00,-31848.000000113396
2024-12-10 10:00:00+00:00,Equity(96 [NIFTY]),Equity(96 [NIFTY]),7691.750000009939,180cd47d5cf842f69ed0f3e9d0588be6,3,,2024-12-10 10:00:00+00:00,-23075.250000029817
2024-12-17 10:00:00+00:00,Equity(61 [HDFCBANK]),Equity(61 [HDFCBANK]),1829.9000000015217,ba6645b0187a4ddf8e5d758942b1e2a4,93,,2024-12-17 10:00:00+00:00,-170180.7000001415
2024-12-17 10:00:00+00:00,Equity(74 [ITC]),Equity(74 [ITC]),470.45000000045053,759ba4019daf4a679fb5a50186c0cc79,194,,2024-12-17 10:00:00+00:00,-91267.3000000874
2024-12-17 10:00:00+00:00,Equity(12 [ASIANPAINT]),Equity(12 [ASIANPAINT]),2356.4999999974616,d0d85be9f51a426181e857c69db72142,-13,,2024-12-17 10:00:00+00:00,30634.499999967
2024-12-17 10:00:00+00:00,Equity(89 [MARUTI]),Equity(89 [MARUTI]),11072.649999988545,babbb4e0e54149e6a197b55ce875d9bd,-3,,2024-12-17 10:00:00+00:00,33217.94999996564
2024-12-17 10:00:00+00:00,Equity(95 [NESTLEIND]),Equity(95 [NESTLEIND]),2204.99999999478,61b9103ce575448282f5ab5f33418120,-23,,2024-12-17 10:00:00+00:00,50714.99999987994
2024-12-17 10:00:00+00:00,Equity(127 [ULTRACEMCO]),Equity(127 [ULTRACEMCO]),351.5996608488107,2b287e9dba794c1289c8b5de2da1b679,-160,,2024-12-17 10:00:00+00:00,56255.94573580971
2024-12-17 10:00:00+00:00,Equity(123 [TITAN]),Equity(123 [TITAN]),3406.4999999933466,b19e88003ef54998b76269e3ee966c90,-14,,2024-12-17 10:00:00+00:00,47690.99999990685
2024-12-17 10:00:00+00:00,Equity(56 [GRASIM]),Equity(56 [GRASIM]),2598.9999999983797,75af0423cbea485899b7536a88ad618c,-7,,2024-12-17 10:00:00+00:00,18192.999999988657
2024-12-17 10:00:00+00:00,Equity(96 [NIFTY]),Equity(96 [NIFTY]),7799.999999993057,fd1350e222e346d4a43c80f3e217dc74,-2,,2024-12-17 10:00:00+00:00,15599.999999986114
2024-12-24 10:00:00+00:00,Equity(61 [HDFCBANK]),Equity(61 [HDFCBANK]),1799.6499999967327,63d5154911354bf6865b5cec3ab1f1ad,-96,,2024-12-24 10:00:00+00:00,172766.39999968634
2024-12-24 10:00:00+00:00,Equity(74 [ITC]),Equity(74 [ITC]),478.2500000460307,6ea1536b00bc4f9c8c9bd5fca4256d02,1125,,2024-12-24 10:00:00+00:00,-538031.2500517846
2024-12-24 10:00:00+00:00,Equity(12 [ASIANPAINT]),Equity(12 [ASIANPAINT]),2284.9999999661577,8889cf4fc866443f9c3eb2f41024cc99,-23,,2024-12-24 10:00:00+00:00,52554.999999221625
2024-12-24 10:00:00+00:00,Equity(89 [MARUTI]),Equity(89 [MARUTI]),10745.049999924147,6df1526b70ff4037a1f9aa5b723561a6,-4,,2024-12-24 10:00:00+00:00,42980.19999969659
2024-12-24 10:00:00+00:00,Equity(95 [NESTLEIND]),Equity(95 [NESTLEIND]),2169.9999998356166,e510bb582cc04509b14bff7c4e4a9575,-28,,2024-12-24 10:00:00+00:00,60759.999995397266
2024-12-24 10:00:00+00:00,Equity(127 [ULTRACEMCO]),Equity(127 [ULTRACEMCO]),349.89789941717584,61b2a00d4d5f41c982e9709527fe4a30,-150,,2024-12-24 10:00:00+00:00,52484.68491257638
2024-12-24 10:00:00+00:00,Equity(123 [TITAN]),Equity(123 [TITAN]),3358.999999982639,0988f27746954179b851a8522132ce33,-11,,2024-12-24 10:00:00+00:00,36948.99999980903
2024-12-24 10:00:00+00:00,Equity(56 [GRASIM]),Equity(56 [GRASIM]),2529.299999707218,eaa2b203a1f548b7990da6cae833cb66,-39,,2024-12-24 10:00:00+00:00,98642.6999885815
2024-12-24 10:00:00+00:00,Equity(96 [NIFTY]),Equity(96 [NIFTY]),6889.999999727673,5055428e262e49e2b818f8086953d168,-10,,2024-12-24 10:00:00+00:00,68899.99999727673
2024-12-24 10:00:00+00:00,Equity(18 [BANKNIFTY]),Equity(18 [BANKNIFTY]),2371.9999999948363,d9b7f39f76ba4127b703b16bece6f646,-17,,2024-12-24 10:00:00+00:00,40323.999999912216
2024-12-31 10:00:00+00:00,Equity(61 [HDFCBANK]),Equity(61 [HDFCBANK]),1771.9999999992128,93b6ff7c24ae4f90b2da272be9e52833,-46,,2024-12-31 10:00:00+00:00,81511.9999999638
2024-12-31 10:00:00+00:00,Equity(74 [ITC]),Equity(74 [ITC]),484.4500000018507,1a0a4dcf010d4dcdbb3f481cc3e01897,258,,2024-12-31 10:00:00+00:00,-124988.10000047748
2024-12-31 10:00:00+00:00,Equity(127 [ULTRACEMCO]),Equity(127 [ULTRACEMCO]),379.9000021164042,6cd1f3a70e52478da869f93eb78a1cbe,56,,2024-12-31 10:00:00+00:00,-21274.400118518635
2024-12-31 10:00:00+00:00,Equity(123 [TITAN]),Equity(123 [TITAN]),3253.999999999226,a537f06b45da49e3bfa940efe2267e40,-3,,2024-12-31 10:00:00+00:00,9761.999999997679
2024-12-31 10:00:00+00:00,Equity(56 [GRASIM]),Equity(56 [GRASIM]),2443.999999902466,a0dea28fdedd4ab6844590b092648dfb,-33,,2024-12-31 10:00:00+00:00,80651.99999678138
2024-12-31 10:00:00+00:00,Equity(18 [BANKNIFTY]),Equity(18 [BANKNIFTY]),2530.0000000001223,213dd279359742b7ae0a08aec698c173,6,,2024-12-31 10:00:00+00:00,-15180.000000000735
