,portfolio_value,returns,benchmark_period_return,benchmark_volatility,excess_returns
2018-02-01 10:00:00+00:00,100289.49951080994,0.0028949951080994296,-0.0009156263881712201,,0.0038106214962706497
2018-02-02 10:00:00+00:00,100597.34951079126,0.003069613483794198,-0.02658036208037573,0.2780720837670454,0.029649975564169928
2018-02-05 10:00:00+00:00,100470.14951076746,-0.0012644468332654313,-0.03081853372859389,0.2130439098547555,0.029554086895328457
2018-02-06 10:00:00+00:00,100612.14951076117,0.0014133551177655246,-0.04626632942605635,0.17957759633453937,0.047679684543821876
2018-02-07 10:00:00+00:00,100703.14951076117,0.0009044633321373396,-0.051782751774592795,0.1611349761059409,0.052687215106730134
2018-02-08 10:00:00+00:00,100347.89951076117,-0.0035276950296578846,-0.04092215362578999,0.20268414621567066,0.03739445859613211
2018-02-09 10:00:00+00:00,100571.09951074548,0.002224261803909222,-0.051120962404924586,0.1863967837380457,0.05334522420883381
2018-02-12 10:00:00+00:00,100763.19951074549,0.0019100914769207833,-0.04492915227501426,0.1894634510192336,0.046839243751935045
2018-02-14 10:00:00+00:00,101259.69951074226,0.004927394151908127,-0.05175555495118178,0.17739990994113589,0.05668294910308991
2018-02-15 10:00:00+00:00,101109.54951073095,-0.0014828209123352032,-0.04360557353567762,0.18225955059730853,0.04212275262334242
2018-02-16 10:00:00+00:00,101413.74951073095,0.0030086178948673936,-0.05247627077157391,0.1744811331218222,0.0554848886664413
2018-02-19 10:00:00+00:00,101472.89951073074,0.000583254245949405,-0.05826919415812226,0.16646472234237258,0.05885244840407167
2018-02-20 10:00:00+00:00,101469.19951073074,-3.6462937570758136e-05,-0.06101607332263592,0.1596265084011074,0.060979610385065164
2018-02-21 10:00:00+00:00,101326.74951073075,-0.0014038742858607511,-0.057616470396257724,0.1574549762626552,0.05621259611039697
2018-02-22 10:00:00+00:00,101358.19951073074,0.0003103820082244191,-0.05918935335019537,0.15207712849581012,0.05949973535841979
2018-02-23 10:00:00+00:00,101219.44951073074,-0.0013689075049651,-0.048786568395478125,0.15863214228096653,0.047417660890513025
2018-02-26 10:00:00+00:00,101291.59951073074,0.000712807670351312,-0.04115785942868544,0.15942349769505298,0.04187066709903675
2018-02-27 10:00:00+00:00,101532.09951073074,0.0023743331249743704,-0.04348318783032823,0.15466351123683536,0.0458575209553026
2018-02-28 10:00:00+00:00,101518.34951073027,-0.00013542515191466986,-0.049203586354447215,0.15086365348270833,0.049068161202532545
2018-03-01 10:00:00+00:00,101738.74951073028,0.002171036084237299,-0.05264851731984377,0.1468840222001206,0.05481955340408107
2018-03-05 10:00:00+00:00,101692.69951072166,-0.00045262989991590175,-0.06104780294994894,0.14477015147488037,0.060595173050033035
2018-03-06 10:00:00+00:00,101996.89951072168,0.002991365176297167,-0.07316852058346257,0.14524189498619128,0.07615988575975974
2018-03-07 10:00:00+00:00,102339.34951071239,0.0033574549974897394,-0.07861241806956965,0.14213712435778297,0.08196987306705938
2018-03-08 10:00:00+00:00,101917.19951070765,-0.004125001790836635,-0.07201265558849401,0.14325405429151897,0.06788765379765738
2018-03-09 10:00:00+00:00,102029.94951070765,0.0011062902095162475,-0.07260645289963485,0.1404499181182343,0.0737127431091511
2018-03-12 10:00:00+00:00,102048.39951070765,0.00018082925737483713,-0.05504183778001415,0.15359359288167868,0.055222667037388984
2018-03-13 10:00:00+00:00,102018.49951070461,-0.0002929982258064179,-0.0548922552512533,0.15077306813088256,0.05459925702544688
2018-03-14 10:00:00+00:00,101870.49951070461,-0.0014507172788253975,-0.05575802079650438,0.14799340791889867,0.054307303517678984
2018-03-15 10:00:00+00:00,102048.49951070461,0.0017473164542722852,-0.06150561614403438,0.14582397364895985,0.06325293259830667
2018-03-16 10:00:00+00:00,102074.49951070461,0.00025478081622631876,-0.07349034966049306,0.14655906030915294,0.07374513047671938
2018-03-19 10:00:00+00:00,102266.49951070461,0.0018809790978191465,-0.08492208110092736,0.14680073894612977,0.0868030601987465
2018-03-20 10:00:00+00:00,102176.69951070374,-0.0008780979150603274,-0.08091054964780109,0.14582056368025884,0.08003245173274076
2018-03-21 10:00:00+00:00,102281.24951070374,0.0010232274138886055,-0.07939206034068558,0.1440024756648354,0.08041528775457418
2018-03-22 10:00:00+00:00,102525.19951070374,0.00238509014278776,-0.0837707489098608,0.1419411459773421,0.08615583905264856
2018-03-23 10:00:00+00:00,102806.8495106319,0.0027471294986241013,-0.09463587986256561,0.1420603487079211,0.09738300936118971
2018-03-26 10:00:00+00:00,102262.89951063189,-0.005290989876542751,-0.08067484384490575,0.1480802778372231,0.075383853968363
2018-03-27 10:00:00+00:00,101998.7995106109,-0.002582559278925367,-0.07679929650883455,0.14699336215316344,0.07421673722990918
2018-03-28 10:00:00+00:00,102170.9995106109,0.0016882551640429178,-0.08244717017052416,0.1453591852880534,0.08413542533456708
2018-04-02 10:00:00+00:00,102308.34951061089,0.0013443149294602996,-0.07376685069850508,0.1464750378921337,0.07511116562796538
2018-04-03 10:00:00+00:00,102103.34951061089,-0.0020037465268534227,-0.0712828741602981,0.14504586386449955,0.06927912763344468
2018-04-04 10:00:00+00:00,102273.4995106109,0.0016664487581998788,-0.08256955587587367,0.14550029093028327,0.08423600463407355
2018-04-05 10:00:00+00:00,101695.39951061089,-0.005652490652674147,-0.06373575566373846,0.1539972724296207,0.05808326501106431
2018-04-06 10:00:00+00:00,101777.34951060741,0.0008058378293502866,-0.06434315138658464,0.15216757413172394,0.06514898921593493
2018-04-09 10:00:00+00:00,101726.19951052516,-0.0005025676177282667,-0.0595927728974589,0.15120937293849468,0.059090205279730634
2018-04-10 10:00:00+00:00,101597.49951052514,-0.001265160800455467,-0.0570544027124299,0.14978818334798008,0.05578924191197443
2018-04-11 10:00:00+00:00,101821.74951052514,0.0022072393619958497,-0.05590307052136312,0.14822840762579217,0.05811030988335897
2018-04-12 10:00:00+00:00,101953.94951051711,0.0012983473631860143,-0.05226776179208925,0.14707538681943236,0.053566109155275266
2018-04-13 10:00:00+00:00,102077.94951051711,0.001216235374846386,-0.04958887468610307,0.14578017075690805,0.050805110060949454
2018-04-16 10:00:00+00:00,102149.94951051711,0.0007053433218950911,-0.045328039018375677,0.14479202837174127,0.04603338234027077
2018-04-17 10:00:00+00:00,102177.94951051711,0.00027410684130702023,-0.043800484103456494,0.14341729137902487,0.044074590944763514
2018-04-18 10:00:00+00:00,102225.99951049969,0.00047025801763256325,-0.04478863535405697,0.14197642678904537,0.045258893371689535
2018-04-19 10:00:00+00:00,102238.2995104997,0.0001203216408633967,-0.04193750169980115,0.1408320273482084,0.042057823340664546
2018-04-20 10:00:00+00:00,102433.0495104986,0.0019048634506961815,-0.0408722927828693,0.13953261017711222,0.04277715623356548
2018-04-23 10:00:00+00:00,102409.9495104986,-0.00022551315332697275,-0.04060485735266095,0.13822783500616465,0.04037934419933398
2018-04-24 10:00:00+00:00,102481.3495104986,0.0006971978830310199,-0.03720072162238086,0.13724783158547071,0.03789791950541188
2018-04-25 10:00:00+00:00,102615.7495104986,0.0013114581398661063,-0.04225933077683175,0.13634430607832118,0.043570788916697856
2018-04-26 10:00:00+00:00,102793.44951048597,0.001731702987456174,-0.037635870796957405,0.13562660470424134,0.03936757378441358
2018-04-27 10:00:00+00:00,102365.59951048596,-0.004162230200829731,-0.030460442220348383,0.13548590996159987,0.026298212019518652
2018-04-30 10:00:00+00:00,102237.94951038719,-0.0012470009525582526,-0.02627213141505047,0.13468132354043236,0.025025130462492218
2018-05-02 10:00:00+00:00,102450.0495103872,0.002074572123323737,-0.028456942895736193,0.13358762109455025,0.03053151501905993
2018-05-03 10:00:00+00:00,102420.64951038719,-0.0002869691146126785,-0.03271777856346347,0.13271148170161476,0.032430809448850795
2018-05-04 10:00:00+00:00,102418.5495103872,-2.0503677823247024e-05,-0.03769933005158288,0.13195109266538882,0.03767882637375963
2018-05-07 10:00:00+00:00,102193.8495103872,-0.0021939385108866727,-0.027917539231417376,0.1326369796711895,0.025723600720530704
2018-05-08 10:00:00+00:00,102059.44951038719,-0.0013151476399403395,-0.02868358309082808,0.13158217719257792,0.02736843545088774
2018-05-09 10:00:00+00:00,102151.8495103872,0.0009053546775263932,-0.025578612418069246,0.13074430440723692,0.02648396709559564
2018-05-10 10:00:00+00:00,102188.79951038303,0.0003617164072204915,-0.02904167459907303,0.12988423059651763,0.029403391006293522
2018-05-11 10:00:00+00:00,102035.04951038303,-0.0015045680224903268,-0.021045808516231612,0.12998319454839755,0.019541240493741285
2018-05-14 10:00:00+00:00,101971.49951038303,-0.0006228251988404931,-0.021177259829384787,0.12900984747584035,0.020554434630544294
2018-05-15 10:00:00+00:00,102196.09951035451,0.0022025762203154997,-0.02054720008702937,0.1280699551032812,0.02274977630734487
2018-05-16 10:00:00+00:00,102331.19951027568,0.0013219682607112926,-0.02610441767068228,0.12755146968753256,0.02742638593139357
2018-05-17 10:00:00+00:00,102350.09951027567,0.00018469440493684708,-0.032010661154776576,0.12709456456028329,0.03219535555971342
2018-05-18 10:00:00+00:00,102473.99951027568,0.0012105508503932327,-0.038642153263165,0.12676739092497047,0.039852704113558235
2018-05-21 10:00:00+00:00,102268.19951027568,-0.0020083143137140658,-0.0462663294260558,0.12663559721518633,0.04425801511234173
2018-05-22 10:00:00+00:00,101787.29951027568,-0.00470234151283444,-0.04419030523901424,0.12587088627902784,0.0394879637261798
2018-05-23 10:00:00+00:00,101463.09951025913,-0.0031850732024168993,-0.05458855738982982,0.1264349791964113,0.05140348418741292
2018-05-24 10:00:00+00:00,101254.44951025913,-0.0020564126367822455,-0.045087800411578005,0.12711017505378297,0.04303138777479576
2018-05-25 10:00:00+00:00,101330.49951025913,0.0007510781043975623,-0.03803022473641682,0.12709084659412273,0.03878130284081438
2018-05-28 10:00:00+00:00,101333.94759025813,3.402805686003596e-05,-0.031512052725574446,0.126933137012805,0.03154608078243448
2018-05-29 10:00:00+00:00,101036.09759025814,-0.0029392913932883014,-0.036239767195191064,0.1263729784416011,0.03330047580190276
2018-05-30 10:00:00+00:00,101157.59759025217,0.0012025405067281891,-0.0375316163072148,0.1255808654989939,0.03873415681394299
2018-05-31 10:00:00+00:00,101273.49759025217,0.0011457369763707703,-0.027088036117381087,0.12637458808334628,0.028233773093751857
2018-06-01 10:00:00+00:00,101159.49759025217,-0.0011256646873326615,-0.0312083548641513,0.1257806465042586,0.03008269017681864
2018-06-04 10:00:00+00:00,101015.09759025217,-0.0014274487659564628,-0.036819966094626344,0.12536977574372035,0.03539251732866988
2018-06-05 10:00:00+00:00,101022.69759025217,7.523627835115398e-05,-0.03852430036171728,0.12463413276527785,0.03859953664006843
2018-06-06 10:00:00+00:00,101292.49759025217,0.0026706869489299123,-0.031081436354899905,0.12468773083663724,0.03375212330382982
2018-06-07 10:00:00+00:00,101256.39759025216,-0.00035639362103634387,-0.024341156952867316,0.1245799518027092,0.02398476333183097
2018-06-08 10:00:00+00:00,101387.49759025217,0.0012947330057160311,-0.024599526775272107,0.12385353279791671,0.025894259780988138
2018-06-11 10:00:00+00:00,101409.5475902455,0.00021748243636943165,-0.02255069941164156,0.12320423336792106,0.022768181848010993
2018-06-12 10:00:00+00:00,101794.3475902455,0.0037945145121327517,-0.016168511517854367,0.12302900437809265,0.01996302602998712
2018-06-13 10:00:00+00:00,101917.2475902288,0.001207336191966224,-0.01592374010715525,0.12233772902642538,0.017131076299121473
2018-06-14 10:00:00+00:00,101746.2475902288,-0.0016778318100535428,-0.019998730814907106,0.1218374141990936,0.018320899004853564
2018-06-15 10:00:00+00:00,101569.8475902288,-0.0017337248712150366,-0.019477458366195743,0.12117206519109722,0.017743733494980707
2018-06-18 10:00:00+00:00,101524.8475902288,-0.0004430448707726242,-0.02136310478936032,0.12054568291798766,0.020920059918587697
2018-06-19 10:00:00+00:00,101377.2475902288,-0.0014538312886294147,-0.028955551324938322,0.12053220009430277,0.027501720036308908
2018-06-20 10:00:00+00:00,101398.19759015477,0.0002066538638991755,-0.023334874486659718,0.12029658022141339,0.023541528350558893
2018-06-21 10:00:00+00:00,101227.99759015477,-0.001678530822490032,-0.026176942533111758,0.11974110133200516,0.024498411710621726
2018-06-22 10:00:00+00:00,101390.79759015478,0.0016082507199157714,-0.01870688170288337,0.11979772258491711,0.020315132422799143
2018-06-25 10:00:00+00:00,101224.29759015478,-0.001642160866245801,-0.02469924846111271,0.11955866518287359,0.02305708759486691
2018-06-26 10:00:00+00:00,101168.79759015478,-0.0005482873314144321,-0.02417344320849968,0.11895338916537807,0.023625155877085247
2018-06-27 10:00:00+00:00,100939.94759012439,-0.0022620610848562706,-0.0329308203468498,0.11916433097279812,0.030668759261993528
2018-06-28 10:00:00+00:00,100801.59759011875,-0.0013706169193530293,-0.03959857488645302,0.11902278507014293,0.03822795796709999
2018-06-29 10:00:00+00:00,100865.94759011875,0.0006383827393459107,-0.028946485717134762,0.11979491027625092,0.029584868456480673
2018-07-02 10:00:00+00:00,100897.14759011875,0.0003093214384577436,-0.03435412077202704,0.11949513672698855,0.034663442210484785
2018-07-03 10:00:00+00:00,100819.14759011875,-0.0007730644707307777,-0.02926831479416514,0.1192302303958066,0.028495250323434362
2018-07-04 10:00:00+00:00,100795.74759011876,-0.00023209876853069744,-0.023484457015420457,0.11904573144677545,0.02325235824688976
2018-07-05 10:00:00+00:00,100764.54759011875,-0.00030953686783374845,-0.025138930439591145,0.11849993741834845,0.024829393571757397
2018-07-06 10:00:00+00:00,100762.59759011875,-1.9352044410836378e-05,-0.023634039544180974,0.11797044304953623,0.023614687499770137
2018-07-09 10:00:00+00:00,100949.79759011875,0.0018578322162903227,-0.016286364419302313,0.11800882498159246,0.018144196635592635
2018-07-10 10:00:00+00:00,101021.94759011875,0.00071471168563364,-0.007578848123872217,0.11825150839575099,0.008293559809505857
2018-07-11 10:00:00+00:00,100860.09759011875,-0.0016021271007037319,-0.00802306290625232,0.1177094191337553,0.006420935805548589
2018-07-12 10:00:00+00:00,100977.09759011875,0.0011600226729451268,-0.0013961036017657857,0.11761066800962838,0.0025561262747109126
2018-07-13 10:00:00+00:00,100793.79759011875,-0.0018152631079182413,-0.0007932406828213834,0.11708302594747383,-0.001022022425096858
2018-07-16 10:00:00+00:00,100551.99759011876,-0.002398957136065749,-0.008159047023307497,0.11708065131985247,0.005760089887241748
2018-07-17 10:00:00+00:00,100400.72374115068,-0.00150443404998013,-0.0014097020134713478,0.11700557868045149,-9.473203650878226e-05
2018-07-18 10:00:00+00:00,100342.22374115068,-0.0005826651225226964,-0.004283499687236292,0.11656992640630269,0.0037008345647135954
2018-07-19 10:00:00+00:00,100350.02374115068,7.773397587929054e-05,-0.005756660955333448,0.1160821859936934,0.0058343949312127386
2018-07-20 10:00:00+00:00,100256.42374115068,-0.000932735205339319,-0.0016998014631887104,0.11573754421921903,0.0007670662578493914
2018-07-23 10:00:00+00:00,100104.32374115067,-0.0015171097703695624,0.0043832213730772285,0.11558406444602931,-0.005900331143446791
2018-07-24 10:00:00+00:00,100095.97374114559,-8.341298050884571e-05,0.009287715194865598,0.11530676801607471,-0.009371128175374444
2018-07-25 10:00:00+00:00,99917.37374114558,-0.0017842875524831658,0.008358490394988927,0.1148308622867391,-0.010142777947472092
2018-07-26 10:00:00+00:00,99250.87374112647,-0.006670511594367934,0.013920240782543614,0.11461862988478472,-0.020590752376911547
2018-07-27 10:00:00+00:00,99339.37374097135,0.0008916798060207842,0.022020361355127527,0.11470005662892056,-0.021128681549106743
2018-07-30 10:00:00+00:00,98989.67374097087,-0.0035202557337670193,0.025583145221971915,0.11432553805292027,-0.029103400955738934
2018-07-31 10:00:00+00:00,99084.87374097087,0.0009617164740749473,0.029603742282901857,0.11398124714624988,-0.02864202580882691
2018-08-01 10:00:00+00:00,99064.47374097088,-0.00020588409945720976,0.026349189081382507,0.1136246383100335,-0.026555073180839717
2018-08-02 10:00:00+00:00,99227.11734082169,0.0016417954258365342,0.01880660338872464,0.11367612527976786,-0.017164807962888107
2018-08-03 10:00:00+00:00,99418.51734082168,0.001928908196965784,0.03005702267308563,0.11425467699707283,-0.028128114476119848
2018-08-06 10:00:00+00:00,99718.81734082168,0.0030205640561962177,0.032504736780077925,0.11384273871375472,-0.029484172723881708
2018-08-07 10:00:00+00:00,99553.81734082168,-0.0016546525961700365,0.03249113836837236,0.11339788614851161,-0.0341457909645424
2018-08-08 10:00:00+00:00,99751.81734082168,0.001988874010949937,0.0384835051266017,0.11321965303791541,-0.036494631115651766
2018-08-09 10:00:00+00:00,99997.96734082019,0.002467624215381603,0.039924936767385955,0.11279315662538554,-0.03745731255200435
2018-08-10 10:00:00+00:00,99522.7673408202,-0.004752096593927613,0.03541026408115555,0.11254657188522411,-0.040162360675083164
2018-08-13 10:00:00+00:00,99324.21734081968,-0.0019950208912555834,0.030156744358925902,0.11236216399149573,-0.032151765250181485
2018-08-14 10:00:00+00:00,99268.11734081968,-0.0005648169349022902,0.03653439944881143,0.11223521233257534,-0.03709921638371372
2018-08-16 10:00:00+00:00,99202.11734081968,-0.0006648660392479799,0.032681516132249344,0.1119497628240266,-0.033346382171497324
2018-08-17 10:00:00+00:00,99505.71734081968,0.0030604185489002678,0.039421795534281934,0.1118598230227668,-0.036361376985381666
2018-08-20 10:00:00+00:00,99677.31734081967,0.0017245240232000025,0.04749018647955294,0.11190531899871412,-0.04576566245635294
2018-08-21 10:00:00+00:00,99669.06734081967,-8.276707499865754e-05,0.049004142982766785,0.11150574256046472,-0.04908691005776544
2018-08-23 10:00:00+00:00,99515.61734081968,-0.0015395950227492516,0.049661399548533325,0.11110153351430617,-0.051200994571282576
2018-08-24 10:00:00+00:00,99449.61734081968,-0.0006632124862769873,0.047648834616117464,0.1107438085265703,-0.04831204710239445
2018-08-27 10:00:00+00:00,99662.46734081968,0.0021402797284835184,0.06038601358028117,0.11146969435657653,-0.058245733851797654
2018-08-28 10:00:00+00:00,99614.61734081968,-0.0004801205637060546,0.06464231644410678,0.11117567542083547,-0.06512243700781284
2018-08-29 10:00:00+00:00,99756.51734081967,0.001424489736425949,0.05949305121161941,0.11100689455899268,-0.05806856147519346
2018-08-30 10:00:00+00:00,99741.66734081968,-0.00014886245426204425,0.058822196234147306,0.11062699338377106,-0.05897105868840935
2018-08-31 10:00:00+00:00,99773.01734081967,0.0003143119704713815,0.058450506314196904,0.11024690240569504,-0.05813619434372552
2018-09-03 10:00:00+00:00,99619.56734081967,-0.0015379909728080454,0.04898601176715989,0.11055178271268001,-0.05052400273996793
2018-09-04 10:00:00+00:00,99309.36734081968,-0.0031138460874733376,0.04464358562919957,0.11032935882477195,-0.047757431716672905
2018-09-05 10:00:00+00:00,99330.81734081967,0.00021599170928543465,0.03994306798299396,0.11013324554864674,-0.03972707627370853
2018-09-06 10:00:00+00:00,99271.41734081968,-0.0005980017238375046,0.0442809613170525,0.10987662779524232,-0.04487896304089001
2018-09-07 10:00:00+00:00,99139.41734081968,-0.0013296878752804275,0.05034585293771121,0.10973850497064339,-0.05167554081299164
2018-09-10 10:00:00+00:00,98931.51734081967,-0.0020970468212989646,0.03706020470142524,0.11065396417962779,-0.0391572515227242
2018-09-11 10:00:00+00:00,98828.3173408012,-0.001043145832515302,0.022781872410636783,0.11175734719845383,-0.023825018243152085
2018-09-12 10:00:00+00:00,98959.2173408012,0.0013245191613313612,0.0307777384934782,0.11182038037728187,-0.02945321933214684
2018-09-14 10:00:00+00:00,99122.4173408012,0.0016491642151732488,0.04351945026154369,0.11253078779429607,-0.04187028604637044
2018-09-17 10:00:00+00:00,98937.1173408012,-0.0018694055791932396,0.030904657002729596,0.11327199215556114,-0.032774062581922836
2018-09-18 10:00:00+00:00,98529.4173407988,-0.0041207992607872335,0.022804536430145905,0.11337196656238759,-0.02692533569093314
2018-09-19 10:00:00+00:00,98437.21734079691,-0.0009357611410912847,0.018715947310688374,0.11313127641122112,-0.01965170845177966
2018-09-21 10:00:00+00:00,98412.01734079691,-0.00025600073509557397,0.01177169173307302,0.11311245549910943,-0.012027692468168594
2018-09-24 10:00:00+00:00,98156.41734079692,-0.002597243780857239,-0.005076740370057231,0.11470922624630567,0.002479496589199992
2018-09-25 10:00:00+00:00,98491.21734079043,0.0034108824370706614,0.004473877451114383,0.11498158862222209,-0.0010629950140437217
2018-09-26 10:00:00+00:00,98139.71734079043,-0.0035688461315670494,0.0014822268759016044,0.11468447160573782,-0.005051073007468654
2018-09-27 10:00:00+00:00,98307.51274104144,0.001709760378342473,-0.004056859492143738,0.11453832439764136,0.0057666198704862115
2018-09-28 10:00:00+00:00,98306.86274097623,-6.61190632422759e-06,-0.008970418921735779,0.11434897666829903,0.008963807015411551
2018-10-01 10:00:00+00:00,97983.11274097623,-0.003293259401971116,-0.001459562856390928,0.11438713651966866,-0.001833696545580188
2018-10-03 10:00:00+00:00,98079.31274097622,0.0009818018361418268,-0.016340758066123784,0.1155188665462888,0.01732255990226561
2018-10-04 10:00:00+00:00,98138.51274097622,0.0006035931364685165,-0.04333360530156671,0.12000316259383689,0.04393719843803523
2018-10-05 10:00:00+00:00,98571.41274097623,0.004411112293321251,-0.06954681026589371,0.12420673056622634,0.07395792255921496
2018-10-08 10:00:00+00:00,98282.81274097622,-0.00292782655716195,-0.06146028810501547,0.12433394004947924,0.05853246154785352
2018-10-09 10:00:00+00:00,98403.06274097622,0.0012235099570963026,-0.06698577606135558,0.12414782810422671,0.06820928601845189
2018-10-10 10:00:00+00:00,97857.31274097622,-0.005546067213746841,-0.051492652324874655,0.12549555813991034,0.04594658511112781
2018-10-11 10:00:00+00:00,98441.91274097623,0.0059740042274347704,-0.07092931545595449,0.12750895719300537,0.07690331968338926
2018-10-12 10:00:00+00:00,98375.31274097622,-0.0006765411006921518,-0.05126601212978288,0.1297869232906854,0.05058947102909073
2018-10-15 10:00:00+00:00,98388.26274097622,0.00013163871747057243,-0.04650656803285336,0.1295664409767776,0.04663820675032393
2018-10-16 10:00:00+00:00,98125.56274097622,-0.0026700339317060617,-0.04118052344819423,0.1293816616286286,0.03851048951648817
2018-10-17 10:00:00+00:00,98445.4127409535,0.003259599140557956,-0.05187794065653095,0.12967658382682698,0.05513753979708891
2018-10-19 10:00:00+00:00,98439.96274095078,-5.536062931710273e-05,-0.06474203812994628,0.13028077431577165,0.06468667750062917
2018-10-22 10:00:00+00:00,98482.51274095078,0.0004322431542560512,-0.07054402712429841,0.13009797064770653,0.07097627027855447
2018-10-23 10:00:00+00:00,98630.91274094734,0.0015068665072235365,-0.07672677164640485,0.12994442808364215,0.07823363815362838
2018-10-24 10:00:00+00:00,98630.91274094734,0.0,-0.07169082651146341,0.12976591005810806,0.07169082651146341
2018-10-25 10:00:00+00:00,98822.81274094734,0.0019456374747743865,-0.08081082796196071,0.1298843059381185,0.0827564654367351
2018-10-26 10:00:00+00:00,98926.41274094534,0.001048340935908998,-0.09229242024531537,0.13030189841966544,0.09334076118122436
2018-10-29 10:00:00+00:00,98165.91274094534,-0.007687532368038985,-0.07086132339742723,0.13300277861006124,0.06317379102938825
2018-10-30 10:00:00+00:00,97913.41274078935,-0.0025721759529941934,-0.07619643358988992,0.13278667182799683,0.07362425763689573
2018-10-31 10:00:00+00:00,97666.81274078935,-0.002518551780569922,-0.060621719383175954,0.13395459405689336,0.05810316760260603
2018-11-01 10:00:00+00:00,97488.41274078867,-0.0018266184284537745,-0.058885655488772226,0.1336137094901815,0.05705903706031845
2018-11-02 10:00:00+00:00,97481.21274078154,-7.3854931111339e-05,-0.04292565295040185,0.13475657406013455,0.04285179801929051
2018-11-05 10:00:00+00:00,97125.91274078154,-0.00364480488096508,-0.0457405241734431,0.1344315036329998,0.04209571929247802
2018-11-06 10:00:00+00:00,97491.41274078154,0.003763156398596701,-0.04626179662215446,0.13407212907828372,0.05002495302075116
2018-11-09 10:00:00+00:00,97564.51274078153,0.0007498096288167666,-0.040718177450207005,0.13389617565718484,0.04146798707902377
2018-11-12 10:00:00+00:00,97766.81274078153,0.002073499824034375,-0.049965097409955805,0.13398468096920688,0.05203859723399018
2018-11-13 10:00:00+00:00,97682.91274077859,-0.0008581644184861847,-0.0407499070775198,0.1341179140697522,0.03989174265903361
2018-11-14 10:00:00+00:00,97555.16274077859,-0.0013078029351869525,-0.04193296889589948,0.13377177913431654,0.04062516596071253
2018-11-15 10:00:00+00:00,97474.66274077859,-0.0008251741654503597,-0.03892318710507936,0.13347718307530346,0.038098012939629
2018-11-16 10:00:00+00:00,97257.66274077859,-0.0022262195518141237,-0.031716028901157656,0.13341759185111202,0.029489809349343532
2018-11-19 10:00:00+00:00,97376.31274074539,0.0012199552880789444,-0.02360230991686829,0.13342450318515586,0.024822265204947236
2018-11-20 10:00:00+00:00,97337.30450219676,-0.00040059268471670517,-0.03473487629978156,0.13369890193160638,0.03433428361506485
2018-11-21 10:00:00+00:00,97475.00450219677,0.0014146683093829715,-0.03856509559683441,0.13342747648686437,0.03997976390621738
2018-11-22 10:00:00+00:00,97335.60450219676,-0.0014301102186342618,-0.04608955007388482,0.1333687958812677,0.04465943985525056
2018-11-26 10:00:00+00:00,97475.00450219677,0.0014321583629437473,-0.03604938943131464,0.13357826777742285,0.037481547794258385
2018-11-27 10:00:00+00:00,97554.90450219676,0.0008196973204366298,-0.03131714215779613,0.13336315081678798,0.03213683947823276
2018-11-28 10:00:00+00:00,97384.90450219676,-0.001742608440523652,-0.028026326525062095,0.1330877359053117,0.026283718084538443
2018-11-29 10:00:00+00:00,97520.90450219676,0.001396520340551488,-0.014038093683991115,0.1337402069309648,0.015434614024542603
2018-11-30 10:00:00+00:00,97386.60450219676,-0.0013771406313913825,-0.0134080339416357,0.1334108674333213,0.012030893310244317
2018-12-03 10:00:00+00:00,97497.10450219676,0.001134652969623895,-0.012773441395378393,0.1330839751400821,0.013908094365002288
2018-12-04 10:00:00+00:00,97337.30450219676,-0.0016390230337188783,-0.01459562856391694,0.13277268532237138,0.012956605530198062
2018-12-05 10:00:00+00:00,97262.50450219677,-0.0007684617976893016,-0.021789188356133193,0.13269185276118126,0.021020726558443892
2018-12-06 10:00:00+00:00,97099.30450219676,-0.0016779333499099547,-0.03959404208255124,0.13387224994934746,0.037916108732641285
2018-12-07 10:00:00+00:00,97108.15450215759,9.114380382224674e-05,-0.029780521635072832,0.13403612129003592,0.02987166543889508
2018-12-10 10:00:00+00:00,97050.40450215759,-0.0005946977398145759,-0.05016907358553846,0.13566951840348637,0.049574375845723884
2018-12-11 10:00:00+00:00,97309.40450215759,0.002668716336924115,-0.04286219369577626,0.13562113594669117,0.04553091003270038
2018-12-12 10:00:00+00:00,97433.65450215759,0.0012768550032309367,-0.026634755727197645,0.1365862790818498,0.027911610730428582
2018-12-13 10:00:00+00:00,97556.75450213603,0.0012634238201103543,-0.021956902100501163,0.13636678271617533,0.023220325920611518
2018-12-14 10:00:00+00:00,97551.65450213602,-5.227726184653392e-05,-0.020701315419692223,0.13605272720758493,0.02064903815784569
2018-12-17 10:00:00+00:00,97604.35450213602,0.0005402266139817868,-0.013204057766052935,0.1359910817260485,0.013744284380034721
2018-12-18 10:00:00+00:00,97728.45450213602,0.0012714596662517508,-0.010593162718594451,0.13570379495638804,0.011864622384846202
2018-12-19 10:00:00+00:00,97918.85450213602,0.0019482555103318422,-0.006300597423554266,0.13546940293678766,0.008248852933886108
2018-12-20 10:00:00+00:00,97732.5545021221,-0.0019025957866966037,-0.0063640566781800745,0.13515547416593054,0.004461460891483471
2018-12-21 10:00:00+00:00,97666.5545021221,-0.00067531233923257,-0.02500747912643808,0.1363453837267247,0.02433216678720551
2018-12-24 10:00:00+00:00,97716.0545021221,0.0005068265206278344,-0.03252286799568482,0.13627822957112193,0.03302969451631266
2018-12-26 10:00:00+00:00,97752.3545021221,0.0003714845035953651,-0.026176942533112202,0.13615420046723078,0.026548427036707567
2018-12-27 10:00:00+00:00,97709.4545021221,-0.0004388641093967527,-0.023226087193016,0.13588510012012567,0.022787223083619246
2018-12-28 10:00:00+00:00,97747.40450212211,0.0003883963961666126,-0.01557471420671419,0.13583853975025825,0.015963110602880803
2018-12-31 10:00:00+00:00,97791.9545021221,0.0004557665774032049,-0.015307278776505728,0.13553264178063243,0.015763045353908933
2019-01-01 10:00:00+00:00,97953.65450212211,0.0016535102588270956,-0.010584097110791002,0.1353253971199171,0.012237607369618098
2019-01-02 10:00:00+00:00,97725.9545021221,-0.0023245687070825305,-0.02255523221554423,0.13562765632330012,0.0202306635084617
2019-01-03 10:00:00+00:00,97635.2045021221,-0.0009286171771084595,-0.03290815632734123,0.1357816967816875,0.03197953915023277
2019-01-04 10:00:00+00:00,97841.4545021221,0.002112455246565448,-0.027196823411025806,0.13562922160130528,0.029309278657591253
2019-01-07 10:00:00+00:00,97816.7045021221,-0.00025296026235444025,-0.023575113093457722,0.13538935213101067,0.023322152831103282
2019-01-08 10:00:00+00:00,98112.0545021221,0.0030194229247784143,-0.021947836492697936,0.13510437806449682,0.02496725941747635
2019-01-09 10:00:00+00:00,98087.3045021221,-0.0002522625800224221,-0.01639968451684881,0.13494258497281514,0.01614742193682639
2019-01-10 10:00:00+00:00,98113.7045021221,0.00026914798132149365,-0.01948652397400008,0.13468789760955774,0.019755671955321574
2019-01-11 10:00:00+00:00,97985.0045021221,-0.001311743355865369,-0.022405649686783602,0.13443068621600177,0.021093906330918233
2019-01-14 10:00:00+00:00,97947.0545021221,-0.00038730416141563584,-0.026258533003345574,0.13420130615005121,0.02587122884192994
2019-01-15 10:00:00+00:00,97985.0045021221,0.00038745422404895535,-0.013249385805071623,0.13463721552353106,0.013636840029120578
2019-01-16 10:00:00+00:00,98027.90450212211,0.0004378220955132406,-0.012882228689022557,0.13434983818116344,0.013320050784535797
2019-01-17 10:00:00+00:00,97844.7545021221,-0.0018683455586469,-0.012746244571967491,0.13406378113520423,0.010877899013320591
2019-01-18 10:00:00+00:00,97775.4545021221,-0.0007082648462110042,-0.011182427225833402,0.1337896548215764,0.010474162379622398
2019-01-21 10:00:00+00:00,97676.4545021221,-0.0010125240583549466,-0.007370339144388005,0.13356639090386413,0.0063578150860330584
2019-01-22 10:00:00+00:00,97633.5545021221,-0.00043920513104900305,-0.010266800837662071,0.13331926570166086,0.009827595706613068
2019-01-23 10:00:00+00:00,97475.15450212211,-0.0016223930472238912,-0.01890632507456458,0.13333986526604996,0.017283932027340687
2019-01-24 10:00:00+00:00,97544.4545021221,0.0007109503991447053,-0.015570181402811967,0.1331084008384523,0.016281131801956672
2019-01-25 10:00:00+00:00,97458.65450212211,-0.0008795989524768011,-0.023139963918880735,0.13306171537235442,0.022260364966403934
2019-01-28 10:00:00+00:00,97340.40450211776,-0.001213335035338381,-0.03217384209524321,0.1331156210899852,0.03096050705990483
2019-01-29 10:00:00+00:00,97311.50450211776,-0.00029689623900608364,-0.031874677037721844,0.1328420872720943,0.03157778079871576
2019-01-30 10:00:00+00:00,97520.60450211776,0.0021487695732360645,-0.035396665669449656,0.13261819964627178,0.03754543524268572
2019-01-31 10:00:00+00:00,97762.00450211776,0.0024753743194319,-0.01934147424914079,0.13342950691433753,0.02181684856857269
2019-02-01 10:00:00+00:00,97350.60450211776,-0.004208178853279287,-0.012506005965169709,0.1333463908137817,0.008297827111890421
2019-02-04 10:00:00+00:00,97406.70450211776,0.0005762676080638407,-0.011028311893170661,0.1330849148110089,0.011604579501234502
2019-02-05 10:00:00+00:00,97418.60450211776,0.0001221681819625342,-0.008616860217392941,0.13283915735960442,0.008739028399355475
2019-02-06 10:00:00+00:00,97583.50450211776,0.001692695156564561,0.003422266945887875,0.13313158856220547,-0.0017295717893233142
2019-02-07 10:00:00+00:00,97507.00450211776,-0.0007839439707592044,0.002148549049471482,0.13287162287389315,-0.0029324930202306865
2019-02-08 10:00:00+00:00,97316.7038969425,-0.001951660869359717,-0.008893361255404852,0.13306724627962757,0.006941700386045135
2019-02-11 10:00:00+00:00,97520.7038969425,0.0020962485558084776,-0.011857815007206729,0.132836498235637,0.013954063563015207
2019-02-12 10:00:00+00:00,97702.60389694251,0.0018652449452396525,-0.018339724586834527,0.13273402705146095,0.02020496953207418
2019-02-13 10:00:00+00:00,97979.65389693262,0.0028356460210863244,-0.023248751212524676,0.13256431470142335,0.026084397233611
2019-02-14 10:00:00+00:00,97956.60389693046,-0.00023525292328963054,-0.024558731540155754,0.13231025956160128,0.024323478616866123
2019-02-15 10:00:00+00:00,98115.2538968981,0.001619594735384533,-0.02736906995929511,0.13208108124042392,0.028988664694679644
2019-02-18 10:00:00+00:00,98246.6038968981,0.001338731693422801,-0.03620803756787849,0.13212455505954718,0.037546769261301294
2019-02-19 10:00:00+00:00,98124.5038968981,-0.0012427910498375994,-0.03857869400853953,0.1318886463090762,0.03733590295870193
2019-02-20 10:00:00+00:00,97930.2538968981,-0.0019796278430523895,-0.026149745709700634,0.13225881372691997,0.024170117866648244
2019-02-21 10:00:00+00:00,97930.2538968981,-1.1102230246251565e-16,-0.021644138631274012,0.1320847761444186,0.0216441386312739
2019-02-22 10:00:00+00:00,97826.65389689809,-0.0010578957561886426,-0.021848114806856778,0.13183158978191103,0.020790219050668135
2019-02-25 10:00:00+00:00,97850.70389689809,0.00024584301968810784,-0.013738928626469415,0.13183278723967143,0.013984771646157523
2019-02-26 10:00:00+00:00,97998.70389689809,0.001512508281554359,-0.0182853309400125,0.1316583629767355,0.01979783922156686
2019-02-27 10:00:00+00:00,97945.0538968981,-0.0005474562199968558,-0.021467359279102594,0.1314459515398062,0.020919903059105738
2019-02-28 10:00:00+00:00,97887.70389689809,-0.0005855323747167018,-0.02075117626261236,0.1311999001102118,0.020165643887895657
2019-03-01 10:00:00+00:00,97748.95389689809,-0.0014174405413179825,-0.015325409992112626,0.1310654294405194,0.013907969450794644
2019-03-05 10:00:00+00:00,97634.35389677901,-0.0011723910645629054,-0.004079523511653305,0.1312896478830924,0.002907132447090399
2019-03-06 10:00:00+00:00,97548.85389677517,-0.0008757163497413734,0.0016680718358768054,0.1311626931481009,-0.0025437881856181788
2019-03-07 10:00:00+00:00,97414.10389677517,-0.0013813591304987494,0.0020261633441218674,0.1309190280640039,-0.0034075224746206167
2019-03-08 10:00:00+00:00,97429.85389677517,0.00016168090009527347,0.0005348708604173691,0.13068468594569235,-0.0003731899603220956
2019-03-11 10:00:00+00:00,97232.95389677442,-0.0020209411399648713,0.013158729727035245,0.1310042659474104,-0.015179670867000117
2019-03-12 10:00:00+00:00,97221.05389677442,-0.00012238649061946383,0.02352525225053781,0.13112633775156363,-0.023647638741157273
2019-03-13 10:00:00+00:00,96998.35389677441,-0.0022906560983843027,0.028252966720154316,0.1309570808897946,-0.03054362281853862
2019-03-14 10:00:00+00:00,97050.85389677127,0.0005412462983931388,0.028656386267417844,0.13071812063278251,-0.028115139969024705
2019-03-15 10:00:00+00:00,96859.45389677127,-0.0019721619369116317,0.03636668570444357,0.13066956998696486,-0.0383388476413552
2019-03-18 10:00:00+00:00,96813.25389677128,-0.00047697976956628807,0.04068191501899299,0.1304884376080583,-0.041158894788559275
2019-03-19 10:00:00+00:00,96699.40389677127,-0.0011759753485962587,0.04616207493631452,0.13034274474494537,-0.04733805028491078
2019-03-20 10:00:00+00:00,96656.50389677128,-0.00044364285891351773,0.04405432112195995,0.13012506727245926,-0.04449796398087347
2019-03-22 10:00:00+00:00,96851.05389676659,0.0020127978165143112,0.03915436010407358,0.12997417865220887,-0.03714156228755927
2019-03-25 10:00:00+00:00,96967.15389674786,0.001198747925913457,0.029014477775662906,0.13008210825344985,-0.02781572984974945
2019-03-26 10:00:00+00:00,97106.15206346377,0.0014334561872766383,0.041910304876390914,0.13037818376427085,-0.040476848689114275
2019-03-27 10:00:00+00:00,97203.75206346378,0.0010050856503529548,0.03654346505661521,0.1302439693615174,-0.035538379406262255
2019-03-28 10:00:00+00:00,97562.15206346377,0.0036871004708336486,0.04993336778264368,0.13056784994226334,-0.04624626731181003
2019-03-29 10:00:00+00:00,97599.20206346047,0.00037975792059818936,0.05264398451594254,0.13035692780469638,-0.052264226595344354
2019-04-01 10:00:00+00:00,97625.55206346046,0.000269981715453671,0.056650983165166924,0.13017172803870997,-0.05638100144971325
2019-04-02 10:00:00+00:00,97900.55206345928,0.0028168854791219555,0.06293798217701574,0.1300545926470442,-0.06012109669789378
2019-04-03 10:00:00+00:00,97617.05206345928,-0.002895795723564687,0.05502823936830925,0.1300268207501381,-0.05792403509187394
2019-04-04 10:00:00+00:00,97650.05206345928,0.0003380556911158905,0.05202299038139091,0.12983249534721347,-0.05168493469027502
2019-04-05 10:00:00+00:00,97515.05206345928,-0.001382487742170091,0.059234681389214616,0.12975566962246868,-0.06061716913138471
2019-04-08 10:00:00+00:00,97366.55206345928,-0.0015228418265456067,0.051651300461440286,0.12971423882910257,-0.05317414228798589
2019-04-09 10:00:00+00:00,97421.35206345838,0.000562821614175979,0.05860915445076098,0.12962800539285332,-0.058046332836585
2019-04-10 10:00:00+00:00,97300.45206345838,-0.0012410010479148026,0.05004668788018973,0.12963550211065625,-0.051287688928104536
2019-04-11 10:00:00+00:00,97446.15206345837,0.0014974236697786747,0.05188247346043395,0.1294220308395123,-0.05038504979065528
2019-04-12 10:00:00+00:00,97418.25206345838,-0.00028631197239925577,0.05447070448838298,0.12921855210718966,-0.05475701646078224
2019-04-15 10:00:00+00:00,97461.65206345837,0.00044550173176705066,0.05955651046624477,0.12906946750951867,-0.05911100873447772
2019-04-16 10:00:00+00:00,97453.90206345837,-7.951845506348754e-05,0.06931563726690104,0.12911662131913568,-0.06939515572196453
2019-04-18 10:00:00+00:00,97284.95206345838,-0.0017336401767678034,0.06492335028602048,0.12896158985530276,-0.06665699046278828
2019-04-22 10:00:00+00:00,97275.65206345837,-9.559546263571139e-05,0.050830862955207445,0.129338200725868,-0.05092645841784316
2019-04-23 10:00:00+00:00,97137.70206345838,-0.0014181349296943369,0.04972485880315913,0.129126829221165,-0.05114299373285347
2019-04-24 10:00:00+00:00,97302.00206345838,0.001691413287630228,0.06291985096140817,0.12940777795845265,-0.06122843767377795
2019-04-25 10:00:00+00:00,97170.25206345838,-0.0013540317486383513,0.05627929324521608,0.1293283110555627,-0.05763332499385443
2019-04-26 10:00:00+00:00,97337.65206345837,0.0017227494675084998,0.06509106403038856,0.12932660585446443,-0.06336831456288006
2019-04-30 10:00:00+00:00,97320.60206345838,-0.00017516346078361167,0.06422076568123569,0.12911661506728309,-0.0643959291420193
2019-05-02 10:00:00+00:00,97213.65206345837,-0.0010989451126727223,0.06238044729708947,0.12891647698756065,-0.06347939240976219
2019-05-03 10:00:00+00:00,97269.45206345838,0.0005739934547830394,0.06157360820256241,0.12870810560839194,-0.060999614747779374
2019-05-06 10:00:00+00:00,97235.35206345838,-0.00035057255157300293,0.050907920621538594,0.12883440469001592,-0.0512584931731116
2019-05-07 10:00:00+00:00,97129.95206345838,-0.0010839678960717913,0.04213241226758102,0.12885642908321018,-0.04321638016365281
2019-05-08 10:00:00+00:00,96910.90206340644,-0.002255226069799998,0.029998096222361603,0.1290884567984948,-0.0322533222921616
2019-05-09 10:00:00+00:00,96950.90206340644,0.00041275025975751056,0.02422330405142059,0.12898310138989913,-0.02381055379166308
2019-05-10 10:00:00+00:00,97176.50206340644,0.0023269510153960393,0.020497339244110124,0.12881908403673076,-0.018170388228714085
2019-05-13 10:00:00+00:00,97203.70206340644,0.0002799030570399541,0.011241353676557875,0.12887547995290377,-0.01096145061951792
2019-05-14 10:00:00+00:00,97472.50206340644,0.00276532677556518,0.018910857878466913,0.1288453761651531,-0.016145531102901733
2019-05-15 10:00:00+00:00,97330.40206339651,-0.0014578470543157307,0.01013534952450934,0.12887556797104632,-0.011593196578825071
2019-05-16 10:00:00+00:00,97476.10206339651,0.001496962890434661,0.022197140707299168,0.12910787866994908,-0.020700177816864507
2019-05-17 10:00:00+00:00,97621.8020633965,0.0014947253420662943,0.03504310696510715,0.12938246093951647,-0.03354838162304086
2019-05-20 10:00:00+00:00,98373.50206339029,0.007700124194650826,0.07270617458547579,0.13315863015564144,-0.06500605039082497
2019-05-21 10:00:00+00:00,98108.70206338547,-0.002691781775077895,0.06176851877034162,0.13327366864281262,-0.06446030054541951
2019-05-22 10:00:00+00:00,98269.65206338547,0.0016405272581836439,0.06566219732202017,0.1330991481769228,-0.06402167006383652
2019-05-23 10:00:00+00:00,98275.05206338494,5.495084073348089e-05,0.05908963166435566,0.13301174887987738,-0.059034680823622177
2019-05-24 10:00:00+00:00,98655.85206338494,0.003874838954594617,0.07384844116873879,0.13335904220336625,-0.06997360221414417
2019-05-27 10:00:00+00:00,98780.45206338495,0.0012629762694658098,0.08066577823710275,0.1332601541283386,-0.07940280196763694
2019-05-28 10:00:00+00:00,98774.85206338494,-5.66913785372547e-05,0.08254235905246365,0.13305932062334808,-0.08259905043100091
2019-05-29 10:00:00+00:00,98437.45206338495,-0.0034158492060659684,0.07535786486805107,0.13299317628435928,-0.07877371407411704
2019-05-30 10:00:00+00:00,98599.85206338494,0.0016497785811786514,0.08283245850218135,0.13291844929480498,-0.0811826799210027
2019-05-31 10:00:00+00:00,98557.85206338494,-0.00042596412794815297,0.0804618020615202,0.13273155600629982,-0.08088776618946836
2019-06-03 10:00:00+00:00,98650.25206338493,0.0009375204315589247,0.09624502524771872,0.1331239950597726,-0.0953075048161598
2019-06-04 10:00:00+00:00,98566.25206338493,-0.000851493009323856,0.09115468646595515,0.13299135309698762,-0.092006179475279
2019-06-06 10:00:00+00:00,98104.25206338493,-0.0046872026715889525,0.0741385406184567,0.13351521151639423,-0.07882574329004566
2019-06-07 10:00:00+00:00,98266.65206338494,0.0016553818675981713,0.07552104580851715,0.1333152110479343,-0.07386566394091898
2019-06-10 10:00:00+00:00,98346.45206338495,0.0008120761043992619,0.08137289564578953,0.13318992825059386,-0.08056081954139027
2019-06-11 10:00:00+00:00,98426.25206338493,0.0008114171719033614,0.08450506314195949,0.13300824573245426,-0.08369364597005613
2019-06-12 10:00:00+00:00,98359.05206338494,-0.0006827446803189252,0.08037567878738527,0.13285536190849323,-0.0810584234677042
2019-06-13 10:00:00+00:00,98375.85206338494,0.0001708027847726612,0.07931046987045343,0.1326601945166612,-0.07913966708568076
2019-06-14 10:00:00+00:00,98298.85206338494,-0.0007827124074145653,0.07072533928037306,0.13265306077046235,-0.07150805168778762
2019-06-17 10:00:00+00:00,98154.65206338494,-0.001466955076006582,0.05831905500104351,0.13285025631843772,-0.05978601007705009
2019-06-18 10:00:00+00:00,98231.8520633813,0.0007865139183265146,0.06074863789242846,0.13266475082250043,-0.059962123974101944
2019-06-19 10:00:00+00:00,98170.95206338131,-0.0006199618425265507,0.061292574360648944,0.13246803090364964,-0.061912536203175494
2019-06-20 10:00:00+00:00,98381.20206338131,0.002141672211391832,0.0735402105034142,0.13263212378981615,-0.07139853829202236
2019-06-21 10:00:00+00:00,98472.5520633813,0.0009285310413378323,0.06366323080131009,0.1326857220298773,-0.06273469975997226
2019-06-24 10:00:00+00:00,98588.5520633813,0.0011779932333360055,0.06092088444069832,0.13251223076168256,-0.059742891207362314
2019-06-25 10:00:00+00:00,98689.90206337918,0.0010280098234196622,0.06764756543102513,0.13242245175689704,-0.06661955560760546
2019-06-26 10:00:00+00:00,98705.30206337917,0.00015604433359461822,0.07337702956294812,0.1323020959523441,-0.0732209852293535
2019-06-27 10:00:00+00:00,98834.10206337918,0.0013048944414080221,0.07370792424778205,0.13210910749558377,-0.07240302980637403
2019-06-28 10:00:00+00:00,98856.50206337917,0.0002266424192902683,0.06918871875765009,0.13197176758536205,-0.06896207633835982
2019-07-01 10:00:00+00:00,98820.10206337918,-0.00036821047923241146,0.07559357067094674,0.1318720801268359,-0.07596178115017915
2019-07-02 10:00:00+00:00,98897.10206337918,0.000779193690273905,0.07948724922262529,0.13171278145995913,-0.07870805553235138
2019-07-03 10:00:00+00:00,98948.90206337918,0.0005237767226669021,0.08003571849474755,0.1315230333141531,-0.07951194177208065
2019-07-04 10:00:00+00:00,98992.35206335966,0.0004391155341234576,0.0822794564261573,0.1313430525968891,-0.08184034089203385
2019-07-05 10:00:00+00:00,99046.35206335966,0.0005454966861020427,0.06992756579364978,0.13152826125099445,-0.06938206910754774
2019-07-08 10:00:00+00:00,98671.05206335966,-0.0037891350078186337,0.04834688641700091,0.13247251260843781,-0.052136021424819545
2019-07-09 10:00:00+00:00,98777.70206335967,0.0010808641214399284,0.04732247273518553,0.13228722704566975,-0.0462416086137456
2019-07-10 10:00:00+00:00,98640.00206335966,-0.0013940393137682472,0.04200096095442807,0.13217355651738147,-0.043395000268196315
2019-07-11 10:00:00+00:00,98864.10206335966,0.0022718977626954295,0.049398496922226975,0.13211633780817744,-0.047126599159531546
2019-07-12 10:00:00+00:00,98872.20206335967,8.19306485464466e-05,0.04686465954109975,0.13194758114783092,-0.046782728892553305
2019-07-15 10:00:00+00:00,98789.85206335966,-0.0008328933540615591,0.05049090266256995,0.13179086521168074,-0.05132379601663151
2019-07-16 10:00:00+00:00,98889.75206335966,0.001011237469370263,0.05714505879046761,0.13170741151869167,-0.056133821321097344
2019-07-17 10:00:00+00:00,99134.10206335966,0.0024709334880672618,0.05942959195699382,0.13153321385166566,-0.05695865846892656
2019-07-18 10:00:00+00:00,98899.20206335967,-0.002369517604041582,0.05168756289265519,0.13149972762641382,-0.054057080496696774
2019-07-19 10:00:00+00:00,98708.85206335966,-0.0019246869138342948,0.03684716291803891,0.13185926743712323,-0.038771849831873206
2019-07-22 10:00:00+00:00,98542.80206335966,-0.0016822199481502098,0.027677300624621592,0.13188952879285945,-0.029359520572771802
2019-07-23 10:00:00+00:00,98289.25206335433,-0.002572993609845864,0.02699284723544415,0.13170832130921087,-0.029565840845290015
2019-07-24 10:00:00+00:00,98233.25206335433,-0.0005697469339160932,0.021539884141533294,0.13160371146869118,-0.022109631075449387
2019-07-25 10:00:00+00:00,98271.05206335433,0.00038479841811223103,0.020946086830392563,0.13142351155922866,-0.020561288412280332
2019-07-26 10:00:00+00:00,98308.85206335432,0.00038465040524471306,0.024205172835813915,0.13126815294755656,-0.023820522430569202
2019-07-29 10:00:00+00:00,98322.85206335432,0.00014240833562961797,0.014636423799034626,0.13132214146054505,-0.014494015463405008
2019-07-30 10:00:00+00:00,97876.25206335433,-0.0045421790624240455,0.0045237382940350734,0.13140627838437557,-0.009065917356459119
2019-07-31 10:00:00+00:00,98018.65206334704,0.001454898374127822,0.007533520084855194,0.13124982908169283,-0.006078621710727372
2019-08-01 10:00:00+00:00,97554.65206334704,-0.004733792908110379,-0.0035718494746469487,0.13139063421932146,-0.0011619434334634304
2019-08-02 10:00:00+00:00,97764.84996724462,0.0021546681726780648,-0.00275141196841433,0.13121413383458144,0.004906080141092395
2019-08-05 10:00:00+00:00,97980.34996722451,0.002204268712652002,-0.015597378226222203,0.131467829258542,0.017801646938874205
2019-08-06 10:00:00+00:00,97934.14996722451,-0.0004715231167824463,-0.009002148549048461,0.13140656054250302,0.008530625432266015
2019-08-07 10:00:00+00:00,98338.39996722451,0.004127773612527141,-0.01740143417915352,0.13141503340946564,0.02152920779168066
2019-08-08 10:00:00+00:00,98135.4499672245,-0.0020637919680170924,0.001568350150036757,0.13219333546989087,-0.0036321421180538493
2019-08-09 10:00:00+00:00,98245.9999672245,0.0011265042350845356,0.007284215870253963,0.13209823262746856,-0.006157711635169427
2019-08-13 10:00:00+00:00,98538.0499672245,0.002972640108477087,-0.00982258605528108,0.13265724604501763,0.012795226163758167
2019-08-14 10:00:00+00:00,98332.34996719765,-0.0020875184773321287,-0.0015230221110165143,0.132657482051822,-0.0005644963663156144
2019-08-16 10:00:00+00:00,98288.14996719765,-0.00044949602053379056,0.0010697417208347382,0.13249799177614807,-0.0015192377413685287
2019-08-19 10:00:00+00:00,98415.64996719765,0.0012972062251916938,0.0022120083040977345,0.1323256730711116,-0.0009148020789060407
2019-08-20 10:00:00+00:00,98510.84996719765,0.0009673258270583851,-0.0006481909579618694,0.13217200358540757,0.0016155167850202545
2019-08-21 10:00:00+00:00,98747.14996719765,0.002398720547824862,-0.010112685504998775,0.13222406453005559,0.012511406052823637
2019-08-22 10:00:00+00:00,99048.54996715707,0.003052239989301375,-0.026680083766215223,0.13274893146600825,0.0297323237555166
2019-08-23 10:00:00+00:00,98911.59996713976,-0.0013826552742339793,-0.017129465945043276,0.1328155213841601,0.015746810670809297
2019-08-26 10:00:00+00:00,98596.14996713965,-0.0031892113776837983,0.002461312518698966,0.13362221234133084,-0.005650523896382764
2019-08-27 10:00:00+00:00,98372.04996713661,-0.0022729082228638564,0.007692168221419493,0.13351380560151496,-0.00996507644428335
2019-08-28 10:00:00+00:00,98389.54996713661,0.00017789605895002225,0.0011921274261843529,0.13344386701378202,-0.0010142313672343306
2019-08-29 10:00:00+00:00,98739.54996713661,0.003557288351424548,-0.006282466207945925,0.1334083956426479,0.009839754559370473
2019-08-30 10:00:00+00:00,98806.04996713661,0.0006734889922237475,0.0002855666458168038,0.13334174913908237,0.0003879223464069437
2019-09-03 10:00:00+00:00,98989.09996713394,0.0018526193493029197,-0.023103701487665274,0.13449712391037053,0.024956320836968193
2019-09-04 10:00:00+00:00,98749.69996713393,-0.0024184480925626417,-0.01757368072742338,0.13440185133346758,0.015155232634860738
2019-09-05 10:00:00+00:00,98796.49996713393,0.00047392549056435307,-0.017224654826981767,0.13422975045731003,0.01769858031754612
2019-09-06 10:00:00+00:00,98796.49996713393,-1.1102230246251565e-16,-0.008131850199895596,0.13426347099295044,0.008131850199895485
2019-09-09 10:00:00+00:00,98638.09996713392,-0.0016032956638414309,-0.002393320460169268,0.13417170588980704,0.0007900247963278373
2019-09-11 10:00:00+00:00,98375.29996713393,-0.002664284896886193,-0.0010652089169306267,0.13400493932597696,-0.0015990759799555665
2019-09-12 10:00:00+00:00,98343.69996705985,-0.000321218843395088,-0.00450107427452362,0.13386350923580756,0.004179855431128532
2019-09-13 10:00:00+00:00,98133.69996705985,-0.0021353681025866322,0.004591730352562884,0.1338913178675072,-0.006727098455149516
2019-09-16 10:00:00+00:00,98399.69996705985,0.0027105876991215805,-0.0034086685341804257,0.13387438310056216,0.006119256233302006
2019-09-17 10:00:00+00:00,98754.94996705985,0.003610275235787608,-0.018475708703888705,0.13424769870698613,0.022085983939676312
2019-09-18 10:00:00+00:00,98536.19996705985,-0.0022150788398247467,-0.01650393900658942,0.13408855032678807,0.014288860166764672
2019-09-19 10:00:00+00:00,98742.69996705985,0.0020956765134949595,-0.03027459726037207,0.1343803567341444,0.03237027377386703
2019-09-20 10:00:00+00:00,97748.69996705122,-0.01006656694966035,0.022188075099496496,0.14090798375069893,-0.032254642049156845
2019-09-23 10:00:00+00:00,97340.09996682817,-0.004180106746798473,0.05120255287515896,0.14250357423018822,-0.05538265962195743
2019-09-24 10:00:00+00:00,97756.09996682817,0.004273675495933826,0.0505498291132942,0.14232757506801844,-0.04627615361736037
2019-09-25 10:00:00+00:00,98460.14996681777,0.007202108106077354,0.03630775925372065,0.1425632272006522,-0.029105651147643297
2019-09-26 10:00:00+00:00,98343.24996681699,-0.001187282367944631,0.04979738366558917,0.14274917705699913,-0.0509846660335338
2019-09-27 10:00:00+00:00,98399.24996681699,0.0005694340996347247,0.043678098398108434,0.1426508948508162,-0.04310866429847371
2019-09-30 10:00:00+00:00,98749.24996681699,0.00355693768111065,0.04055952931364426,0.14249644187782223,-0.03700259163253361
2019-10-01 10:00:00+00:00,99276.74996681671,0.005341812724420469,0.030519368671074076,0.1425289523441292,-0.025177555946653607
2019-10-03 10:00:00+00:00,99308.14996681351,0.0003162875497766393,0.025601276437580145,0.142405835971407,-0.025284988887803506
2019-10-04 10:00:00+00:00,99526.64996681351,0.002200222238285754,0.012070856790594942,0.14261301424161618,-0.009870634552309188
2019-10-07 10:00:00+00:00,99545.99996681327,0.00019442028849758763,0.008091054964781685,0.14247345201679976,-0.007896634676284098
2019-10-09 10:00:00+00:00,99029.44996681038,-0.005189058326553475,0.026190540944819096,0.14298655783746175,-0.03137959927137257
2019-10-10 10:00:00+00:00,99329.89996680802,0.0030339459635322363,0.01890632507456602,0.14292366870026857,-0.015872379111033785
2019-10-11 10:00:00+00:00,99316.24996680803,-0.00013742085720980235,0.024527001912844515,0.14281339823119218,-0.024664422770054317
2019-10-14 10:00:00+00:00,99290.89996680802,-0.0002552452394092297,0.027115232940793765,0.14265335624769185,-0.027370478180202995
2019-10-15 10:00:00+00:00,99162.19996680802,-0.0012961912928881603,0.0362533656068984,0.14264561785627766,-0.03754955689978656
2019-10-16 10:00:00+00:00,99263.59996680802,0.0010225670672283638,0.03996573200250331,0.14249940469251185,-0.03894316493527494
2019-10-17 10:00:00+00:00,98896.99996680803,-0.0036931967017374,0.05000589264507349,0.1425202659237011,-0.05369908934681089
2019-10-18 10:00:00+00:00,98743.49996679089,-0.0015521198829960836,0.05718132122168251,0.14244383132130573,-0.058733441104678596
2019-10-22 10:00:00+00:00,98700.94996679088,-0.00043091444008258595,0.050694878838152935,0.14235763744290622,-0.05112579327823552
2019-10-23 10:00:00+00:00,98519.64996679088,-0.0018368617532151799,0.05292501835785712,0.14219618852317684,-0.0547618801110723
2019-10-24 10:00:00+00:00,98954.64996678423,0.004415362824979452,0.050264262467478504,0.14204241385974592,-0.04584889964249905
2019-10-25 10:00:00+00:00,98258.04996678422,-0.007039588339040503,0.04928970962858337,0.1418764841773912,-0.05632929796762387
2019-10-29 10:00:00+00:00,98310.24996678423,0.0005312541824069594,0.06886688968061994,0.1424249034306638,-0.06833563549821298
2019-10-30 10:00:00+00:00,97982.64996678423,-0.003332307669959955,0.07425639351990476,0.1423057659621512,-0.07758870118986472
2019-10-31 10:00:00+00:00,97187.44996678032,-0.008115722531218394,0.0771029943702588,0.14215065047742895,-0.0852187169014772
2019-11-01 10:00:00+00:00,97170.09996677845,-0.00017852099224535678,0.07876200059833138,0.1419873631188826,-0.07894052159057674
2019-11-04 10:00:00+00:00,97149.79996677632,-0.000208912000801309,0.08290045056070916,0.14184818779757616,-0.08310936256151047
2019-11-05 10:00:00+00:00,96991.69996677632,-0.0016273836904869832,0.08049353168883333,0.14169480740254012,-0.08212091537932031
2019-11-06 10:00:00+00:00,97039.74996677632,0.0004954032150839005,0.08433734939759163,0.14155262387186518,-0.08384194618250773
2019-11-07 10:00:00+00:00,96793.54951243105,-0.0025371093230305286,0.08933249929741671,0.14142757127047337,-0.09186960862044724
2019-11-08 10:00:00+00:00,96742.54951243105,-0.0005268946149499243,0.07932406828215921,0.14144672360461827,-0.07985096289710913
2019-11-11 10:00:00+00:00,96817.54951243105,0.0007752534988789694,0.07996319363231819,0.14128320837801947,-0.07918794013343922
2019-11-13 10:00:00+00:00,96456.04951243105,-0.003733827201994888,0.0729645444078808,0.14121222210543372,-0.07669837160987569
2019-11-14 10:00:00+00:00,96446.84951242995,-9.53802280685423e-05,0.07601512143381761,0.1410637694138775,-0.07611050166188615
2019-11-15 10:00:00+00:00,96970.69951242954,0.005431488977067023,0.07838124507057653,0.1409096661130626,-0.07294975609350951
2019-11-18 10:00:00+00:00,97029.29951242924,0.0006043062522427256,0.07828605618863804,0.14074816473929574,-0.07768174993639532
2019-11-19 10:00:00+00:00,97207.79951242924,0.0018396505065683133,0.08385233938009473,0.14063717336160142,-0.08201268887352642
2019-11-20 10:00:00+00:00,97108.79951242924,-0.0010184367972174702,0.08727913912988394,0.14049418154451565,-0.08829757592710141
2019-11-21 10:00:00+00:00,97239.29951242924,0.0013438534989127504,0.08461385043560332,0.1403487398125309,-0.08326999693669057
2019-11-22 10:00:00+00:00,97161.29951242924,-0.0008021448158419542,0.08026689149374122,0.14022564699235077,-0.08106903630958318
2019-11-25 10:00:00+00:00,97360.79951242924,0.0020532866583828913,0.09503476660592813,0.14043463149116003,-0.09298147994754524
2019-11-26 10:00:00+00:00,97341.34951242359,-0.00019977239405433167,0.09211564089314472,0.14029284928764052,-0.09231541328719906
2019-11-27 10:00:00+00:00,97622.64951242358,0.0028898304924782625,0.09804454839674848,0.14018897509714853,-0.09515471790427021
2019-11-28 10:00:00+00:00,97738.64951242358,0.0011882488395813517,0.10196089096793615,0.14005326365596765,-0.1007726421283548
2019-11-29 10:00:00+00:00,97529.84951242359,-0.002136309444028539,0.092224428186789,0.14006266671759368,-0.09436073763081754
2019-12-02 10:00:00+00:00,97460.24951242359,-0.0007136276775568939,0.09224709220629812,0.13990565148907463,-0.09296071988385501
2019-12-03 10:00:00+00:00,97373.24951242359,-0.0008926716321292494,0.08796812532296339,0.13978378713814316,-0.08886079695509264
2019-12-04 10:00:00+00:00,97512.44951242358,0.001429550730791096,0.09125440815179564,0.13964337741331515,-0.08982485742100454
2019-12-05 10:00:00+00:00,97358.74951242359,-0.001576208994528483,0.08858911945751524,0.13950215332468865,-0.09016532845204372
2019-12-06 10:00:00+00:00,96845.44951242358,-0.005272253419139283,0.08009011214156958,0.13947642571702287,-0.08536236556070886
2019-12-09 10:00:00+00:00,96803.24951242322,-0.00043574582195449185,0.08215707072080769,0.1393275223476921,-0.08259281654276218
2019-12-10 10:00:00+00:00,96686.24951242322,-0.0012086371127962847,0.07529440561342549,0.1392591524397629,-0.07650304272622177
2019-12-11 10:00:00+00:00,96631.69951242041,-0.0005641960493648623,0.08000398886743465,0.13914023625309124,-0.08056818491679951
2019-12-12 10:00:00+00:00,96930.8495124204,0.0030957750045732535,0.08503540119847441,0.13902638007597384,-0.08193962619390116
2019-12-13 10:00:00+00:00,97288.39951241617,0.003688712126163285,0.09600931944482305,0.13906824920084804,-0.09232060731865976
2019-12-16 10:00:00+00:00,97262.89951241617,-0.000262107302903547,0.09335762916224799,0.13892970656708822,-0.09361973646515154
2019-12-17 10:00:00+00:00,97295.89951241617,0.0003392866156104457,0.10368335645063409,0.13894569588173722,-0.10334406983502364
2019-12-18 10:00:00+00:00,97109.89951241617,-0.001911694130298569,0.10849266139048397,0.138827233229996,-0.11040435552078254
2019-12-19 10:00:00+00:00,97142.89951241617,0.0003398211733891543,0.11142538551497272,0.13868714097641816,-0.11108556434158356
2019-12-20 10:00:00+00:00,97411.39951241617,0.002763969382709952,0.11211890451195394,0.1385365625795742,-0.10935493512924399
2019-12-23 10:00:00+00:00,97265.84951241201,-0.0014941783069815084,0.11200105161050611,0.138386500680649,-0.11349522991748762
2019-12-24 10:00:00+00:00,97252.799512412,-0.00013416836500590446,0.10709202498481596,0.1382798024332872,-0.10722619334982186
2019-12-26 10:00:00+00:00,97206.399512412,-0.00047710708825499104,0.0997398170560353,0.1382239163447832,-0.10021692414429029
2019-12-27 10:00:00+00:00,97405.049512412,0.0020435897327379937,0.11060041520483832,0.1382568735557844,-0.10855682547210033
2019-12-30 10:00:00+00:00,97325.299512412,-0.0008187460547395276,0.111330196633034,0.13810843377755122,-0.11214894268777353
2019-12-31 10:00:00+00:00,97300.649512412,-0.00025327432973232256,0.10385560299890373,0.13805569142334434,-0.10410887732863605
2020-01-01 10:00:00+00:00,97341.249512412,0.0004172634016674781,0.10507039444459632,0.13790921569083822,-0.10465313104292884
2020-01-02 10:00:00+00:00,97451.449512412,0.0011320997064658833,0.11346968007470126,0.13786709939016575,-0.11233758036823538
2020-01-03 10:00:00+00:00,97312.249512412,-0.0014284035865702593,0.10801671698079063,0.1377719407578891,-0.10944512056736089
2020-01-06 10:00:00+00:00,96850.54951240977,-0.004744520883194214,0.08679412911238704,0.138355636459916,-0.09153864999558126
2020-01-07 10:00:00+00:00,96835.54951240977,-0.0001548777996152051,0.09333949794664043,0.13827382614591466,-0.09349437574625563
2020-01-08 10:00:00+00:00,96879.04951240977,0.000449215192344532,0.08983110772661829,0.13815003475340606,-0.08938189253427375
2020-01-09 10:00:00+00:00,97198.54951240977,0.003297926658117012,0.10731413237600607,0.13848530188494404,-0.10401620571788905
2020-01-10 10:00:00+00:00,97269.04951240977,0.0007253194657086404,0.11112622045745146,0.1383586506754133,-0.11040090099174282
2020-01-13 10:00:00+00:00,97216.54951240977,-0.0005397400330645619,0.11775317976193822,0.13827524295669413,-0.11829291979500278
2020-01-14 10:00:00+00:00,97141.54951240977,-0.0007714735852708543,0.12051365733815711,0.13813915825887144,-0.12128513092342796
2020-01-15 10:00:00+00:00,97018.54951240977,-0.0012661935146945913,0.11872773260083314,0.13800096267982973,-0.11999392611552773
2020-01-16 10:00:00+00:00,96991.54951240977,-0.00027829729609130105,0.11996972086993662,0.13785787408416073,-0.12024801816602793
2020-01-17 10:00:00+00:00,96837.04951240977,-0.0015929222780406427,0.1192490050495445,0.13771550208983796,-0.12084192732758514
2020-01-20 10:00:00+00:00,96718.54951240977,-0.0012237051892500794,0.10879182644800522,0.13774790178323076,-0.1100155316372553
2020-01-21 10:00:00+00:00,96842.54836171947,0.0012820586116608634,0.10325274007995966,0.13765694535900555,-0.1019706814682988
2020-01-22 10:00:00+00:00,96788.54836171947,-0.0005576061443396396,0.09767739128069941,0.13756724768744472,-0.09823499742503905
2020-01-23 10:00:00+00:00,96565.04836171947,-0.002309157475579915,0.10418196487983633,0.13748619964901956,-0.10649112235541625
2020-01-24 10:00:00+00:00,96530.54836171947,-0.00035727212470049174,0.11073186651799172,0.1374053182096546,-0.11108913864269221
2020-01-27 10:00:00+00:00,96764.54836171947,0.002424103084167184,0.09783603941726371,0.1375291878959476,-0.09541193633309653
2020-01-28 10:00:00+00:00,96767.54836171947,3.1003089982828413e-05,0.09348908047540161,0.13742066572409337,-0.09345807738541878
2020-01-29 10:00:00+00:00,96751.04836171947,-0.0001705117085152308,0.09983953874187601,0.13733819399588773,-0.10001005045039124
2020-01-30 10:00:00+00:00,96959.54836171947,0.0021550154084168938,0.0900305510982995,0.1373545832456488,-0.0878755356898826
2020-01-31 10:00:00+00:00,96705.248361713,-0.0026227432398692185,0.08483142502289187,0.1372605966864398,-0.08745416826276109
2020-02-03 10:00:00+00:00,97311.59836171249,0.006270083684925876,0.06290625254970328,0.13789816976233568,-0.0566361688647774
2020-02-04 10:00:00+00:00,97071.59836171249,-0.0024663041614825243,0.08617766778173741,0.1386329072567702,-0.08864397194321993
2020-02-05 10:00:00+00:00,96911.59836171249,-0.00164826790431305,0.09620876281650426,0.13864232016426972,-0.0978570307208173
2020-02-06 10:00:00+00:00,96592.49836171132,-0.003292691539460102,0.09995285883942207,0.1385203907461988,-0.10324555037888217
2020-02-07 10:00:00+00:00,96631.24836171132,0.00040116986988869563,0.09572375279900758,0.13841066745261177,-0.09532258292911888
2020-02-10 10:00:00+00:00,96679.29836171132,0.0004972511564802495,0.091073095995722,0.13830744123101327,-0.09057584483924175
2020-02-11 10:00:00+00:00,96479.54836170892,-0.0020661093262703822,0.09788590026018418,0.1382346633042962,-0.09995200958645456
2020-02-12 10:00:00+00:00,96604.04836170892,0.001290428926276066,0.10635771075271849,0.13819829252149804,-0.10506728182644243
2020-02-13 10:00:00+00:00,96388.04836170892,-0.002235931140186276,0.10318928082533407,0.13807709608690585,-0.10542521196552035
2020-02-14 10:00:00+00:00,96617.54836170892,0.0023810005898114994,0.09814880288649075,0.13798081922490288,-0.09576780229667925
2020-02-17 10:00:00+00:00,96775.04836170892,0.0016301386515247263,0.09241933875456798,0.13789679756004744,-0.09078920010304325
2020-02-18 10:00:00+00:00,96674.54836170892,-0.0010384908269369664,0.08860271786922058,0.13778415245741893,-0.08964120869615755
2020-02-19 10:00:00+00:00,96610.04836170892,-0.00066718698036905,0.09974434985993752,0.13782973988890238,-0.10041153684030657
2020-02-20 10:00:00+00:00,96382.04836170892,-0.00236000295897143,0.09540645652587898,0.13772424764095867,-0.09776645948485041
2020-02-24 10:00:00+00:00,96532.04836170892,0.001556306413379449,0.07299174123129193,0.13836096490423389,-0.07143543481791248
2020-02-25 10:00:00+00:00,96382.04836170892,-0.0015538880873836591,0.07104263555350188,0.1382310675067318,-0.07259652364088554
2020-02-26 10:00:00+00:00,96362.54836170892,-0.00020231983373919515,0.058622752862466765,0.13834347004328632,-0.05882507269620596
2020-02-27 10:00:00+00:00,96562.04836170892,0.0020703063938405375,0.05341909398315714,0.13825301386230684,-0.0513487875893166
2020-02-28 10:00:00+00:00,97075.59836170597,0.005318342026811251,0.0169254897694624,0.14026854019233218,-0.011607147742651147
2020-03-02 10:00:00+00:00,97607.24836170596,0.005476659520748495,0.010742745247356078,0.1401973885095176,-0.005266085726607583
2020-03-03 10:00:00+00:00,97517.34836168359,-0.0009210381557857028,0.027056306490069515,0.14051436225436795,-0.027977344645855218
2020-03-04 10:00:00+00:00,97705.4483616836,0.0019288875585743437,0.020452011205092102,0.1404513464906216,-0.01852312364651776
2020-03-05 10:00:00+00:00,97609.74836168358,-0.0009794745493184598,0.02060612653775462,0.14031412913414115,-0.02158560108707308
2020-03-06 10:00:00+00:00,98203.54836168142,0.006083408777958876,-0.004505607078425622,0.14123875139185096,0.010589015856384498
2020-03-09 10:00:00+00:00,98831.3483616757,0.006392844357131722,-0.051954998322861656,0.14499199213046393,0.05834784267999338
2020-03-11 10:00:00+00:00,99137.2483616757,0.0030951717756653174,-0.052272294595990254,0.1448512801907331,0.05536746637165557
2020-03-12 10:00:00+00:00,100282.24836164924,0.011549644749028198,-0.12692304205535376,0.15479224433891225,0.13847268680438196
2020-03-13 10:00:00+00:00,98393.09836087709,-0.018838329132383258,-0.09158530283662769,0.15722513858781967,0.07274697370424443
2020-03-16 10:00:00+00:00,99485.69836029912,0.01110443738050293,-0.16595954925797918,0.1670805140020703,0.1770639866384821
2020-03-17 10:00:00+00:00,99901.49836029911,0.004179495212408346,-0.18724106357710668,0.16784043128405693,0.19142055878951503
2020-03-18 10:00:00+00:00,99827.89836029448,-0.0007367256869280636,-0.225860552820763,0.1708585375712414,0.22512382713383494
2020-03-19 10:00:00+00:00,100389.2483602893,0.005623177580768246,-0.25046461239993745,0.17207866365683602,0.2560877899807057
2020-03-20 10:00:00+00:00,100109.9483602893,-0.0027821704471537867,-0.2072715240193268,0.176583995067784,0.20448935357217302
2020-03-23 10:00:00+00:00,101445.39836028375,0.01333983307221609,-0.3076912616606372,0.19695947340359876,0.3210310947328533
2020-03-24 10:00:00+00:00,101253.14836025212,-0.001895108138358803,-0.2881276800203061,0.1977861951214246,0.2862325718819473
2020-03-25 10:00:00+00:00,100942.04836025064,-0.0030724970535691565,-0.24751375705984113,0.20158239499316652,0.24444126000627198
2020-03-26 10:00:00+00:00,100783.74836024275,-0.0015682265476022472,-0.2155076287089659,0.20357315349997815,0.21393940216136365
2020-03-27 10:00:00+00:00,100602.04836021931,-0.0018028700358908578,-0.2136945071482309,0.20338839438499437,0.21189163711234005
2020-03-30 10:00:00+00:00,101024.84836020267,0.004202697727082594,-0.24830699774266274,0.20541673871443486,0.25250969546974533
2020-03-31 10:00:00+00:00,100533.1483602025,-0.00486711940657425,-0.2243329979058437,0.20643105200978812,0.21946587849926946
2020-04-01 10:00:00+00:00,101015.4483602025,0.004797422619969627,-0.25094055680963046,0.207555009965569,0.2557379794296001
2020-04-03 10:00:00+00:00,101598.14836019596,0.005768424626653612,-0.2651010361989711,0.20774781537475545,0.2708694608256247
2020-04-07 10:00:00+00:00,101057.74836019597,-0.005318994575414071,-0.2041030940919425,0.2153461043884966,0.19878409951652842
2020-04-08 10:00:00+00:00,101214.49836019592,0.001551093335676379,-0.20654174259113112,0.21515216532994116,0.2080928359268075
2020-04-09 10:00:00+00:00,100947.14836019487,-0.0026414199974554853,-0.1751611411787095,0.21668695952807235,0.17251972118125403
2020-04-13 10:00:00+00:00,101138.84836019487,0.001899013524542248,-0.18349243475028698,0.21658936501352385,0.18539144827482923
2020-04-15 10:00:00+00:00,101192.84836019487,0.0005339194669062852,-0.1892989565485409,0.21643777169254447,0.18983287601544718
2020-04-16 10:00:00+00:00,100856.09836019466,-0.0033278043404958435,-0.1825904067738212,0.2163157111297648,0.17926260243332537
2020-04-17 10:00:00+00:00,100628.14836016564,-0.00226015088562026,-0.1576826493332235,0.2171351018225614,0.15542249844760325
2020-04-20 10:00:00+00:00,100674.94836016564,0.0004650786162980758,-0.16034340522360224,0.21694285217525774,0.16080848383990032
2020-04-21 10:00:00+00:00,101043.14836016537,0.0036573150122956033,-0.18580869754412588,0.21771322929356168,0.18946601255642148
2020-04-22 10:00:00+00:00,100872.94836016357,-0.001684428907491431,-0.16656694498082525,0.21812245603487485,0.16488251607333382
2020-04-23 10:00:00+00:00,100957.19836016254,0.0008352090562291359,-0.156635571631899,0.2180784468188179,0.15747078068812814
2020-04-24 10:00:00+00:00,101283.99836016227,0.003237015342223426,-0.16832114009083632,0.2180751775361594,0.17155815543305974
2020-04-27 10:00:00+00:00,101234.49836016227,-0.0004887247818157192,-0.1578412974697877,0.21804962760957725,0.15735257268797198
2020-04-28 10:00:00+00:00,101041.99836016227,-0.001901525696459072,-0.1476787511218678,0.21800934886751822,0.14577722542540872
2020-04-29 10:00:00+00:00,100764.24836016227,-0.0027488569555995657,-0.13543111497910265,0.21803390350776766,0.13268225802350309
2020-04-30 10:00:00+00:00,100720.94836014774,-0.0004297159034002407,-0.10686991759362374,0.2189952369719263,0.1064402016902235
2020-05-04 10:00:00+00:00,101291.44836013493,0.00566416430023331,-0.15638173461339588,0.2219830125421434,0.1620458989136292
2020-05-05 10:00:00+00:00,101732.39836013291,0.004353279641438279,-0.16388805787483907,0.22185869186950313,0.16824133751627735
2020-05-06 10:00:00+00:00,101674.79836011618,-0.0005661913111772998,-0.1580044784102539,0.22171132764634652,0.1574382870990766
2020-05-07 10:00:00+00:00,101731.79836011618,0.0005606108978757351,-0.16479008585130472,0.2215734699141071,0.16535069674918046
2020-05-08 10:00:00+00:00,101963.59836011576,0.002278540276847041,-0.16147660619906157,0.22139078700868658,0.1637551464759086
2020-05-11 10:00:00+00:00,102061.09836011528,0.0009562236088920262,-0.161685115178546,0.22119052478860804,0.16264133878743803
2020-05-12 10:00:00+00:00,101938.6983601095,-0.00119928162612859,-0.1650892509088262,0.2210059587649193,0.1638899692826976
2020-05-13 10:00:00+00:00,101479.19836010893,-0.0045076110190982455,-0.14935135576164604,0.22117994264781338,0.1448437447425478
2020-05-14 10:00:00+00:00,101851.19836010893,0.003665775902958357,-0.17047875474811103,0.22160179950634287,0.17414453065106938
2020-05-15 10:00:00+00:00,101954.74836010631,0.001016679250363417,-0.17240519640639207,0.22140722219446649,0.1734218756567555
2020-05-18 10:00:00+00:00,102629.59836010565,0.006619112997226617,-0.19947056850426448,0.2222799862128378,0.2060896815014911
2020-05-19 10:00:00+00:00,102782.2983601051,0.0014878748668942787,-0.19401760541035384,0.2221322913810516,0.19550548027724812
2020-05-20 10:00:00+00:00,102732.29836010453,-0.0004864650897897782,-0.17637593262440177,0.22243091401075732,0.175889467534612
2020-05-21 10:00:00+00:00,102849.54836010453,0.0011413158458601913,-0.17483024649387502,0.22223712739642842,0.1759715623397352
2020-05-22 10:00:00+00:00,102909.84836010453,0.0005862932891924633,-0.17942650965033835,0.2220679259778426,0.1800128029395308
2020-05-26 10:00:00+00:00,102872.99836010454,-0.0003580804032579099,-0.1799160524717368,0.22187073950386982,0.1795579720684789
2020-05-27 10:00:00+00:00,102377.69836010132,-0.004814674481144476,-0.15532105850036593,0.22259222759726197,0.15050638401922145
2020-05-28 10:00:00+00:00,102421.49836007952,0.0004278275511149232,-0.1398551315872959,0.22273780900287185,0.14028295913841082
2020-05-29 10:00:00+00:00,102200.89836007927,-0.0021538446862466865,-0.13256185010923915,0.22261558187781894,0.13040800542299247
2020-06-01 10:00:00+00:00,101633.79836006643,-0.005548874903377077,-0.11046443108778081,0.22307315056277033,0.10491555618440374
2020-06-02 10:00:00+00:00,101595.29836006045,-0.00037881099228020965,-0.0938834344148588,0.2232255744248975,0.09350462342257859
2020-06-03 10:00:00+00:00,101336.54836005998,-0.0025468698274150325,-0.08727007352207783,0.22308318468656246,0.0847232036946628
2020-06-04 10:00:00+00:00,101354.24836005998,0.00017466551097755634,-0.09065154523284857,0.2229005626941248,0.09082621074382613
2020-06-05 10:00:00+00:00,100495.99836005985,-0.008467824623899278,-0.078190867306697,0.22289274396688646,0.06972304268279772
2020-06-08 10:00:00+00:00,100604.49836004888,0.0010796449785024365,-0.07755174195653802,0.22269835694168236,0.07863138693504046
2020-06-09 10:00:00+00:00,100732.79836004756,0.0012752908874860136,-0.0910594975840141,0.22271420460376448,0.09233478847150012
2020-06-10 10:00:00+00:00,100470.89836004756,-0.0025999476264313426,-0.0808017623541557,0.22264698558935203,0.07820181472772436
2020-06-11 10:00:00+00:00,101099.99836004755,0.006261514630291787,-0.10158466824408108,0.22295334674020356,0.10784618287437286
2020-06-12 10:00:00+00:00,100972.59836002521,-0.0012601384974176844,-0.09723317649831698,0.2227835468938983,0.09597303800089929
2020-06-15 10:00:00+00:00,101288.69836002521,0.00313055229967385,-0.109934093031266,0.2227820440544556,0.11306464533093985
2020-06-16 10:00:00+00:00,101349.59836002521,0.0006012516794671185,-0.10243230257372482,0.22266036693166555,0.10303355425319194
2020-06-17 10:00:00+00:00,101325.64836002422,-0.00023631075395003087,-0.10460351564270498,0.22247331442268786,0.10436720488875495
2020-06-18 10:00:00+00:00,100900.84836002422,-0.0041924232104654235,-0.08516685251162548,0.22274455350585273,0.08097442930116006
2020-06-19 10:00:00+00:00,100652.69836002329,-0.0024593450306334974,-0.07040804300724235,0.2228074967567031,0.06794869797660885
2020-06-22 10:00:00+00:00,100441.14836000875,-0.002101781705422856,-0.0640031910939457,0.22266242472062106,0.06190140938852284
2020-06-23 10:00:00+00:00,100489.44758477293,0.00048087089358084256,-0.04967499796023711,0.22269892969574617,0.05015586885381795
2020-06-24 10:00:00+00:00,100052.64758477293,-0.004346725059181211,-0.06442474185681679,0.22274161479499904,0.06007801679763558
2020-06-25 10:00:00+00:00,100109.94758476796,0.0005726984880285446,-0.0676611638427288,0.22256262326972467,0.06823386233075734
2020-06-26 10:00:00+00:00,100061.34758476797,-0.0004854662415925137,-0.05709973075144714,0.22249690958778498,0.05661426450985463
2020-06-29 10:00:00+00:00,99768.5975847676,-0.002925705150556346,-0.06487348944309868,0.22237280830125242,0.06194778429254233
2020-06-30 10:00:00+00:00,99752.0975847676,-0.00016538269956112295,-0.06557607404788346,0.22218415783201062,0.06541069134832234
2020-07-01 10:00:00+00:00,100046.3475847676,0.00294981265682126,-0.05541352769996366,0.2221095566131368,0.05836334035678492
2020-07-02 10:00:00+00:00,100112.09758476673,0.0006571954057934537,-0.04234545405096579,0.22210497960058767,0.043002649456759245
2020-07-03 10:00:00+00:00,100052.69758476672,-0.0005933348859235021,-0.03880080139972886,0.22192994962714752,0.038207466513805355
2020-07-06 10:00:00+00:00,100230.89758476673,0.001781061423646646,-0.023629506740278527,0.2219800480773686,0.025410568163925173
2020-07-07 10:00:00+00:00,100236.29758476673,5.38756025350029e-05,-0.022047558178536986,0.22179513403841095,0.02210143378107199
2020-07-08 10:00:00+00:00,100442.49758476665,0.002057139030155586,-0.03032899090719432,0.22167786910183473,0.032386129937349906
2020-07-09 10:00:00+00:00,100860.89758476643,0.004165567464575304,-0.017881911392748195,0.22164757410672264,0.0220474788573235
2020-07-10 10:00:00+00:00,100627.99758476639,-0.0023091208345068504,-0.023525252250535922,0.22149376848079563,0.02121613141602907
2020-07-13 10:00:00+00:00,100500.49758476639,-0.0012670430005584654,-0.019577180052035348,0.22132329945458373,0.018310137051476882
2020-07-14 10:00:00+00:00,100155.64758476449,-0.0034313262947881507,-0.038125413618354864,0.2214807162020127,0.034694087323566714
2020-07-15 10:00:00+00:00,100047.54758476285,-0.0010793200644041434,-0.03560970745283487,0.22130208843873284,0.03453038738843073
2020-07-16 10:00:00+00:00,100122.54758476284,0.000749643562591551,-0.0274370620178217,0.22118506454389267,0.02818670558041325
2020-07-17 10:00:00+00:00,100308.84758476284,0.0018607197329081338,-0.009056542195870265,0.22133712420463417,0.010917261928778399
2020-07-20 10:00:00+00:00,100359.29758476278,0.0005029466613830635,-0.00028556664581458335,0.2212258346872817,0.0007885133071976469
2020-07-21 10:00:00+00:00,100565.19758476107,0.0020516285481613217,0.01290942551243468,0.22120423999297462,-0.010857796964273358
2020-07-22 10:00:00+00:00,100445.59758476108,-0.00118927822817827,0.01023960401425228,0.22102820194247844,-0.01142888224243055
2020-07-23 10:00:00+00:00,100765.39758476109,0.003183813006141456,0.01848477431169493,0.22090640781564475,-0.015300961305553473
2020-07-24 10:00:00+00:00,100435.19758476107,-0.003276918544605101,0.01516222905164799,0.2207348775684632,-0.01843914759625309
2020-07-27 10:00:00+00:00,100195.4475847602,-0.002387111349072213,0.008503540119848552,0.22059492726576643,-0.010890651468920765
2020-07-28 10:00:00+00:00,100264.3475847602,0.0006876559929702708,0.023688433191004554,0.22062300155226533,-0.023000777198034283
2020-07-29 10:00:00+00:00,100380.9475847602,0.001162925833646522,0.015094236993120624,0.2205099850131543,-0.013931311159474102
2020-07-30 10:00:00+00:00,100163.6475847602,-0.002164753424114596,0.005842784229469933,0.22040899465693226,-0.008007537653584529
2020-07-31 10:00:00+00:00,100163.6475847602,0.0,0.005842784229469933,0.22022856411099423,-0.005842784229469933
2020-08-03 10:00:00+00:00,100447.1975847602,0.0028308673539474416,-0.01184874939940228,0.22034087447216316,0.014679616753349722
2020-08-04 10:00:00+00:00,100433.9475847602,-0.00013191010121338387,0.0065091064030400325,0.22047985190965727,-0.006641016504253416
2020-08-05 10:00:00+00:00,100430.34758476015,-3.584445385862445e-05,0.008086522160879461,0.22030221438274916,-0.008122366614738086
2020-08-06 10:00:00+00:00,100391.34758476015,-0.00038832883623218795,0.015964535342273045,0.22017818101741418,-0.016352864178505233
2020-08-07 10:00:00+00:00,100375.74758476015,-0.00015539187764002094,0.016880161730444376,0.21999995434696965,-0.017035553608084397
2020-08-10 10:00:00+00:00,100529.14758476015,0.0015282576089457045,0.022115550237066683,0.21984500996702785,-0.02058729262812098
2020-08-11 10:00:00+00:00,100617.54758476015,0.0008793469568162404,0.02731467631247453,0.21968981136666785,-0.026435329355658288
2020-08-12 10:00:00+00:00,101027.4475847601,0.0040738420865866765,0.025388234654193598,0.21951604603314173,-0.02131439256760692
2020-08-13 10:00:00+00:00,100969.9475847601,-0.0005691522588628928,0.025519685967346772,0.21933894560004585,-0.026088838226209665
2020-08-14 10:00:00+00:00,100694.9475847601,-0.0027235826756188963,0.013811453488900005,0.21928563147547311,-0.0165350361645189
2020-08-17 10:00:00+00:00,100522.74758476004,-0.001710115592990391,0.020755709066515138,0.21915110098210905,-0.02246582465950553
2020-08-18 10:00:00+00:00,100601.74758475955,0.000785891769749858,0.03268151613225001,0.2190982072080909,-0.03189562436250015
2020-08-19 10:00:00+00:00,100707.5975847593,0.0010521686008542197,0.035414796885058,0.21892832700369774,-0.03436262828420378
2020-08-20 10:00:00+00:00,100592.8475847593,-0.0011394373686992587,0.025166127263003046,0.21884603121224983,-0.026305564631702305
2020-08-21 10:00:00+00:00,100758.5975847593,0.0016477314638134732,0.03152111833337945,0.2187049438828108,-0.029873386869565977
2020-08-24 10:00:00+00:00,100903.94758475931,0.0014425567989642119,0.04008811770785248,0.2185915869478181,-0.038645560908888266
2020-08-25 10:00:00+00:00,101264.29758475925,0.003571218060594017,0.04067284941118965,0.21841762908895926,-0.03710163135059563
2020-08-26 10:00:00+00:00,101336.44758475895,0.000712491981088581,0.047231816657148595,0.21827852018756322,-0.046519324676060014
2020-08-27 10:00:00+00:00,101638.59758475877,0.0029816517867085057,0.04902680700227635,0.21810739988619846,-0.046045155215567846
2020-08-28 10:00:00+00:00,102068.29758475727,0.004227724606689742,0.05678696728222232,0.2179822659932583,-0.05255924267553258
2020-08-31 10:00:00+00:00,101459.69758475365,-0.00596267415451146,0.028135113818706703,0.2184895461954224,-0.03409778797321816
2020-09-01 10:00:00+00:00,101760.99758474575,0.0029696520605178023,0.04201002656223163,0.21847920667707033,-0.039040374501713826
2020-09-02 10:00:00+00:00,101650.54758474576,-0.0010853863722002366,0.04645217438603244,0.21832213144698587,-0.04753756075823268
2020-09-03 10:00:00+00:00,101514.24758474575,-0.0013408683301618929,0.04578131940856056,0.21815074999100828,-0.047122187738722454
2020-09-04 10:00:00+00:00,101232.99758474539,-0.00277054705809221,0.02970346396874257,0.21819821006266812,-0.03247401102683478
2020-09-07 10:00:00+00:00,101266.19758474504,0.00032795630665627407,0.03139419982412783,0.2180289115525994,-0.03106624351747156
2020-09-08 10:00:00+00:00,101021.19758474504,-0.002419366045564697,0.023896942170488433,0.21790770800081954,-0.02631630821605313
2020-09-09 10:00:00+00:00,100646.49758474494,-0.003709122530306308,0.02312183270327428,0.21773784969040316,-0.02683095523358059
2020-09-10 10:00:00+00:00,100786.49758474494,0.0013910071722280648,0.038406447460270776,0.2177657024520694,-0.03701544028804271
2020-09-11 10:00:00+00:00,101041.49758474494,0.0025301008181732865,0.03845177549928924,0.2175957831126871,-0.035921674681115956
2020-09-14 10:00:00+00:00,100776.49758474494,-0.0026226848011409176,0.035482788943585586,0.2174344314676941,-0.038105473744726504
2020-09-15 10:00:00+00:00,100846.49758474494,0.0006946063980954875,0.045459490331530183,0.21734629806176692,-0.044764883933434696
2020-09-16 10:00:00+00:00,100766.49758474494,-0.000793284862796173,0.0516150380302256,0.2172069534581788,-0.052408322893021775
2020-09-17 10:00:00+00:00,100635.04758474256,-0.0013045010311273364,0.04429002692485606,0.21708429848361088,-0.0455945279559834
2020-09-18 10:00:00+00:00,100497.34758474256,-0.0013683105767307024,0.04399086186733481,0.2169163919219679,-0.04535917244406551
2020-09-21 10:00:00+00:00,100101.44758474139,-0.0039394074521951206,0.017310778101118585,0.21734119071563698,-0.021250185553313705
2020-09-22 10:00:00+00:00,100182.74758473666,0.0008121760669488332,0.013127000099722563,0.21718944975714305,-0.01231482403277373
2020-09-23 10:00:00+00:00,100034.24758473666,-0.0014822911487268886,0.009537019409467051,0.21703401308422107,-0.01101931055819394
2020-09-24 10:00:00+00:00,99606.7475847351,-0.004273536417009893,-0.01897884993699317,0.21758340975162957,0.014705313519983276
2020-09-25 10:00:00+00:00,99928.04758473493,0.00322568508450205,0.00046234599798822273,0.21776271959459245,0.0027633390865138274
2020-09-28 10:00:00+00:00,100214.94758473235,0.0028710658011619206,0.018824734604332427,0.21789106182376194,-0.015953668803170507
2020-09-29 10:00:00+00:00,100132.14231554617,-0.0008262766302019608,0.017401434179155295,0.21772620645351948,-0.018227710809357256
2020-09-30 10:00:00+00:00,100135.69231554377,3.545315136088689e-05,0.017732328863989455,0.2175597220798857,-0.017696875712628568
2020-10-01 10:00:00+00:00,99858.59231554277,-0.002767245061109924,0.03550998576699649,0.2176592578295892,-0.03827723082810641
2020-10-05 10:00:00+00:00,99887.09231554251,0.00028540358259498966,0.043310941282059146,0.21754138164524525,-0.043025537699464156
2020-10-06 10:00:00+00:00,99772.69231554252,-0.0011452931239462893,0.05708613233974358,0.2175255875383196,-0.05823142546368987
2020-10-07 10:00:00+00:00,99809.09231554251,0.0003648292849998125,0.06509106403038878,0.21740830671387534,-0.06472623474538897
2020-10-08 10:00:00+00:00,99775.29231554252,-0.00033864650219572745,0.07274696982059248,0.21728631427968634,-0.0730856163227882
2020-10-09 10:00:00+00:00,99421.69231554252,-0.003543963558450214,0.08225225960274596,0.217187464052245,-0.08579622316119617
2020-10-12 10:00:00+00:00,99361.342315512,-0.0006070103880246869,0.08208907866227988,0.21702323177411387,-0.08269608905030457
2020-10-13 10:00:00+00:00,99539.2923155117,0.0017909379629217348,0.0810963946077774,0.2168603764016754,-0.07930545664485567
2020-10-14 10:00:00+00:00,99341.09231551026,-0.0019911734892911204,0.08483142502289165,0.21670597785221155,-0.08682259851218277
2020-10-15 10:00:00+00:00,99653.94231551,0.003149250654564284,0.05818760368789011,0.21707924310343416,-0.055038353033325826
2020-10-16 10:00:00+00:00,99504.79231550924,-0.001496679373993448,0.06704470251208083,0.21697446312014265,-0.06854138188607428
2020-10-19 10:00:00+00:00,99078.84231550917,-0.004280698347165823,0.07686728856736291,0.21688228085616193,-0.08114798691452874
2020-10-20 10:00:00+00:00,99131.34231550917,0.0005298810399179121,0.07868947573590179,0.2167215628047291,-0.07815959469598388
2020-10-21 10:00:00+00:00,99060.64231550843,-0.0007131952251361318,0.08187603687889355,0.2165658446997488,-0.08258923210402969
2020-10-22 10:00:00+00:00,99081.04231550776,0.00020593446117933567,0.07901130481293217,0.21641103352270552,-0.07880537035175283
2020-10-23 10:00:00+00:00,99137.39231550775,0.0005687263545386401,0.08150887976284471,0.21625332763732708,-0.08094015340830607
2020-10-26 10:00:00+00:00,99401.99231550776,0.0026690231992174684,0.06764756543102535,0.21623933259414216,-0.06497854223180788
2020-10-27 10:00:00+00:00,99522.24231550744,0.0012097343040973207,0.0777013244853011,0.21615210913215913,-0.07649159018120377
2020-10-28 10:00:00+00:00,99726.24231550744,0.0020497930437828327,0.06315555676430429,0.21615389829415424,-0.061105763720521455
2020-10-29 10:00:00+00:00,99782.59231550538,0.0005650468591773539,0.05801988994352225,0.21601522450016442,-0.0574548430843449
2020-10-30 10:00:00+00:00,99748.14231550538,-0.0003452506013381651,0.05582148005113097,0.215859545466538,-0.05616673065246913
2020-11-02 10:00:00+00:00,99431.6423155049,-0.0031729914227311973,0.056392613342762576,0.21569994313413687,-0.059565604765493774
2020-11-03 10:00:00+00:00,98991.04231550136,-0.0044311849803856385,0.07043523983065558,0.21568890847762978,-0.07486642481104122
2020-11-04 10:00:00+00:00,98930.39231550114,-0.0006126816990864592,0.07823166254181646,0.21557305702633262,-0.07884434424090292
2020-11-05 10:00:00+00:00,98285.94221548022,-0.006514177139474997,0.0994406519985147,0.2157399461889706,-0.1059548291379897
2020-11-06 10:00:00+00:00,98272.74221548022,-0.0001343020141278961,0.11156590243593034,0.21568125705906485,-0.11170020445005824
2020-11-09 10:00:00+00:00,98334.34221548021,0.0006268269167144513,0.13031357937393073,0.21575941859891543,-0.12968675245721628
2020-11-10 10:00:00+00:00,98879.94221548022,0.005548417650513393,0.14591549040405583,0.2157577594713461,-0.14036707275354243
2020-11-11 10:00:00+00:00,98989.84221547909,0.0011114488695733726,0.15651771873045406,0.21566832353171494,-0.15540626986088069
2020-11-12 10:00:00+00:00,98679.04221547909,-0.0031397160864593543,0.15069759852049458,0.21553493725480577,-0.15383731460695393
2020-11-13 10:00:00+00:00,98835.44221545174,0.0015849363396853722,0.1534263464694008,0.21538122012651675,-0.15184141012971542
2020-11-17 10:00:00+00:00,99302.49221545171,0.004725531545473949,0.1675505634275265,0.21534571694422602,-0.16282503188205255
2020-11-18 10:00:00+00:00,99768.34221545151,0.00469122163610014,0.17273609109122878,0.21520339548315995,-0.16804486945512864
2020-11-19 10:00:00+00:00,99237.74221545132,-0.005318320302990953,0.15682594939577887,0.2152109779357,-0.16214426969876983
2020-11-20 10:00:00+00:00,99340.24221545049,0.001032873156027847,0.16456797846011728,0.21508939158486157,-0.16353510530408943
2020-11-23 10:00:00+00:00,99198.79221545048,-0.0014238942531792365,0.1720153752708362,0.21496484482663583,-0.17343926952401545
2020-11-24 10:00:00+00:00,99440.69221545049,0.002438537754316794,0.18537808117345334,0.21491325822457294,-0.18293954341913654
2020-11-25 10:00:00+00:00,99377.14221545048,-0.0006390743928282872,0.16571931065118384,0.2150002419815667,-0.16635838504401212
2020-11-26 10:00:00+00:00,99489.89221545048,0.0011345667372439916,0.17989338845223002,0.21496359362835232,-0.17875882171498603
2020-11-27 10:00:00+00:00,99426.34221545048,-0.0006387583560989452,0.17334801961797663,0.21483782980088562,-0.17398677797407558
2020-12-01 10:00:00+00:00,99567.79221545048,0.0014226612067602673,0.1873997117136732,0.21479769182991978,-0.18597705050691293
2020-12-02 10:00:00+00:00,99520.99221544941,-0.0004700315127987853,0.1879708450053048,0.214643344534186,-0.1884408765181036
2020-12-03 10:00:00+00:00,99918.99221544941,0.003999156269848925,0.19091263473759756,0.2144931546268665,-0.18691347846774864
2020-12-04 10:00:00+00:00,100209.34221544911,0.002905853967918759,0.2030696148023261,0.21442128491907253,-0.20016376083440734
2020-12-07 10:00:00+00:00,100431.24221544612,0.0022143644004759544,0.21073005339643158,0.2142981993345373,-0.20851568899595563
2020-12-08 10:00:00+00:00,100457.84221544613,0.0002648578212636199,0.21382142565748463,0.21414909209955146,-0.213556567836221
2020-12-09 10:00:00+00:00,100440.84221544489,-0.00016922521553652814,0.22680790883624935,0.21408577859151973,-0.22697713405178588
2020-12-10 10:00:00+00:00,100427.89221544488,-0.0001289316150120401,0.2221844488563749,0.2139476838791386,-0.22231338047138693
2020-12-11 10:00:00+00:00,100522.24221544489,0.0009394800380515544,0.22436019472925683,0.21379710946178684,-0.22342071469120528
2020-12-14 10:00:00+00:00,100586.99221544489,0.0006441360496238779,0.22882953937646877,0.21365416103108403,-0.2281854033268449
2020-12-15 10:00:00+00:00,100450.09221544489,-0.0013610109715456176,0.22970437052952342,0.2135026693507611,-0.23106538150106903
2020-12-16 10:00:00+00:00,100405.69221544488,-0.0004420105449458589,0.2395178909770017,0.21339960058939236,-0.23995990152194757
2020-12-17 10:00:00+00:00,100331.69221544488,-0.000737010007771377,0.245147633423084,0.2132629772623151,-0.24588464343085537
2020-12-18 10:00:00+00:00,100485.24221544489,0.001530423703711703,0.24598620214492395,0.21311237645556536,-0.24445577844121225
2020-12-21 10:00:00+00:00,99841.44221544488,-0.006406910963300261,0.20421641418949044,0.21391894962790275,-0.2106233251527907
2020-12-22 10:00:00+00:00,99966.1422154441,0.0012489803555733037,0.22030333523711199,0.21390841581877543,-0.21905435488153868
2020-12-23 10:00:00+00:00,100184.54221544409,0.002184739704462313,0.23375216441386404,0.2138517952341246,-0.23156742470940173
2020-12-24 10:00:00+00:00,100336.64221543453,0.0015181982831580232,0.24565077465618756,0.2137724203814009,-0.24413257637302954
2020-12-28 10:00:00+00:00,100674.84221543453,0.0033706529592034684,0.25839701922815506,0.21370230928880662,-0.2550263662689516
2020-12-29 10:00:00+00:00,100746.69221542792,0.0007136837606325219,0.26255813321004173,0.21355951157274117,-0.2618444494494092
2020-12-30 10:00:00+00:00,100663.44221542792,-0.0008263298592671164,0.26694135458311874,0.21341780751903774,-0.26776768444238586
2020-12-31 10:00:00+00:00,100622.74221542792,-0.0004043175864471005,0.2661934419393155,0.21326956514122858,-0.2665977595257626
2021-01-01 10:00:00+00:00,100794.79221542792,0.0017098520295903974,0.27052680246947225,0.2131282089332038,-0.26881695043988185
