,period_open,period_close,ending_cash,portfolio_value,longs_count,shorts_count,long_value,short_value,long_exposure,pnl,short_exposure,capital_used,orders,transactions,gross_leverage,positions,net_leverage,starting_exposure,returns,ending_exposure,starting_value,ending_value,starting_cash,cash,positions_count,leverage,trading_days,period_label,algo_volatility,benchmark_period_return,benchmark_volatility,algorithm_period_return,alpha,beta,sharpe,sortino,max_drawdown,max_leverage,excess_return,treasury_period_return
2024-03-01 10:00:00+00:00,2024-03-01 03:46:00+00:00,2024-03-01 10:00:00+00:00,1000000.0,1000000.0,0,0,0.0,0.0,0.0,0.0,0.0,0.0,[],[],0.0,[],0.0,0.0,0.0,0.0,0.0,0.0,1000000.0,1000000.0,0,0.0,1,2024-03,,0.0029137742053342297,,0.0,,,,,0.0,0.0,0.0,0.0
2024-03-04 10:00:00+00:00,2024-03-04 03:46:00+00:00,2024-03-04 10:00:00+00:00,1000000.0,1000000.0,0,0,0.0,0.0,0.0,0.0,0.0,0.0,[],[],0.0,[],0.0,0.0,0.0,0.0,0.0,0.0,1000000.0,1000000.0,0,0.0,2,2024-03,0.0,0.027219583485567966,0.23933233686573163,0.0,0.0,0.0,,,0.0,0.0,0.0,0.0
2024-03-05 10:00:00+00:00,2024-03-05 03:46:00+00:00,2024-03-05 10:00:00+00:00,1000000.0,1000000.0,0,0,0.0,0.0,0.0,0.0,0.0,0.0,[],[],0.0,[],0.0,0.0,0.0,0.0,0.0,0.0,1000000.0,1000000.0,0,0.0,3,2024-03,0.0,0.039824625502374644,0.16965464660012217,0.0,0.0,0.0,,,0.0,0.0,0.0,0.0
2024-03-06 10:00:00+00:00,2024-03-06 03:46:00+00:00,2024-03-06 10:00:00+00:00,1000000.0,1000000.0,0,0,0.0,0.0,0.0,0.0,0.0,0.0,[],[],0.0,[],0.0,0.0,0.0,0.0,0.0,0.0,1000000.0,1000000.0,0,0.0,4,2024-03,0.0,0.037833394227255956,0.18294137027534516,0.0,0.0,0.0,,,0.0,0.0,0.0,0.0
2024-03-07 10:00:00+00:00,2024-03-07 03:46:00+00:00,2024-03-07 10:00:00+00:00,1000000.0,1000000.0,0,0,0.0,0.0,0.0,0.0,0.0,0.0,[],[],0.0,[],0.0,0.0,0.0,0.0,0.0,0.0,1000000.0,1000000.0,0,0.0,5,2024-03,0.0,0.05188162221410275,0.16116078811473833,0.0,0.0,0.0,,,0.0,0.0,0.0,0.0
2024-03-11 10:00:00+00:00,2024-03-11 03:46:00+00:00,2024-03-11 10:00:00+00:00,1000000.0,1000000.0,0,0,0.0,0.0,0.0,0.0,0.0,0.0,[],[],0.0,[],0.0,0.0,0.0,0.0,0.0,0.0,1000000.0,1000000.0,0,0.0,6,2024-03,0.0,0.06831384727804135,0.14835463621533831,0.0,0.0,0.0,,,0.0,0.0,0.0,0.0
2024-03-12 10:00:00+00:00,2024-03-12 03:46:00+00:00,2024-03-12 10:00:00+00:00,1000000.0,1000000.0,0,0,0.0,0.0,0.0,0.0,0.0,0.0,[],[],0.0,[],0.0,0.0,0.0,0.0,0.0,0.0,1000000.0,1000000.0,0,0.0,7,2024-03,0.0,0.04654731457800487,0.23243972254734813,0.0,0.0,0.0,,,0.0,0.0,0.0,0.0
2024-03-13 10:00:00+00:00,2024-03-13 03:46:00+00:00,2024-03-13 10:00:00+00:00,1000000.0,1000000.0,0,0,0.0,0.0,0.0,0.0,0.0,0.0,[],[],0.0,[],0.0,0.0,0.0,0.0,0.0,0.0,1000000.0,1000000.0,0,0.0,8,2024-03,0.0,0.021392035074899285,0.2754993328130735,0.0,0.0,0.0,,,0.0,0.0,0.0,0.0
2024-03-14 10:00:00+00:00,2024-03-14 03:46:00+00:00,2024-03-14 10:00:00+00:00,1000000.0,1000000.0,0,0,0.0,0.0,0.0,0.0,0.0,0.0,[],[],0.0,[],0.0,0.0,0.0,0.0,0.0,0.0,1000000.0,1000000.0,0,0.0,9,2024-03,0.0,0.03138472780416479,0.2603558243600303,0.0,0.0,0.0,,,0.0,0.0,0.0,0.0
2024-03-15 10:00:00+00:00,2024-03-15 03:46:00+00:00,2024-03-15 10:00:00+00:00,1000000.0,1000000.0,0,0,0.0,0.0,0.0,0.0,0.0,0.0,[],[],0.0,[],0.0,0.0,0.0,0.0,0.0,0.0,1000000.0,1000000.0,0,0.0,10,2024-03,0.0,0.022634271099743808,0.25280173525315686,0.0,0.0,0.0,,,0.0,0.0,0.0,0.0
2024-03-18 10:00:00+00:00,2024-03-18 03:46:00+00:00,2024-03-18 10:00:00+00:00,1000000.0,1000000.0,0,0,0.0,0.0,0.0,0.0,0.0,0.0,[],[],0.0,[],0.0,0.0,0.0,0.0,0.0,0.0,1000000.0,1000000.0,0,0.0,11,2024-03,0.0,0.049652904640116624,0.2660556914809565,0.0,0.0,0.0,,,0.0,0.0,0.0,0.0
2024-03-19 10:00:00+00:00,2024-03-19 03:46:00+00:00,2024-03-19 10:00:00+00:00,1000000.0,1000000.0,0,0,0.0,0.0,0.0,0.0,0.0,0.0,[],[],0.0,[],0.0,0.0,0.0,0.0,0.0,0.0,1000000.0,1000000.0,0,0.0,12,2024-03,0.0,0.030325173547679718,0.27462232791431757,0.0,0.0,0.0,,,0.0,0.0,0.0,0.0
2024-03-20 10:00:00+00:00,2024-03-20 03:46:00+00:00,2024-03-20 10:00:00+00:00,1000000.0,1000000.0,0,0,0.0,0.0,0.0,0.0,0.0,0.0,[],[],0.0,[],0.0,0.0,0.0,0.0,0.0,0.0,1000000.0,1000000.0,0,0.0,13,2024-03,0.0,0.04859335038363155,0.27120638600850355,0.0,0.0,0.0,,,0.0,0.0,0.0,0.0
2024-03-21 10:00:00+00:00,2024-03-21 03:46:00+00:00,2024-03-21 10:00:00+00:00,1000000.0,1000000.0,0,0,0.0,0.0,0.0,0.0,0.0,0.0,[],[],0.0,[],0.0,0.0,0.0,0.0,0.0,0.0,1000000.0,1000000.0,0,0.0,14,2024-03,0.0,0.07123675557179365,0.2712928315854993,0.0,0.0,0.0,,,0.0,0.0,0.0,0.0
2024-03-22 10:00:00+00:00,2024-03-22 03:46:00+00:00,2024-03-22 10:00:00+00:00,1000000.0,1000000.0,0,0,0.0,0.0,0.0,0.0,0.0,0.0,[],[],0.0,[],0.0,0.0,0.0,0.0,0.0,0.0,1000000.0,1000000.0,0,0.0,15,2024-03,0.0,0.08695652173913015,0.26437591600205096,0.0,0.0,0.0,,,0.0,0.0,0.0,0.0
2024-03-26 10:00:00+00:00,2024-03-26 03:46:00+00:00,2024-03-26 10:00:00+00:00,1000000.0,1000000.0,0,0,0.0,0.0,0.0,0.0,0.0,0.0,[],[],0.0,[],0.0,0.0,0.0,0.0,0.0,0.0,1000000.0,1000000.0,0,0.0,16,2024-03,0.0,0.08494702228717554,0.257164109354258,0.0,0.0,0.0,,,0.0,0.0,0.0,0.0
2024-03-27 10:00:00+00:00,2024-03-27 03:46:00+00:00,2024-03-27 10:00:00+00:00,1000000.0,1000000.0,0,0,0.0,0.0,0.0,0.0,0.0,0.0,[],[],0.0,[],0.0,0.0,0.0,0.0,0.0,0.0,1000000.0,1000000.0,0,0.0,17,2024-03,0.0,0.14724150529777114,0.31995162018020085,0.0,0.0,0.0,,,0.0,0.0,0.0,0.0
2024-03-28 10:00:00+00:00,2024-03-28 03:46:00+00:00,2024-03-28 10:00:00+00:00,1000000.0,1000000.0,0,0,0.0,0.0,0.0,0.0,0.0,0.0,[],[],0.0,[],0.0,0.0,0.0,0.0,0.0,0.0,1000000.0,1000000.0,0,0.0,18,2024-03,0.0,0.16295213737668957,0.31105381908788193,0.0,0.0,0.0,,,0.0,0.0,0.0,0.0
2024-04-01 10:00:00+00:00,2024-04-01 03:46:00+00:00,2024-04-01 10:00:00+00:00,1000000.0,1000000.0,0,0,0.0,0.0,0.0,0.0,0.0,0.0,[],[],0.0,[],0.0,0.0,0.0,0.0,0.0,0.0,1000000.0,1000000.0,0,0.0,19,2024-04,0.0,0.19656558275484093,0.3112011650404052,0.0,0.0,0.0,,,0.0,0.0,0.0,0.0
2024-04-02 10:00:00+00:00,2024-04-02 03:46:00+00:00,2024-04-02 10:00:00+00:00,1000000.0,1000000.0,0,0,0.0,0.0,0.0,0.0,0.0,0.0,[],[],0.0,[],0.0,0.0,0.0,0.0,0.0,0.0,1000000.0,1000000.0,0,0.0,20,2024-04,0.0,0.17552064303982462,0.317978602327485,0.0,0.0,0.0,,,0.0,0.0,0.0,0.0
2024-04-03 10:00:00+00:00,2024-04-03 03:46:00+00:00,2024-04-03 10:00:00+00:00,1000000.0,1000000.0,0,0,0.0,0.0,0.0,0.0,0.0,0.0,[],[],0.0,[],0.0,0.0,0.0,0.0,0.0,0.0,1000000.0,1000000.0,0,0.0,21,2024-04,0.0,0.1885458531238582,0.3100760974621302,0.0,0.0,0.0,,,0.0,0.0,0.0,0.0
2024-04-04 10:00:00+00:00,2024-04-04 03:46:00+00:00,2024-04-04 10:00:00+00:00,1000000.0,1000000.0,0,0,0.0,0.0,0.0,0.0,0.0,0.0,[],[],0.0,[],0.0,0.0,0.0,0.0,0.0,0.0,1000000.0,1000000.0,0,0.0,22,2024-04,0.0,0.19108512970405545,0.303354125548095,0.0,0.0,0.0,,,0.0,0.0,0.0,0.0
2024-04-05 10:00:00+00:00,2024-04-05 03:46:00+00:00,2024-04-05 10:00:00+00:00,1000000.0,1000000.0,0,0,0.0,0.0,0.0,0.0,0.0,0.0,[],[],0.0,[],0.0,0.0,0.0,0.0,0.0,0.0,1000000.0,1000000.0,0,0.0,23,2024-04,0.0,0.21848739495798308,0.3004300428551134,0.0,0.0,0.0,,,0.0,0.0,0.0,0.0
2024-04-08 10:00:00+00:00,2024-04-08 03:46:00+00:00,2024-04-08 10:00:00+00:00,1000000.0,1000000.0,0,0,0.0,0.0,0.0,0.0,0.0,0.0,[],[],0.0,[],0.0,0.0,0.0,0.0,0.0,0.0,1000000.0,1000000.0,0,0.0,24,2024-04,0.0,0.22372122762148328,0.29418843338394074,0.0,0.0,0.0,,,0.0,0.0,0.0,0.0
2024-04-09 10:00:00+00:00,2024-04-09 03:46:00+00:00,2024-04-09 10:00:00+00:00,1000000.0,1000000.0,0,0,0.0,0.0,0.0,0.0,0.0,0.0,[],[],0.0,[],0.0,0.0,0.0,0.0,0.0,0.0,1000000.0,1000000.0,0,0.0,25,2024-04,0.0,0.19656558275484115,0.30414471930070275,0.0,0.0,0.0,,,0.0,0.0,0.0,0.0
2024-04-10 10:00:00+00:00,2024-04-10 03:46:00+00:00,2024-04-10 10:00:00+00:00,1000000.0,1000000.0,0,0,0.0,0.0,0.0,0.0,0.0,0.0,[],[],0.0,[],0.0,0.0,0.0,0.0,0.0,0.0,1000000.0,1000000.0,0,0.0,26,2024-04,0.0,0.2139203507489953,0.29882424271220254,0.0,0.0,0.0,,,0.0,0.0,0.0,0.0
2024-04-12 10:00:00+00:00,2024-04-12 03:46:00+00:00,2024-04-12 10:00:00+00:00,1000000.0,1000000.0,0,0,0.0,0.0,0.0,0.0,0.0,0.0,[],[],0.0,[],0.0,0.0,0.0,0.0,0.0,0.0,1000000.0,1000000.0,0,0.0,27,2024-04,0.0,0.23164048227986833,0.2937884077862461,0.0,0.0,0.0,,,0.0,0.0,0.0,0.0
2024-04-15 10:00:00+00:00,2024-04-15 03:46:00+00:00,2024-04-15 10:00:00+00:00,1000000.0,1000000.0,0,0,0.0,0.0,0.0,0.0,0.0,0.0,[],[],0.0,[],0.0,0.0,0.0,0.0,0.0,0.0,1000000.0,1000000.0,0,0.0,28,2024-04,0.0,0.20091340884179743,0.30468287789765086,0.0,0.0,0.0,,,0.0,0.0,0.0,0.0
2024-04-16 10:00:00+00:00,2024-04-16 03:46:00+00:00,2024-04-16 10:00:00+00:00,1000000.0,1000000.0,0,0,0.0,0.0,0.0,0.0,0.0,0.0,[],[],0.0,[],0.0,0.0,0.0,0.0,0.0,0.0,1000000.0,1000000.0,0,0.0,29,2024-04,0.0,0.2175739861161856,0.29993142383917865,0.0,0.0,0.0,,,0.0,0.0,0.0,0.0
2024-04-18 10:00:00+00:00,2024-04-18 03:46:00+00:00,2024-04-18 10:00:00+00:00,1000000.0,1000000.0,0,0,0.0,0.0,0.0,0.0,0.0,0.0,[],[],0.0,[],0.0,0.0,0.0,0.0,0.0,0.0,1000000.0,1000000.0,0,0.0,30,2024-04,0.0,0.1691633175009133,0.32436018333758093,0.0,0.0,0.0,,,0.0,0.0,0.0,0.0
2024-04-19 10:00:00+00:00,2024-04-19 03:46:00+00:00,2024-04-19 10:00:00+00:00,1000000.0,1000000.0,0,0,0.0,0.0,0.0,0.0,0.0,0.0,[],[],0.0,[],0.0,0.0,0.0,0.0,0.0,0.0,1000000.0,1000000.0,0,0.0,31,2024-04,0.0,0.1489678480087686,0.3254082387251023,0.0,0.0,0.0,,,0.0,0.0,0.0,0.0
2024-04-22 10:00:00+00:00,2024-04-22 03:46:00+00:00,2024-04-22 10:00:00+00:00,1000000.0,1000000.0,0,0,0.0,0.0,0.0,0.0,0.0,0.0,[],[],0.0,[],0.0,0.0,0.0,0.0,0.0,0.0,1000000.0,1000000.0,0,0.0,32,2024-04,0.0,0.1912678114724149,0.3325673773633948,0.0,0.0,0.0,,,0.0,0.0,0.0,0.0
2024-04-23 10:00:00+00:00,2024-04-23 03:46:00+00:00,2024-04-23 10:00:00+00:00,1000000.0,1000000.0,0,0,0.0,0.0,0.0,0.0,0.0,0.0,[],[],0.0,[],0.0,0.0,0.0,0.0,0.0,0.0,1000000.0,1000000.0,0,0.0,33,2024-04,0.0,0.15089514066496146,0.3451255546230753,0.0,0.0,0.0,,,0.0,0.0,0.0,0.0
2024-04-24 10:00:00+00:00,2024-04-24 03:46:00+00:00,2024-04-24 10:00:00+00:00,1000000.0,1000000.0,0,0,0.0,0.0,0.0,0.0,0.0,0.0,[],[],0.0,[],0.0,0.0,0.0,0.0,0.0,0.0,1000000.0,1000000.0,0,0.0,34,2024-04,0.0,0.15863171355498706,0.3399101716535442,0.0,0.0,0.0,,,0.0,0.0,0.0,0.0
2024-04-25 10:00:00+00:00,2024-04-25 03:46:00+00:00,2024-04-25 10:00:00+00:00,1000000.0,1000000.0,0,0,0.0,0.0,0.0,0.0,0.0,0.0,[],[],0.0,[],0.0,0.0,0.0,0.0,0.0,0.0,1000000.0,1000000.0,0,0.0,35,2024-04,0.0,0.17080745341614878,0.33525415817325854,0.0,0.0,0.0,,,0.0,0.0,0.0,0.0
2024-04-26 10:00:00+00:00,2024-04-26 03:46:00+00:00,2024-04-26 10:00:00+00:00,1000000.0,1000000.0,0,0,0.0,0.0,0.0,0.0,0.0,0.0,[],[],0.0,[],0.0,0.0,0.0,0.0,0.0,0.0,1000000.0,1000000.0,0,0.0,36,2024-04,0.0,0.1724515893313845,0.3305473647317366,0.0,0.0,0.0,,,0.0,0.0,0.0,0.0
2024-04-29 10:00:00+00:00,2024-04-29 03:46:00+00:00,2024-04-29 10:00:00+00:00,1000000.0,1000000.0,0,0,0.0,0.0,0.0,0.0,0.0,0.0,[],[],0.0,[],0.0,0.0,0.0,0.0,0.0,0.0,1000000.0,1000000.0,0,0.0,37,2024-04,0.0,0.1801150895140664,0.3259616933787552,0.0,0.0,0.0,,,0.0,0.0,0.0,0.0
2024-04-30 10:00:00+00:00,2024-04-30 03:46:00+00:00,2024-04-30 10:00:00+00:00,1000000.0,1000000.0,0,0,0.0,0.0,0.0,0.0,0.0,0.0,[],[],0.0,[],0.0,0.0,0.0,0.0,0.0,0.0,1000000.0,1000000.0,0,0.0,38,2024-04,0.0,0.19352393131165524,0.3219853398885419,0.0,0.0,0.0,,,0.0,0.0,0.0,0.0
2024-05-02 10:00:00+00:00,2024-05-02 03:46:00+00:00,2024-05-02 10:00:00+00:00,1000000.0,1000000.0,0,0,0.0,0.0,0.0,0.0,0.0,0.0,[],[],0.0,[],0.0,0.0,0.0,0.0,0.0,0.0,1000000.0,1000000.0,0,0.0,39,2024-05,0.0,0.2236024844720499,0.3218979370722581,0.0,0.0,0.0,,,0.0,0.0,0.0,0.0
2024-05-03 10:00:00+00:00,2024-05-03 03:46:00+00:00,2024-05-03 10:00:00+00:00,1000000.0,1000000.0,0,0,0.0,0.0,0.0,0.0,0.0,0.0,[],[],0.0,[],0.0,0.0,0.0,0.0,0.0,0.0,1000000.0,1000000.0,0,0.0,40,2024-05,0.0,0.2239678480087688,0.3180008801417874,0.0,0.0,0.0,,,0.0,0.0,0.0,0.0
2024-05-06 10:00:00+00:00,2024-05-06 03:46:00+00:00,2024-05-06 10:00:00+00:00,1000000.0,1000000.0,0,0,0.0,0.0,0.0,0.0,0.0,0.0,[],[],0.0,[],0.0,0.0,0.0,0.0,0.0,0.0,1000000.0,1000000.0,0,0.0,41,2024-05,0.0,0.26962002192181234,0.32389089169205826,0.0,0.0,0.0,,,0.0,0.0,0.0,0.0
2024-05-07 10:00:00+00:00,2024-05-07 03:46:00+00:00,2024-05-07 10:00:00+00:00,1000000.0,1000000.0,0,0,0.0,0.0,0.0,0.0,0.0,0.0,[],[],0.0,[],0.0,0.0,0.0,0.0,0.0,0.0,1000000.0,1000000.0,0,0.0,42,2024-05,0.0,0.25593715747168466,0.3225583678369297,0.0,0.0,0.0,,,0.0,0.0,0.0,0.0
2024-05-08 10:00:00+00:00,2024-05-08 03:46:00+00:00,2024-05-08 10:00:00+00:00,1000000.0,1000000.0,0,0,0.0,0.0,0.0,0.0,0.0,0.0,[],[],0.0,[],0.0,0.0,0.0,0.0,0.0,0.0,1000000.0,1000000.0,0,0.0,43,2024-05,0.0,0.3098374132261603,0.33122402706202925,0.0,0.0,0.0,,,0.0,0.0,0.0,0.0
2024-05-09 10:00:00+00:00,2024-05-09 03:46:00+00:00,2024-05-09 10:00:00+00:00,1000000.0,1000000.0,0,0,0.0,0.0,0.0,0.0,0.0,0.0,[],[],0.0,[],0.0,0.0,0.0,0.0,0.0,0.0,1000000.0,1000000.0,0,0.0,44,2024-05,0.0,0.28607964925100515,0.33262126841312273,0.0,0.0,0.0,,,0.0,0.0,0.0,0.0
2024-05-10 10:00:00+00:00,2024-05-10 03:46:00+00:00,2024-05-10 10:00:00+00:00,1000000.0,1000000.0,0,0,0.0,0.0,0.0,0.0,0.0,0.0,[],[],0.0,[],0.0,0.0,0.0,0.0,0.0,0.0,1000000.0,1000000.0,0,0.0,45,2024-05,0.0,0.31603945926196597,0.3313723777027196,0.0,0.0,0.0,,,0.0,0.0,0.0,0.0
2024-05-13 10:00:00+00:00,2024-05-13 03:46:00+00:00,2024-05-13 10:00:00+00:00,1000000.0,1000000.0,0,0,0.0,0.0,0.0,0.0,0.0,0.0,[],[],0.0,[],0.0,0.0,0.0,0.0,0.0,0.0,1000000.0,1000000.0,0,0.0,46,2024-05,0.0,0.4650986481549144,0.4123177714429078,0.0,0.0,0.0,,,0.0,0.0,0.0,0.0
2024-05-14 10:00:00+00:00,2024-05-14 03:46:00+00:00,2024-05-14 10:00:00+00:00,1000000.0,1000000.0,0,0,0.0,0.0,0.0,0.0,0.0,0.0,[],[],0.0,[],0.0,0.0,0.0,0.0,0.0,0.0,1000000.0,1000000.0,0,0.0,47,2024-05,0.0,0.4733284618195106,0.4078722135811642,0.0,0.0,0.0,,,0.0,0.0,0.0,0.0
2024-05-15 10:00:00+00:00,2024-05-15 03:46:00+00:00,2024-05-15 10:00:00+00:00,1000000.0,1000000.0,0,0,0.0,0.0,0.0,0.0,0.0,0.0,[],[],0.0,[],0.0,0.0,0.0,0.0,0.0,0.0,1000000.0,1000000.0,0,0.0,48,2024-05,0.0,0.47314578005115115,0.4040038842550324,0.0,0.0,0.0,,,0.0,0.0,0.0,0.0
2024-05-16 10:00:00+00:00,2024-05-16 03:46:00+00:00,2024-05-16 10:00:00+00:00,1000000.0,1000000.0,0,0,0.0,0.0,0.0,0.0,0.0,0.0,[],[],0.0,[],0.0,0.0,0.0,0.0,0.0,0.0,1000000.0,1000000.0,0,0.0,49,2024-05,0.0,0.5195469492144686,0.4031869833690888,0.0,0.0,0.0,,,0.0,0.0,0.0,0.0
2024-05-17 10:00:00+00:00,2024-05-17 03:46:00+00:00,2024-05-17 10:00:00+00:00,1000000.0,1000000.0,0,0,0.0,0.0,0.0,0.0,0.0,0.0,[],[],0.0,[],0.0,0.0,0.0,0.0,0.0,0.0,1000000.0,1000000.0,0,0.0,50,2024-05,0.0,0.5277584947022291,0.39912804907214894,0.0,0.0,0.0,,,0.0,0.0,0.0,0.0
2024-05-21 10:00:00+00:00,2024-05-21 03:46:00+00:00,2024-05-21 10:00:00+00:00,1000000.0,1000000.0,0,0,0.0,0.0,0.0,0.0,0.0,0.0,[],[],0.0,[],0.0,0.0,0.0,0.0,0.0,0.0,1000000.0,1000000.0,0,0.0,51,2024-05,0.0,0.5692089879430038,0.39720923829183613,0.0,0.0,0.0,,,0.0,0.0,0.0,0.0
2024-05-22 10:00:00+00:00,2024-05-22 03:46:00+00:00,2024-05-22 10:00:00+00:00,1000000.0,1000000.0,0,0,0.0,0.0,0.0,0.0,0.0,0.0,[],[],0.0,[],0.0,0.0,0.0,0.0,0.0,0.0,1000000.0,1000000.0,0,0.0,52,2024-05,0.0,0.5378151260504205,0.39850665487297576,0.0,0.0,0.0,,,0.0,0.0,0.0,0.0
2024-05-23 10:00:00+00:00,2024-05-23 03:46:00+00:00,2024-05-23 10:00:00+00:00,1000000.0,1000000.0,0,0,0.0,0.0,0.0,0.0,0.0,0.0,[],[],0.0,[],0.0,0.0,0.0,0.0,0.0,0.0,1000000.0,1000000.0,0,0.0,53,2024-05,0.0,0.5358056265984659,0.3952483809780988,0.0,0.0,0.0,,,0.0,0.0,0.0,0.0
2024-05-24 10:00:00+00:00,2024-05-24 03:46:00+00:00,2024-05-24 10:00:00+00:00,1000000.0,1000000.0,0,0,0.0,0.0,0.0,0.0,0.0,0.0,[],[],0.0,[],0.0,0.0,0.0,0.0,0.0,0.0,1000000.0,1000000.0,0,0.0,54,2024-05,0.0,0.5429302155644873,0.391587254164519,0.0,0.0,0.0,,,0.0,0.0,0.0,0.0
2024-05-27 10:00:00+00:00,2024-05-27 03:46:00+00:00,2024-05-27 10:00:00+00:00,1000000.0,1000000.0,0,0,0.0,0.0,0.0,0.0,0.0,0.0,[],[],0.0,[],0.0,0.0,0.0,0.0,0.0,0.0,1000000.0,1000000.0,0,0.0,55,2024-05,0.0,0.5267354767994161,0.3900371903529896,0.0,0.0,0.0,,,0.0,0.0,0.0,0.0
2024-05-28 10:00:00+00:00,2024-05-28 03:46:00+00:00,2024-05-28 10:00:00+00:00,1000000.0,1000000.0,0,0,0.0,0.0,0.0,0.0,0.0,0.0,[],[],0.0,[],0.0,0.0,0.0,0.0,0.0,0.0,1000000.0,1000000.0,0,0.0,56,2024-05,0.0,0.503653635367191,0.3895773234741187,0.0,0.0,0.0,,,0.0,0.0,0.0,0.0
2024-05-29 10:00:00+00:00,2024-05-29 03:46:00+00:00,2024-05-29 10:00:00+00:00,1000000.0,1000000.0,0,0,0.0,0.0,0.0,0.0,0.0,0.0,[],[],0.0,[],0.0,0.0,0.0,0.0,0.0,0.0,1000000.0,1000000.0,0,0.0,57,2024-05,0.0,0.4952502740226532,0.3870776637487027,0.0,0.0,0.0,,,0.0,0.0,0.0,0.0
2024-05-30 10:00:00+00:00,2024-05-30 03:46:00+00:00,2024-05-30 10:00:00+00:00,1000000.0,1000000.0,0,0,0.0,0.0,0.0,0.0,0.0,0.0,[],[],0.0,[],0.0,0.0,0.0,0.0,0.0,0.0,1000000.0,1000000.0,0,0.0,58,2024-05,0.0,0.5071245889660219,0.38366908876818745,0.0,0.0,0.0,,,0.0,0.0,0.0,0.0
2024-05-31 10:00:00+00:00,2024-05-31 03:46:00+00:00,2024-05-31 10:00:00+00:00,1000000.0,1000000.0,0,0,0.0,0.0,0.0,0.0,0.0,0.0,[],[],0.0,[],0.0,0.0,0.0,0.0,0.0,0.0,1000000.0,1000000.0,0,0.0,59,2024-05,0.0,0.5142583120204609,0.3803864552901168,0.0,0.0,0.0,,,0.0,0.0,0.0,0.0
2024-06-03 10:00:00+00:00,2024-06-03 03:46:00+00:00,2024-06-03 10:00:00+00:00,1000000.0,1000000.0,0,0,0.0,0.0,0.0,0.0,0.0,0.0,[],[],0.0,[],0.0,0.0,0.0,0.0,0.0,0.0,1000000.0,1000000.0,0,0.0,60,2024-06,0.0,0.589331384727805,0.38695866247597605,0.0,0.0,0.0,,,0.0,0.0,0.0,0.0
2024-06-04 10:00:00+00:00,2024-06-04 03:46:00+00:00,2024-06-04 10:00:00+00:00,1000000.0,1000000.0,0,0,0.0,0.0,0.0,0.0,0.0,0.0,[],[],0.0,[],0.0,0.0,0.0,0.0,0.0,0.0,1000000.0,1000000.0,0,0.0,61,2024-06,0.0,0.40339788089148776,0.46023488313255473,0.0,0.0,0.0,,,0.0,0.0,0.0,0.0
2024-06-05 10:00:00+00:00,2024-06-05 03:46:00+00:00,2024-06-05 10:00:00+00:00,1000000.0,1000000.0,0,0,0.0,0.0,0.0,0.0,0.0,0.0,[],[],0.0,[],0.0,0.0,0.0,0.0,0.0,0.0,1000000.0,1000000.0,0,0.0,62,2024-06,0.0,0.429758860065766,0.4571754270467093,0.0,0.0,0.0,,,0.0,0.0,0.0,0.0
2024-06-06 10:00:00+00:00,2024-06-06 03:46:00+00:00,2024-06-06 10:00:00+00:00,1000000.0,1000000.0,0,0,0.0,0.0,0.0,0.0,0.0,0.0,[],[],0.0,[],0.0,0.0,0.0,0.0,0.0,0.0,1000000.0,1000000.0,0,0.0,63,2024-06,0.0,0.46072341980270437,0.45452701538088025,0.0,0.0,0.0,,,0.0,0.0,0.0,0.0
2024-06-07 10:00:00+00:00,2024-06-07 03:46:00+00:00,2024-06-07 10:00:00+00:00,1000000.0,1000000.0,0,0,0.0,0.0,0.0,0.0,0.0,0.0,[],[],0.0,[],0.0,0.0,0.0,0.0,0.0,0.0,1000000.0,1000000.0,0,0.0,64,2024-06,0.0,0.47060650347095434,0.45090569632014776,0.0,0.0,0.0,,,0.0,0.0,0.0,0.0
2024-06-10 10:00:00+00:00,2024-06-10 03:46:00+00:00,2024-06-10 10:00:00+00:00,1000000.0,1000000.0,0,0,0.0,0.0,0.0,0.0,0.0,0.0,[],[],0.0,[],0.0,0.0,0.0,0.0,0.0,0.0,1000000.0,1000000.0,0,0.0,65,2024-06,0.0,0.4786262331019371,0.447373375830296,0.0,0.0,0.0,,,0.0,0.0,0.0,0.0
2024-06-11 10:00:00+00:00,2024-06-11 03:46:00+00:00,2024-06-11 10:00:00+00:00,1000000.0,1000000.0,0,0,0.0,0.0,0.0,0.0,0.0,0.0,[],[],0.0,[],0.0,0.0,0.0,0.0,0.0,0.0,1000000.0,1000000.0,0,0.0,66,2024-06,0.0,0.47844355133357763,0.4441032797701007,0.0,0.0,0.0,,,0.0,0.0,0.0,0.0
2024-06-12 10:00:00+00:00,2024-06-12 03:46:00+00:00,2024-06-12 10:00:00+00:00,1000000.0,1000000.0,0,0,0.0,0.0,0.0,0.0,0.0,0.0,[],[],0.0,[],0.0,0.0,0.0,0.0,0.0,0.0,1000000.0,1000000.0,0,0.0,67,2024-06,0.0,0.5126050420168073,0.4419254573436697,0.0,0.0,0.0,,,0.0,0.0,0.0,0.0
2024-06-13 10:00:00+00:00,2024-06-13 03:46:00+00:00,2024-06-13 10:00:00+00:00,1000000.0,1000000.0,0,0,0.0,0.0,0.0,0.0,0.0,0.0,[],[],0.0,[],0.0,0.0,0.0,0.0,0.0,0.0,1000000.0,1000000.0,0,0.0,68,2024-06,0.0,0.5423821702594089,0.43934019231116306,0.0,0.0,0.0,,,0.0,0.0,0.0,0.0
2024-06-14 10:00:00+00:00,2024-06-14 03:46:00+00:00,2024-06-14 10:00:00+00:00,1000000.0,1000000.0,0,0,0.0,0.0,0.0,0.0,0.0,0.0,[],[],0.0,[],0.0,0.0,0.0,0.0,0.0,0.0,1000000.0,1000000.0,0,0.0,69,2024-06,0.0,0.6497990500548056,0.4523467101723775,0.0,0.0,0.0,,,0.0,0.0,0.0,0.0
2024-06-18 10:00:00+00:00,2024-06-18 03:46:00+00:00,2024-06-18 10:00:00+00:00,1000000.0,1000000.0,0,0,0.0,0.0,0.0,0.0,0.0,0.0,[],[],0.0,[],0.0,0.0,0.0,0.0,0.0,0.0,1000000.0,1000000.0,0,0.0,70,2024-06,0.0,0.6214011691633183,0.4515345674162718,0.0,0.0,0.0,,,0.0,0.0,0.0,0.0
2024-06-19 10:00:00+00:00,2024-06-19 03:46:00+00:00,2024-06-19 10:00:00+00:00,1000000.0,1000000.0,0,0,0.0,0.0,0.0,0.0,0.0,0.0,[],[],0.0,[],0.0,0.0,0.0,0.0,0.0,0.0,1000000.0,1000000.0,0,0.0,71,2024-06,0.0,0.562842528315675,0.4557078898389,0.0,0.0,0.0,,,0.0,0.0,0.0,0.0
2024-06-20 10:00:00+00:00,2024-06-20 03:46:00+00:00,2024-06-20 10:00:00+00:00,1000000.0,1000000.0,0,0,0.0,0.0,0.0,0.0,0.0,0.0,[],[],0.0,[],0.0,0.0,0.0,0.0,0.0,0.0,1000000.0,1000000.0,0,0.0,72,2024-06,0.0,0.5655827548410679,0.45258253422346917,0.0,0.0,0.0,,,0.0,0.0,0.0,0.0
2024-06-21 10:00:00+00:00,2024-06-21 03:46:00+00:00,2024-06-21 10:00:00+00:00,1000000.0,1000000.0,0,0,0.0,0.0,0.0,0.0,0.0,0.0,[],[],0.0,[],0.0,0.0,0.0,0.0,0.0,0.0,1000000.0,1000000.0,0,0.0,73,2024-06,0.0,0.5336134453781523,0.45223350308456833,0.0,0.0,0.0,,,0.0,0.0,0.0,0.0
2024-06-24 10:00:00+00:00,2024-06-24 03:46:00+00:00,2024-06-24 10:00:00+00:00,1000000.0,1000000.0,0,0,0.0,0.0,0.0,0.0,0.0,0.0,[],[],0.0,[],0.0,0.0,0.0,0.0,0.0,0.0,1000000.0,1000000.0,0,0.0,74,2024-06,0.0,0.5418341249543306,0.44912851236212575,0.0,0.0,0.0,,,0.0,0.0,0.0,0.0
2024-06-25 10:00:00+00:00,2024-06-25 03:46:00+00:00,2024-06-25 10:00:00+00:00,1000000.0,1000000.0,0,0,0.0,0.0,0.0,0.0,0.0,0.0,[],[],0.0,[],0.0,0.0,0.0,0.0,0.0,0.0,1000000.0,1000000.0,0,0.0,75,2024-06,0.0,0.5345999269272936,0.44653535238005226,0.0,0.0,0.0,,,0.0,0.0,0.0,0.0
2024-06-26 10:00:00+00:00,2024-06-26 03:46:00+00:00,2024-06-26 10:00:00+00:00,1000000.0,1000000.0,0,0,0.0,0.0,0.0,0.0,0.0,0.0,[],[],0.0,[],0.0,0.0,0.0,0.0,0.0,0.0,1000000.0,1000000.0,0,0.0,76,2024-06,0.0,0.5345268542199499,0.44369051830131595,0.0,0.0,0.0,,,0.0,0.0,0.0,0.0
2024-06-27 10:00:00+00:00,2024-06-27 03:46:00+00:00,2024-06-27 10:00:00+00:00,1000000.0,1000000.0,0,0,0.0,0.0,0.0,0.0,0.0,0.0,[],[],0.0,[],0.0,0.0,0.0,0.0,0.0,0.0,1000000.0,1000000.0,0,0.0,77,2024-06,0.0,0.5856503470953609,0.44351589281673437,0.0,0.0,0.0,,,0.0,0.0,0.0,0.0
2024-06-28 10:00:00+00:00,2024-06-28 03:46:00+00:00,2024-06-28 10:00:00+00:00,1000000.0,1000000.0,0,0,0.0,0.0,0.0,0.0,0.0,0.0,[],[],0.0,[],0.0,0.0,0.0,0.0,0.0,0.0,1000000.0,1000000.0,0,0.0,78,2024-06,0.0,0.552977712824261,0.44329027754786254,0.0,0.0,0.0,,,0.0,0.0,0.0,0.0
2024-07-01 10:00:00+00:00,2024-07-01 03:46:00+00:00,2024-07-01 10:00:00+00:00,1000000.0,1000000.0,0,0,0.0,0.0,0.0,0.0,0.0,0.0,[],[],0.0,[],0.0,0.0,0.0,0.0,0.0,0.0,1000000.0,1000000.0,0,0.0,79,2024-07,0.0,0.5778224333211555,0.4407981112186501,0.0,0.0,0.0,,,0.0,0.0,0.0,0.0
2024-07-02 10:00:00+00:00,2024-07-02 03:46:00+00:00,2024-07-02 10:00:00+00:00,1000000.0,1000000.0,0,0,0.0,0.0,0.0,0.0,0.0,0.0,[],[],0.0,[],0.0,0.0,0.0,0.0,0.0,0.0,1000000.0,1000000.0,0,0.0,80,2024-07,0.0,0.5528041651443194,0.43974059100077356,0.0,0.0,0.0,,,0.0,0.0,0.0,0.0
2024-07-03 10:00:00+00:00,2024-07-03 03:46:00+00:00,2024-07-03 10:00:00+00:00,1000000.0,1000000.0,0,0,0.0,0.0,0.0,0.0,0.0,0.0,[],[],0.0,[],0.0,0.0,0.0,0.0,0.0,0.0,1000000.0,1000000.0,0,0.0,81,2024-07,0.0,0.5756302521008412,0.4372594293016074,0.0,0.0,0.0,,,0.0,0.0,0.0,0.0
2024-07-04 10:00:00+00:00,2024-07-04 03:46:00+00:00,2024-07-04 10:00:00+00:00,1000000.0,1000000.0,0,0,0.0,0.0,0.0,0.0,0.0,0.0,[],[],0.0,[],0.0,0.0,0.0,0.0,0.0,0.0,1000000.0,1000000.0,0,0.0,82,2024-07,0.0,0.5895140664961644,0.4345797835746475,0.0,0.0,0.0,,,0.0,0.0,0.0,0.0
2024-07-05 10:00:00+00:00,2024-07-05 03:46:00+00:00,2024-07-05 10:00:00+00:00,1000000.0,1000000.0,0,0,0.0,0.0,0.0,0.0,0.0,0.0,[],[],0.0,[],0.0,0.0,0.0,0.0,0.0,0.0,1000000.0,1000000.0,0,0.0,83,2024-07,0.0,0.584764340518817,0.43220805595497264,0.0,0.0,0.0,,,0.0,0.0,0.0,0.0
2024-07-08 10:00:00+00:00,2024-07-08 03:46:00+00:00,2024-07-08 10:00:00+00:00,1000000.0,1000000.0,0,0,0.0,0.0,0.0,0.0,0.0,0.0,[],[],0.0,[],0.0,0.0,0.0,0.0,0.0,0.0,1000000.0,1000000.0,0,0.0,84,2024-07,0.0,0.5652904640116923,0.43075378417420795,0.0,0.0,0.0,,,0.0,0.0,0.0,0.0
2024-07-09 10:00:00+00:00,2024-07-09 03:46:00+00:00,2024-07-09 10:00:00+00:00,1000000.0,1000000.0,0,0,0.0,0.0,0.0,0.0,0.0,0.0,[],[],0.0,[],0.0,0.0,0.0,0.0,0.0,0.0,1000000.0,1000000.0,0,0.0,85,2024-07,0.0,0.5683229813664605,0.4282314398478191,0.0,0.0,0.0,,,0.0,0.0,0.0,0.0
2024-07-10 10:00:00+00:00,2024-07-10 03:46:00+00:00,2024-07-10 10:00:00+00:00,1000000.0,1000000.0,0,0,0.0,0.0,0.0,0.0,0.0,0.0,[],[],0.0,[],0.0,0.0,0.0,0.0,0.0,0.0,1000000.0,1000000.0,0,0.0,86,2024-07,0.0,0.5609974424552437,0.42607273181738536,0.0,0.0,0.0,,,0.0,0.0,0.0,0.0
2024-07-11 10:00:00+00:00,2024-07-11 03:46:00+00:00,2024-07-11 10:00:00+00:00,1000000.0,1000000.0,0,0,0.0,0.0,0.0,0.0,0.0,0.0,[],[],0.0,[],0.0,0.0,0.0,0.0,0.0,0.0,1000000.0,1000000.0,0,0.0,87,2024-07,0.0,0.5473145780051161,0.4242882364690296,0.0,0.0,0.0,,,0.0,0.0,0.0,0.0
2024-07-12 10:00:00+00:00,2024-07-12 03:46:00+00:00,2024-07-12 10:00:00+00:00,1000000.0,1000000.0,0,0,0.0,0.0,0.0,0.0,0.0,0.0,[],[],0.0,[],0.0,0.0,0.0,0.0,0.0,0.0,1000000.0,1000000.0,0,0.0,88,2024-07,0.0,0.4979905005480463,0.4265291162435164,0.0,0.0,0.0,,,0.0,0.0,0.0,0.0
2024-07-15 10:00:00+00:00,2024-07-15 03:46:00+00:00,2024-07-15 10:00:00+00:00,1000000.0,1000000.0,0,0,0.0,0.0,0.0,0.0,0.0,0.0,[],[],0.0,[],0.0,0.0,0.0,0.0,0.0,0.0,1000000.0,1000000.0,0,0.0,89,2024-07,0.0,0.507983193277312,0.4241084986114688,0.0,0.0,0.0,,,0.0,0.0,0.0,0.0
2024-07-16 10:00:00+00:00,2024-07-16 03:46:00+00:00,2024-07-16 10:00:00+00:00,1000000.0,1000000.0,0,0,0.0,0.0,0.0,0.0,0.0,0.0,[],[],0.0,[],0.0,0.0,0.0,0.0,0.0,0.0,1000000.0,1000000.0,0,0.0,90,2024-07,0.0,0.5043843624406292,0.42189921593339014,0.0,0.0,0.0,,,0.0,0.0,0.0,0.0
2024-07-18 10:00:00+00:00,2024-07-18 03:46:00+00:00,2024-07-18 10:00:00+00:00,1000000.0,1000000.0,0,0,0.0,0.0,0.0,0.0,0.0,0.0,[],[],0.0,[],0.0,0.0,0.0,0.0,0.0,0.0,1000000.0,1000000.0,0,0.0,91,2024-07,0.0,0.44336865180855023,0.42631342451924104,0.0,0.0,0.0,,,0.0,0.0,0.0,0.0
2024-07-19 10:00:00+00:00,2024-07-19 03:46:00+00:00,2024-07-19 10:00:00+00:00,1000000.0,1000000.0,0,0,0.0,0.0,0.0,0.0,0.0,0.0,[],[],0.0,[],0.0,0.0,0.0,0.0,0.0,0.0,1000000.0,1000000.0,0,0.0,92,2024-07,0.0,0.39020825721593044,0.4294205097840889,0.0,0.0,0.0,,,0.0,0.0,0.0,0.0
2024-07-22 10:00:00+00:00,2024-07-22 03:46:00+00:00,2024-07-22 10:00:00+00:00,1000000.0,1000000.0,0,0,0.0,0.0,0.0,0.0,0.0,0.0,[],[],0.0,[],0.0,0.0,0.0,0.0,0.0,0.0,1000000.0,1000000.0,0,0.0,93,2024-07,0.0,0.4104585312385831,0.42743772745345526,0.0,0.0,0.0,,,0.0,0.0,0.0,0.0
2024-07-23 10:00:00+00:00,2024-07-23 03:46:00+00:00,2024-07-23 10:00:00+00:00,1000000.0,1000000.0,0,0,0.0,0.0,0.0,0.0,0.0,0.0,[],[],0.0,[],0.0,0.0,0.0,0.0,0.0,0.0,1000000.0,1000000.0,0,0.0,94,2024-07,0.0,0.37242418706613134,0.4281585546966348,0.0,0.0,0.0,,,0.0,0.0,0.0,0.0
2024-07-24 10:00:00+00:00,2024-07-24 03:46:00+00:00,2024-07-24 10:00:00+00:00,1000000.0,1000000.0,0,0,0.0,0.0,0.0,0.0,0.0,0.0,[],[],0.0,[],0.0,0.0,0.0,0.0,0.0,0.0,1000000.0,1000000.0,0,0.0,95,2024-07,0.0,0.3712641578370486,0.42594032533591825,0.0,0.0,0.0,,,0.0,0.0,0.0,0.0
2024-07-25 10:00:00+00:00,2024-07-25 03:46:00+00:00,2024-07-25 10:00:00+00:00,1000000.0,1000000.0,0,0,0.0,0.0,0.0,0.0,0.0,0.0,[],[],0.0,[],0.0,0.0,0.0,0.0,0.0,0.0,1000000.0,1000000.0,0,0.0,96,2024-07,0.0,0.39568871026671615,0.42431028987363595,0.0,0.0,0.0,,,0.0,0.0,0.0,0.0
2024-07-26 10:00:00+00:00,2024-07-26 03:46:00+00:00,2024-07-26 10:00:00+00:00,1000000.0,1000000.0,0,0,0.0,0.0,0.0,0.0,0.0,0.0,[],[],0.0,[],0.0,0.0,0.0,0.0,0.0,0.0,1000000.0,1000000.0,0,0.0,97,2024-07,0.0,0.4338691998538555,0.4237939957904297,0.0,0.0,0.0,,,0.0,0.0,0.0,0.0
2024-07-29 10:00:00+00:00,2024-07-29 03:46:00+00:00,2024-07-29 10:00:00+00:00,1000000.0,1000000.0,0,0,0.0,0.0,0.0,0.0,0.0,0.0,[],[],0.0,[],0.0,0.0,0.0,0.0,0.0,0.0,1000000.0,1000000.0,0,0.0,98,2024-07,0.0,0.45518816222141134,0.4219589067201456,0.0,0.0,0.0,,,0.0,0.0,0.0,0.0
2024-07-30 10:00:00+00:00,2024-07-30 03:46:00+00:00,2024-07-30 10:00:00+00:00,1000000.0,1000000.0,0,0,0.0,0.0,0.0,0.0,0.0,0.0,[],[],0.0,[],0.0,0.0,0.0,0.0,0.0,0.0,1000000.0,1000000.0,0,0.0,99,2024-07,0.0,0.43386919985385575,0.42087478885618923,0.0,0.0,0.0,,,0.0,0.0,0.0,0.0
2024-07-31 10:00:00+00:00,2024-07-31 03:46:00+00:00,2024-07-31 10:00:00+00:00,1000000.0,1000000.0,0,0,0.0,0.0,0.0,0.0,0.0,0.0,[],[],0.0,[],0.0,0.0,0.0,0.0,0.0,0.0,1000000.0,1000000.0,0,0.0,100,2024-07,0.0,0.4438527584947032,0.4187702584966121,0.0,0.0,0.0,,,0.0,0.0,0.0,0.0
2024-08-01 10:00:00+00:00,2024-08-01 03:46:00+00:00,2024-08-01 10:00:00+00:00,1000000.0,1000000.0,0,0,0.0,0.0,0.0,0.0,0.0,0.0,[],[],0.0,[],0.0,0.0,0.0,0.0,0.0,0.0,1000000.0,1000000.0,0,0.0,101,2024-08,0.0,0.4156010230179037,0.4183342286294813,0.0,0.0,0.0,,,0.0,0.0,0.0,0.0
2024-08-02 10:00:00+00:00,2024-08-02 03:46:00+00:00,2024-08-02 10:00:00+00:00,1000000.0,1000000.0,0,0,0.0,0.0,0.0,0.0,0.0,0.0,[],[],0.0,[],0.0,0.0,0.0,0.0,0.0,0.0,1000000.0,1000000.0,0,0.0,102,2024-08,0.0,0.3838143953233477,0.41829734890090214,0.0,0.0,0.0,,,0.0,0.0,0.0,0.0
2024-08-05 10:00:00+00:00,2024-08-05 03:46:00+00:00,2024-08-05 10:00:00+00:00,1000000.0,1000000.0,0,0,0.0,0.0,0.0,0.0,0.0,0.0,[],[],0.0,[],0.0,0.0,0.0,0.0,0.0,0.0,1000000.0,1000000.0,0,0.0,103,2024-08,0.0,0.3609791742784081,0.4174199212677446,0.0,0.0,0.0,,,0.0,0.0,0.0,0.0
2024-08-06 10:00:00+00:00,2024-08-06 03:46:00+00:00,2024-08-06 10:00:00+00:00,1000000.0,1000000.0,0,0,0.0,0.0,0.0,0.0,0.0,0.0,[],[],0.0,[],0.0,0.0,0.0,0.0,0.0,0.0,1000000.0,1000000.0,0,0.0,104,2024-08,0.0,0.36280599196200325,0.41540030292584346,0.0,0.0,0.0,,,0.0,0.0,0.0,0.0
2024-08-07 10:00:00+00:00,2024-08-07 03:46:00+00:00,2024-08-07 10:00:00+00:00,1000000.0,1000000.0,0,0,0.0,0.0,0.0,0.0,0.0,0.0,[],[],0.0,[],0.0,0.0,0.0,0.0,0.0,0.0,1000000.0,1000000.0,0,0.0,105,2024-08,0.0,0.4408293752283532,0.4217569347298678,0.0,0.0,0.0,,,0.0,0.0,0.0,0.0
2024-08-08 10:00:00+00:00,2024-08-08 03:46:00+00:00,2024-08-08 10:00:00+00:00,1000000.0,1000000.0,0,0,0.0,0.0,0.0,0.0,0.0,0.0,[],[],0.0,[],0.0,0.0,0.0,0.0,0.0,0.0,1000000.0,1000000.0,0,0.0,106,2024-08,0.0,0.4523200584581668,0.41979232444210524,0.0,0.0,0.0,,,0.0,0.0,0.0,0.0
2024-08-09 10:00:00+00:00,2024-08-09 03:46:00+00:00,2024-08-09 10:00:00+00:00,1000000.0,1000000.0,0,0,0.0,0.0,0.0,0.0,0.0,0.0,[],[],0.0,[],0.0,0.0,0.0,0.0,0.0,0.0,1000000.0,1000000.0,0,0.0,107,2024-08,0.0,0.4523200584581668,0.41784975505198024,0.0,0.0,0.0,,,0.0,0.0,0.0,0.0
2024-08-12 10:00:00+00:00,2024-08-12 03:46:00+00:00,2024-08-12 10:00:00+00:00,1000000.0,1000000.0,0,0,0.0,0.0,0.0,0.0,0.0,0.0,[],[],0.0,[],0.0,0.0,0.0,0.0,0.0,0.0,1000000.0,1000000.0,0,0.0,108,2024-08,0.0,0.3964194373401544,0.42088843554037464,0.0,0.0,0.0,,,0.0,0.0,0.0,0.0
2024-08-13 10:00:00+00:00,2024-08-13 03:46:00+00:00,2024-08-13 10:00:00+00:00,1000000.0,1000000.0,0,0,0.0,0.0,0.0,0.0,0.0,0.0,[],[],0.0,[],0.0,0.0,0.0,0.0,0.0,0.0,1000000.0,1000000.0,0,0.0,109,2024-08,0.0,0.37704603580562734,0.4197621278203526,0.0,0.0,0.0,,,0.0,0.0,0.0,0.0
2024-08-14 10:00:00+00:00,2024-08-14 03:46:00+00:00,2024-08-14 10:00:00+00:00,1000000.0,1000000.0,0,0,0.0,0.0,0.0,0.0,0.0,0.0,[],[],0.0,[],0.0,0.0,0.0,0.0,0.0,0.0,1000000.0,1000000.0,0,0.0,110,2024-08,0.0,0.41706247716477973,0.41964929460943706,0.0,0.0,0.0,,,0.0,0.0,0.0,0.0
2024-08-16 10:00:00+00:00,2024-08-16 03:46:00+00:00,2024-08-16 10:00:00+00:00,1000000.0,1000000.0,0,0,0.0,0.0,0.0,0.0,0.0,0.0,[],[],0.0,[],0.0,0.0,0.0,0.0,0.0,0.0,1000000.0,1000000.0,0,0.0,111,2024-08,0.0,0.44501278772378594,0.4184503079364549,0.0,0.0,0.0,,,0.0,0.0,0.0,0.0
2024-08-19 10:00:00+00:00,2024-08-19 03:46:00+00:00,2024-08-19 10:00:00+00:00,1000000.0,1000000.0,0,0,0.0,0.0,0.0,0.0,0.0,0.0,[],[],0.0,[],0.0,0.0,0.0,0.0,0.0,0.0,1000000.0,1000000.0,0,0.0,112,2024-08,0.0,0.43039824625502465,0.4170736515376141,0.0,0.0,0.0,,,0.0,0.0,0.0,0.0
2024-08-20 10:00:00+00:00,2024-08-20 03:46:00+00:00,2024-08-20 10:00:00+00:00,1000000.0,1000000.0,0,0,0.0,0.0,0.0,0.0,0.0,0.0,[],[],0.0,[],0.0,0.0,0.0,0.0,0.0,0.0,1000000.0,1000000.0,0,0.0,113,2024-08,0.0,0.42491779320423917,0.41535356922022704,0.0,0.0,0.0,,,0.0,0.0,0.0,0.0
2024-08-21 10:00:00+00:00,2024-08-21 03:46:00+00:00,2024-08-21 10:00:00+00:00,1000000.0,1000000.0,0,0,0.0,0.0,0.0,0.0,0.0,0.0,[],[],0.0,[],0.0,0.0,0.0,0.0,0.0,0.0,1000000.0,1000000.0,0,0.0,114,2024-08,0.0,0.44609061015710716,0.4138577002269226,0.0,0.0,0.0,,,0.0,0.0,0.0,0.0
2024-08-22 10:00:00+00:00,2024-08-22 03:46:00+00:00,2024-08-22 10:00:00+00:00,1000000.0,1000000.0,0,0,0.0,0.0,0.0,0.0,0.0,0.0,[],[],0.0,[],0.0,0.0,0.0,0.0,0.0,0.0,1000000.0,1000000.0,0,0.0,115,2024-08,0.0,0.435513335769091,0.4123538935192923,0.0,0.0,0.0,,,0.0,0.0,0.0,0.0
2024-08-23 10:00:00+00:00,2024-08-23 03:46:00+00:00,2024-08-23 10:00:00+00:00,1000000.0,1000000.0,0,0,0.0,0.0,0.0,0.0,0.0,0.0,[],[],0.0,[],0.0,0.0,0.0,0.0,0.0,0.0,1000000.0,1000000.0,0,0.0,116,2024-08,0.0,0.4216843259042755,0.41101206329158196,0.0,0.0,0.0,,,0.0,0.0,0.0,0.0
2024-08-26 10:00:00+00:00,2024-08-26 03:46:00+00:00,2024-08-26 10:00:00+00:00,1000000.0,1000000.0,0,0,0.0,0.0,0.0,0.0,0.0,0.0,[],[],0.0,[],0.0,0.0,0.0,0.0,0.0,0.0,1000000.0,1000000.0,0,0.0,117,2024-08,0.0,0.4276580197296318,0.4092384456289307,0.0,0.0,0.0,,,0.0,0.0,0.0,0.0
2024-08-27 10:00:00+00:00,2024-08-27 03:46:00+00:00,2024-08-27 10:00:00+00:00,1000000.0,1000000.0,0,0,0.0,0.0,0.0,0.0,0.0,0.0,[],[],0.0,[],0.0,0.0,0.0,0.0,0.0,0.0,1000000.0,1000000.0,0,0.0,118,2024-08,0.0,0.4417336499817326,0.4075959002538314,0.0,0.0,0.0,,,0.0,0.0,0.0,0.0
2024-08-28 10:00:00+00:00,2024-08-28 03:46:00+00:00,2024-08-28 10:00:00+00:00,1000000.0,1000000.0,0,0,0.0,0.0,0.0,0.0,0.0,0.0,[],[],0.0,[],0.0,0.0,0.0,0.0,0.0,0.0,1000000.0,1000000.0,0,0.0,119,2024-08,0.0,0.4514066496163691,0.405893141894638,0.0,0.0,0.0,,,0.0,0.0,0.0,0.0
2024-08-29 10:00:00+00:00,2024-08-29 03:46:00+00:00,2024-08-29 10:00:00+00:00,1000000.0,1000000.0,0,0,0.0,0.0,0.0,0.0,0.0,0.0,[],[],0.0,[],0.0,0.0,0.0,0.0,0.0,0.0,1000000.0,1000000.0,0,0.0,120,2024-08,0.0,0.43916697113628134,0.4045513648044146,0.0,0.0,0.0,,,0.0,0.0,0.0,0.0
2024-08-30 10:00:00+00:00,2024-08-30 03:46:00+00:00,2024-08-30 10:00:00+00:00,1000000.0,1000000.0,0,0,0.0,0.0,0.0,0.0,0.0,0.0,[],[],0.0,[],0.0,0.0,0.0,0.0,0.0,0.0,1000000.0,1000000.0,0,0.0,121,2024-08,0.0,0.4486664230909765,0.40288934334815474,0.0,0.0,0.0,,,0.0,0.0,0.0,0.0
2024-09-02 10:00:00+00:00,2024-09-02 03:46:00+00:00,2024-09-02 10:00:00+00:00,1000000.0,1000000.0,0,0,0.0,0.0,0.0,0.0,0.0,0.0,[],[],0.0,[],0.0,0.0,0.0,0.0,0.0,0.0,1000000.0,1000000.0,0,0.0,122,2024-09,0.0,0.4084764340518825,0.4037078686606935,0.0,0.0,0.0,,,0.0,0.0,0.0,0.0
2024-09-03 10:00:00+00:00,2024-09-03 03:46:00+00:00,2024-09-03 10:00:00+00:00,1000000.0,1000000.0,0,0,0.0,0.0,0.0,0.0,0.0,0.0,[],[],0.0,[],0.0,0.0,0.0,0.0,0.0,0.0,1000000.0,1000000.0,0,0.0,123,2024-09,0.0,0.418523931311656,0.40209071808296143,0.0,0.0,0.0,,,0.0,0.0,0.0,0.0
2024-09-04 10:00:00+00:00,2024-09-04 03:46:00+00:00,2024-09-04 10:00:00+00:00,1000000.0,1000000.0,0,0,0.0,0.0,0.0,0.0,0.0,0.0,[],[],0.0,[],0.0,0.0,0.0,0.0,0.0,0.0,1000000.0,1000000.0,0,0.0,124,2024-09,0.0,0.40025575447570416,0.4011054164339391,0.0,0.0,0.0,,,0.0,0.0,0.0,0.0
2024-09-05 10:00:00+00:00,2024-09-05 03:46:00+00:00,2024-09-05 10:00:00+00:00,1000000.0,1000000.0,0,0,0.0,0.0,0.0,0.0,0.0,0.0,[],[],0.0,[],0.0,0.0,0.0,0.0,0.0,0.0,1000000.0,1000000.0,0,0.0,125,2024-09,0.0,0.3942272561198401,0.39962072162925333,0.0,0.0,0.0,,,0.0,0.0,0.0,0.0
2024-09-06 10:00:00+00:00,2024-09-06 03:46:00+00:00,2024-09-06 10:00:00+00:00,1000000.0,1000000.0,0,0,0.0,0.0,0.0,0.0,0.0,0.0,[],[],0.0,[],0.0,0.0,0.0,0.0,0.0,0.0,1000000.0,1000000.0,0,0.0,126,2024-09,0.0,0.37510960906101665,0.39871815109905606,0.0,0.0,0.0,,,0.0,0.0,0.0,0.0
2024-09-09 10:00:00+00:00,2024-09-09 03:46:00+00:00,2024-09-09 10:00:00+00:00,1000000.0,1000000.0,0,0,0.0,0.0,0.0,0.0,0.0,0.0,[],[],0.0,[],0.0,0.0,0.0,0.0,0.0,0.0,1000000.0,1000000.0,0,0.0,127,2024-09,0.0,0.38783339422725693,0.3972353801298559,0.0,0.0,0.0,,,0.0,0.0,0.0,0.0
2024-09-10 10:00:00+00:00,2024-09-10 03:46:00+00:00,2024-09-10 10:00:00+00:00,1000000.0,1000000.0,0,0,0.0,0.0,0.0,0.0,0.0,0.0,[],[],0.0,[],0.0,0.0,0.0,0.0,0.0,0.0,1000000.0,1000000.0,0,0.0,128,2024-09,0.0,0.37678114724150613,0.3959615868055696,0.0,0.0,0.0,,,0.0,0.0,0.0,0.0
2024-09-11 10:00:00+00:00,2024-09-11 03:46:00+00:00,2024-09-11 10:00:00+00:00,1000000.0,1000000.0,0,0,0.0,0.0,0.0,0.0,0.0,0.0,[],[],0.0,[],0.0,0.0,0.0,0.0,0.0,0.0,1000000.0,1000000.0,0,0.0,129,2024-09,0.0,0.38746803069053803,0.39447256443716644,0.0,0.0,0.0,,,0.0,0.0,0.0,0.0
2024-09-12 10:00:00+00:00,2024-09-12 03:46:00+00:00,2024-09-12 10:00:00+00:00,1000000.0,1000000.0,0,0,0.0,0.0,0.0,0.0,0.0,0.0,[],[],0.0,[],0.0,0.0,0.0,0.0,0.0,0.0,1000000.0,1000000.0,0,0.0,130,2024-09,0.0,0.40689623675557285,0.39324740868337493,0.0,0.0,0.0,,,0.0,0.0,0.0,0.0
2024-09-13 10:00:00+00:00,2024-09-13 03:46:00+00:00,2024-09-13 10:00:00+00:00,1000000.0,1000000.0,0,0,0.0,0.0,0.0,0.0,0.0,0.0,[],[],0.0,[],0.0,0.0,0.0,0.0,0.0,0.0,1000000.0,1000000.0,0,0.0,131,2024-09,0.0,0.40628425283156844,0.3917598651035376,0.0,0.0,0.0,,,0.0,0.0,0.0,0.0
2024-09-16 10:00:00+00:00,2024-09-16 03:46:00+00:00,2024-09-16 10:00:00+00:00,1000000.0,1000000.0,0,0,0.0,0.0,0.0,0.0,0.0,0.0,[],[],0.0,[],0.0,0.0,0.0,0.0,0.0,0.0,1000000.0,1000000.0,0,0.0,132,2024-09,0.0,0.41944647424187176,0.3903635191359785,0.0,0.0,0.0,,,0.0,0.0,0.0,0.0
2024-09-17 10:00:00+00:00,2024-09-17 03:46:00+00:00,2024-09-17 10:00:00+00:00,1000000.0,1000000.0,0,0,0.0,0.0,0.0,0.0,0.0,0.0,[],[],0.0,[],0.0,0.0,0.0,0.0,0.0,0.0,1000000.0,1000000.0,0,0.0,133,2024-09,0.0,0.4372670807453427,0.3891063913897844,0.0,0.0,0.0,,,0.0,0.0,0.0,0.0
2024-09-18 10:00:00+00:00,2024-09-18 03:46:00+00:00,2024-09-18 10:00:00+00:00,1000000.0,1000000.0,0,0,0.0,0.0,0.0,0.0,0.0,0.0,[],[],0.0,[],0.0,0.0,0.0,0.0,0.0,0.0,1000000.0,1000000.0,0,0.0,134,2024-09,0.0,0.419254658385094,0.38822780125893663,0.0,0.0,0.0,,,0.0,0.0,0.0,0.0
2024-09-19 10:00:00+00:00,2024-09-19 03:46:00+00:00,2024-09-19 10:00:00+00:00,1000000.0,1000000.0,0,0,0.0,0.0,0.0,0.0,0.0,0.0,[],[],0.0,[],0.0,0.0,0.0,0.0,0.0,0.0,1000000.0,1000000.0,0,0.0,135,2024-09,0.0,0.3746803069053717,0.3896084195301488,0.0,0.0,0.0,,,0.0,0.0,0.0,0.0
2024-09-20 10:00:00+00:00,2024-09-20 03:46:00+00:00,2024-09-20 10:00:00+00:00,1000000.0,1000000.0,0,0,0.0,0.0,0.0,0.0,0.0,0.0,[],[],0.0,[],0.0,0.0,0.0,0.0,0.0,0.0,1000000.0,1000000.0,0,0.0,136,2024-09,0.0,0.4146876141761062,0.3898282407982313,0.0,0.0,0.0,,,0.0,0.0,0.0,0.0
2024-09-23 10:00:00+00:00,2024-09-23 03:46:00+00:00,2024-09-23 10:00:00+00:00,1000000.0,1000000.0,0,0,0.0,0.0,0.0,0.0,0.0,0.0,[],[],0.0,[],0.0,0.0,0.0,0.0,0.0,0.0,1000000.0,1000000.0,0,0.0,137,2024-09,0.0,0.4514066496163691,0.3896541798954304,0.0,0.0,0.0,,,0.0,0.0,0.0,0.0
2024-09-24 10:00:00+00:00,2024-09-24 03:46:00+00:00,2024-09-24 10:00:00+00:00,1000000.0,1000000.0,0,0,0.0,0.0,0.0,0.0,0.0,0.0,[],[],0.0,[],0.0,0.0,0.0,0.0,0.0,0.0,1000000.0,1000000.0,0,0.0,138,2024-09,0.0,0.47515527950310665,0.3886478049212923,0.0,0.0,0.0,,,0.0,0.0,0.0,0.0
2024-09-25 10:00:00+00:00,2024-09-25 03:46:00+00:00,2024-09-25 10:00:00+00:00,1000000.0,1000000.0,0,0,0.0,0.0,0.0,0.0,0.0,0.0,[],[],0.0,[],0.0,0.0,0.0,0.0,0.0,0.0,1000000.0,1000000.0,0,0.0,139,2024-09,0.0,0.49342345633905826,0.3874380006425678,0.0,0.0,0.0,,,0.0,0.0,0.0,0.0
2024-09-26 10:00:00+00:00,2024-09-26 03:46:00+00:00,2024-09-26 10:00:00+00:00,1000000.0,1000000.0,0,0,0.0,0.0,0.0,0.0,0.0,0.0,[],[],0.0,[],0.0,0.0,0.0,0.0,0.0,0.0,1000000.0,1000000.0,0,0.0,140,2024-09,0.0,0.47972232371209445,0.3863977970424946,0.0,0.0,0.0,,,0.0,0.0,0.0,0.0
2024-09-27 10:00:00+00:00,2024-09-27 03:46:00+00:00,2024-09-27 10:00:00+00:00,1000000.0,1000000.0,0,0,0.0,0.0,0.0,0.0,0.0,0.0,[],[],0.0,[],0.0,0.0,0.0,0.0,0.0,0.0,1000000.0,1000000.0,0,0.0,141,2024-09,0.0,0.48428936792108246,0.385015332059109,0.0,0.0,0.0,,,0.0,0.0,0.0,0.0
2024-09-30 10:00:00+00:00,2024-09-30 03:46:00+00:00,2024-09-30 10:00:00+00:00,1000000.0,1000000.0,0,0,0.0,0.0,0.0,0.0,0.0,0.0,[],[],0.0,[],0.0,0.0,0.0,0.0,0.0,0.0,1000000.0,1000000.0,0,0.0,142,2024-09,0.0,0.47515527950310643,0.3838454773599117,0.0,0.0,0.0,,,0.0,0.0,0.0,0.0
2024-10-01 10:00:00+00:00,2024-10-01 03:46:00+00:00,2024-10-01 10:00:00+00:00,1000000.0,1000000.0,0,0,0.0,0.0,0.0,0.0,0.0,0.0,[],[],0.0,[],0.0,0.0,0.0,0.0,0.0,0.0,1000000.0,1000000.0,0,0.0,143,2024-10,0.0,0.5089514066496172,0.38340072262359404,0.0,0.0,0.0,,,0.0,0.0,0.0,0.0
2024-10-03 10:00:00+00:00,2024-10-03 03:46:00+00:00,2024-10-03 10:00:00+00:00,1000000.0,1000000.0,0,0,0.0,0.0,0.0,0.0,0.0,0.0,[],[],0.0,[],0.0,0.0,0.0,0.0,0.0,0.0,1000000.0,1000000.0,0,0.0,144,2024-10,0.0,0.4776945560833037,0.3833621533835787,0.0,0.0,0.0,,,0.0,0.0,0.0,0.0
2024-10-04 10:00:00+00:00,2024-10-04 03:46:00+00:00,2024-10-04 10:00:00+00:00,1000000.0,1000000.0,0,0,0.0,0.0,0.0,0.0,0.0,0.0,[],[],0.0,[],0.0,0.0,0.0,0.0,0.0,0.0,1000000.0,1000000.0,0,0.0,145,2024-10,0.0,0.4523200584581666,0.38295358035746596,0.0,0.0,0.0,,,0.0,0.0,0.0,0.0
2024-10-07 10:00:00+00:00,2024-10-07 03:46:00+00:00,2024-10-07 10:00:00+00:00,1000000.0,1000000.0,0,0,0.0,0.0,0.0,0.0,0.0,0.0,[],[],0.0,[],0.0,0.0,0.0,0.0,0.0,0.0,1000000.0,1000000.0,0,0.0,146,2024-10,0.0,0.414687614176106,0.383498977918387,0.0,0.0,0.0,,,0.0,0.0,0.0,0.0
2024-10-08 10:00:00+00:00,2024-10-08 03:46:00+00:00,2024-10-08 10:00:00+00:00,1000000.0,1000000.0,0,0,0.0,0.0,0.0,0.0,0.0,0.0,[],[],0.0,[],0.0,0.0,0.0,0.0,0.0,0.0,1000000.0,1000000.0,0,0.0,147,2024-10,0.0,0.48337595907928477,0.3868765259778582,0.0,0.0,0.0,,,0.0,0.0,0.0,0.0
2024-10-09 10:00:00+00:00,2024-10-09 03:46:00+00:00,2024-10-09 10:00:00+00:00,1000000.0,1000000.0,0,0,0.0,0.0,0.0,0.0,0.0,0.0,[],[],0.0,[],0.0,0.0,0.0,0.0,0.0,0.0,1000000.0,1000000.0,0,0.0,148,2024-10,0.0,0.545825721592986,0.388922728629378,0.0,0.0,0.0,,,0.0,0.0,0.0,0.0
2024-10-10 10:00:00+00:00,2024-10-10 03:46:00+00:00,2024-10-10 10:00:00+00:00,1000000.0,1000000.0,0,0,0.0,0.0,0.0,0.0,0.0,0.0,[],[],0.0,[],0.0,0.0,0.0,0.0,0.0,0.0,1000000.0,1000000.0,0,0.0,149,2024-10,0.0,0.5527950310559016,0.3876100554185815,0.0,0.0,0.0,,,0.0,0.0,0.0,0.0
2024-10-11 10:00:00+00:00,2024-10-11 03:46:00+00:00,2024-10-11 10:00:00+00:00,1000000.0,1000000.0,0,0,0.0,0.0,0.0,0.0,0.0,0.0,[],[],0.0,[],0.0,0.0,0.0,0.0,0.0,0.0,1000000.0,1000000.0,0,0.0,150,2024-10,0.0,0.5607873584216305,0.386314956252789,0.0,0.0,0.0,,,0.0,0.0,0.0,0.0
2024-10-14 10:00:00+00:00,2024-10-14 03:46:00+00:00,2024-10-14 10:00:00+00:00,1000000.0,1000000.0,0,0,0.0,0.0,0.0,0.0,0.0,0.0,[],[],0.0,[],0.0,0.0,0.0,0.0,0.0,0.0,1000000.0,1000000.0,0,0.0,151,2024-10,0.0,0.5641213006941916,0.38502785458111577,0.0,0.0,0.0,,,0.0,0.0,0.0,0.0
2024-10-15 10:00:00+00:00,2024-10-15 03:46:00+00:00,2024-10-15 10:00:00+00:00,1000000.0,1000000.0,0,0,0.0,0.0,0.0,0.0,0.0,0.0,[],[],0.0,[],0.0,0.0,0.0,0.0,0.0,0.0,1000000.0,1000000.0,0,0.0,152,2024-10,0.0,0.5767263427109983,0.3838005780816192,0.0,0.0,0.0,,,0.0,0.0,0.0,0.0
2024-10-16 10:00:00+00:00,2024-10-16 03:46:00+00:00,2024-10-16 10:00:00+00:00,1000000.0,1000000.0,0,0,0.0,0.0,0.0,0.0,0.0,0.0,[],[],0.0,[],0.0,0.0,0.0,0.0,0.0,0.0,1000000.0,1000000.0,0,0.0,153,2024-10,0.0,0.5984654731457808,0.3827731391451768,0.0,0.0,0.0,,,0.0,0.0,0.0,0.0
2024-10-17 10:00:00+00:00,2024-10-17 03:46:00+00:00,2024-10-17 10:00:00+00:00,1000000.0,1000000.0,0,0,0.0,0.0,0.0,0.0,0.0,0.0,[],[],0.0,[],0.0,0.0,0.0,0.0,0.0,0.0,1000000.0,1000000.0,0,0.0,154,2024-10,0.0,0.5893679210814771,0.3816958127047307,0.0,0.0,0.0,,,0.0,0.0,0.0,0.0
2024-10-18 10:00:00+00:00,2024-10-18 03:46:00+00:00,2024-10-18 10:00:00+00:00,1000000.0,1000000.0,0,0,0.0,0.0,0.0,0.0,0.0,0.0,[],[],0.0,[],0.0,0.0,0.0,0.0,0.0,0.0,1000000.0,1000000.0,0,0.0,155,2024-10,0.0,0.6035805626598474,0.38052253411318804,0.0,0.0,0.0,,,0.0,0.0,0.0,0.0
2024-10-21 10:00:00+00:00,2024-10-21 03:46:00+00:00,2024-10-21 10:00:00+00:00,1000000.0,1000000.0,0,0,0.0,0.0,0.0,0.0,0.0,0.0,[],[],0.0,[],0.0,0.0,0.0,0.0,0.0,0.0,1000000.0,1000000.0,0,0.0,156,2024-10,0.0,0.5138838143953242,0.38670184837567084,0.0,0.0,0.0,,,0.0,0.0,0.0,0.0
2024-10-22 10:00:00+00:00,2024-10-22 03:46:00+00:00,2024-10-22 10:00:00+00:00,1000000.0,1000000.0,0,0,0.0,0.0,0.0,0.0,0.0,0.0,[],[],0.0,[],0.0,0.0,0.0,0.0,0.0,0.0,1000000.0,1000000.0,0,0.0,157,2024-10,0.0,0.49725977347460804,0.3858646721619071,0.0,0.0,0.0,,,0.0,0.0,0.0,0.0
2024-10-23 10:00:00+00:00,2024-10-23 03:46:00+00:00,2024-10-23 10:00:00+00:00,1000000.0,1000000.0,0,0,0.0,0.0,0.0,0.0,0.0,0.0,[],[],0.0,[],0.0,0.0,0.0,0.0,0.0,0.0,1000000.0,1000000.0,0,0.0,158,2024-10,0.0,0.40774570697844426,0.39268814349763576,0.0,0.0,0.0,,,0.0,0.0,0.0,0.0
2024-10-24 10:00:00+00:00,2024-10-24 03:46:00+00:00,2024-10-24 10:00:00+00:00,1000000.0,1000000.0,0,0,0.0,0.0,0.0,0.0,0.0,0.0,[],[],0.0,[],0.0,0.0,0.0,0.0,0.0,0.0,1000000.0,1000000.0,0,0.0,159,2024-10,0.0,0.39915052977712895,0.39159238469695984,0.0,0.0,0.0,,,0.0,0.0,0.0,0.0
2024-10-25 10:00:00+00:00,2024-10-25 03:46:00+00:00,2024-10-25 10:00:00+00:00,1000000.0,1000000.0,0,0,0.0,0.0,0.0,0.0,0.0,0.0,[],[],0.0,[],0.0,0.0,0.0,0.0,0.0,0.0,1000000.0,1000000.0,0,0.0,160,2024-10,0.0,0.3761234928754118,0.39107709922031436,0.0,0.0,0.0,,,0.0,0.0,0.0,0.0
2024-10-28 10:00:00+00:00,2024-10-28 03:46:00+00:00,2024-10-28 10:00:00+00:00,1000000.0,1000000.0,0,0,0.0,0.0,0.0,0.0,0.0,0.0,[],[],0.0,[],0.0,0.0,0.0,0.0,0.0,0.0,1000000.0,1000000.0,0,0.0,161,2024-10,0.0,0.3408567774936071,0.39141557675741234,0.0,0.0,0.0,,,0.0,0.0,0.0,0.0
2024-10-29 10:00:00+00:00,2024-10-29 03:46:00+00:00,2024-10-29 10:00:00+00:00,1000000.0,1000000.0,0,0,0.0,0.0,0.0,0.0,0.0,0.0,[],[],0.0,[],0.0,0.0,0.0,0.0,0.0,0.0,1000000.0,1000000.0,0,0.0,162,2024-10,0.0,0.3634636463280976,0.3906305959997199,0.0,0.0,0.0,,,0.0,0.0,0.0,0.0
2024-10-30 10:00:00+00:00,2024-10-30 03:46:00+00:00,2024-10-30 10:00:00+00:00,1000000.0,1000000.0,0,0,0.0,0.0,0.0,0.0,0.0,0.0,[],[],0.0,[],0.0,0.0,0.0,0.0,0.0,0.0,1000000.0,1000000.0,0,0.0,163,2024-10,0.0,0.3624588966021203,0.3894403984451942,0.0,0.0,0.0,,,0.0,0.0,0.0,0.0
2024-10-31 10:00:00+00:00,2024-10-31 03:46:00+00:00,2024-10-31 10:00:00+00:00,1000000.0,1000000.0,0,0,0.0,0.0,0.0,0.0,0.0,0.0,[],[],0.0,[],0.0,0.0,0.0,0.0,0.0,0.0,1000000.0,1000000.0,0,0.0,164,2024-10,0.0,0.35912495432955915,0.3882866668132448,0.0,0.0,0.0,,,0.0,0.0,0.0,0.0
2024-11-04 10:00:00+00:00,2024-11-04 03:46:00+00:00,2024-11-04 10:00:00+00:00,1000000.0,1000000.0,0,0,0.0,0.0,0.0,0.0,0.0,0.0,[],[],0.0,[],0.0,0.0,0.0,0.0,0.0,0.0,1000000.0,1000000.0,0,0.0,165,2024-11,0.0,0.33905736207526593,0.387666439251939,0.0,0.0,0.0,,,0.0,0.0,0.0,0.0
2024-11-05 10:00:00+00:00,2024-11-05 03:46:00+00:00,2024-11-05 10:00:00+00:00,1000000.0,1000000.0,0,0,0.0,0.0,0.0,0.0,0.0,0.0,[],[],0.0,[],0.0,0.0,0.0,0.0,0.0,0.0,1000000.0,1000000.0,0,0.0,166,2024-11,0.0,0.3025210084033625,0.3881783251253784,0.0,0.0,0.0,,,0.0,0.0,0.0,0.0
2024-11-06 10:00:00+00:00,2024-11-06 03:46:00+00:00,2024-11-06 10:00:00+00:00,1000000.0,1000000.0,0,0,0.0,0.0,0.0,0.0,0.0,0.0,[],[],0.0,[],0.0,0.0,0.0,0.0,0.0,0.0,1000000.0,1000000.0,0,0.0,167,2024-11,0.0,0.30946291560102424,0.387030397959027,0.0,0.0,0.0,,,0.0,0.0,0.0,0.0
2024-11-07 10:00:00+00:00,2024-11-07 03:46:00+00:00,2024-11-07 10:00:00+00:00,1000000.0,1000000.0,0,0,0.0,0.0,0.0,0.0,0.0,0.0,[],[],0.0,[],0.0,0.0,0.0,0.0,0.0,0.0,1000000.0,1000000.0,0,0.0,168,2024-11,0.0,0.2754018998903922,0.38738238220523585,0.0,0.0,0.0,,,0.0,0.0,0.0,0.0
2024-11-08 10:00:00+00:00,2024-11-08 03:46:00+00:00,2024-11-08 10:00:00+00:00,1000000.0,1000000.0,0,0,0.0,0.0,0.0,0.0,0.0,0.0,[],[],0.0,[],0.0,0.0,0.0,0.0,0.0,0.0,1000000.0,1000000.0,0,0.0,169,2024-11,0.0,0.2807088052612363,0.386239001421753,0.0,0.0,0.0,,,0.0,0.0,0.0,0.0
2024-11-11 10:00:00+00:00,2024-11-11 03:46:00+00:00,2024-11-11 10:00:00+00:00,1000000.0,1000000.0,0,0,0.0,0.0,0.0,0.0,0.0,0.0,[],[],0.0,[],0.0,0.0,0.0,0.0,0.0,0.0,1000000.0,1000000.0,0,0.0,170,2024-11,0.0,0.3198757763975171,0.3866901784265407,0.0,0.0,0.0,,,0.0,0.0,0.0,0.0
2024-11-12 10:00:00+00:00,2024-11-12 03:46:00+00:00,2024-11-12 10:00:00+00:00,1000000.0,1000000.0,0,0,0.0,0.0,0.0,0.0,0.0,0.0,[],[],0.0,[],0.0,0.0,0.0,0.0,0.0,0.0,1000000.0,1000000.0,0,0.0,171,2024-11,0.0,0.26768359517720275,0.38882437575275064,0.0,0.0,0.0,,,0.0,0.0,0.0,0.0
2024-11-13 10:00:00+00:00,2024-11-13 03:46:00+00:00,2024-11-13 10:00:00+00:00,1000000.0,1000000.0,0,0,0.0,0.0,0.0,0.0,0.0,0.0,[],[],0.0,[],0.0,0.0,0.0,0.0,0.0,0.0,1000000.0,1000000.0,0,0.0,172,2024-11,0.0,0.24588966021191228,0.38835865689925086,0.0,0.0,0.0,,,0.0,0.0,0.0,0.0
2024-11-14 10:00:00+00:00,2024-11-14 03:46:00+00:00,2024-11-14 10:00:00+00:00,1000000.0,1000000.0,0,0,0.0,0.0,0.0,0.0,0.0,0.0,[],[],0.0,[],0.0,0.0,0.0,0.0,0.0,0.0,1000000.0,1000000.0,0,0.0,173,2024-11,0.0,0.22170259408111215,0.388055880707261,0.0,0.0,0.0,,,0.0,0.0,0.0,0.0
2024-11-18 10:00:00+00:00,2024-11-18 03:46:00+00:00,2024-11-18 10:00:00+00:00,1000000.0,1000000.0,0,0,0.0,0.0,0.0,0.0,0.0,0.0,[],[],0.0,[],0.0,0.0,0.0,0.0,0.0,0.0,1000000.0,1000000.0,0,0.0,174,2024-11,0.0,0.2102667153818063,0.3871515894865855,0.0,0.0,0.0,,,0.0,0.0,0.0,0.0
2024-11-19 10:00:00+00:00,2024-11-19 03:46:00+00:00,2024-11-19 10:00:00+00:00,1000000.0,1000000.0,0,0,0.0,0.0,0.0,0.0,0.0,0.0,[],[],0.0,[],0.0,0.0,0.0,0.0,0.0,0.0,1000000.0,1000000.0,0,0.0,175,2024-11,0.0,0.2248812568505678,0.38625024301646055,0.0,0.0,0.0,,,0.0,0.0,0.0,0.0
2024-11-21 10:00:00+00:00,2024-11-21 03:46:00+00:00,2024-11-21 10:00:00+00:00,1000000.0,1000000.0,0,0,0.0,0.0,0.0,0.0,0.0,0.0,[],[],0.0,[],0.0,0.0,0.0,0.0,0.0,0.0,1000000.0,1000000.0,0,0.0,176,2024-11,0.0,0.23336682499086736,0.38520076799733644,0.0,0.0,0.0,,,0.0,0.0,0.0,0.0
2024-11-22 10:00:00+00:00,2024-11-22 03:46:00+00:00,2024-11-22 10:00:00+00:00,1000000.0,1000000.0,0,0,0.0,0.0,0.0,0.0,0.0,0.0,[],[],0.0,[],0.0,0.0,0.0,0.0,0.0,0.0,1000000.0,1000000.0,0,0.0,177,2024-11,0.0,0.26233101936426895,0.3850007047363842,0.0,0.0,0.0,,,0.0,0.0,0.0,0.0
2024-11-25 10:00:00+00:00,2024-11-25 03:46:00+00:00,2024-11-25 10:00:00+00:00,1000000.0,1000000.0,0,0,0.0,0.0,0.0,0.0,0.0,0.0,[],[],0.0,[],0.0,0.0,0.0,0.0,0.0,0.0,1000000.0,1000000.0,0,0.0,178,2024-11,0.0,0.32481731823164206,0.3881174290822281,0.0,0.0,0.0,,,0.0,0.0,0.0,0.0
2024-11-26 10:00:00+00:00,2024-11-26 03:46:00+00:00,2024-11-26 10:00:00+00:00,1000000.0,1000000.0,0,0,0.0,0.0,0.0,0.0,0.0,0.0,[],[],0.0,[],0.0,0.0,0.0,0.0,0.0,0.0,1000000.0,1000000.0,0,0.0,179,2024-11,0.0,0.3427109974424569,0.3872714988546019,0.0,0.0,0.0,,,0.0,0.0,0.0,0.0
2024-11-27 10:00:00+00:00,2024-11-27 03:46:00+00:00,2024-11-27 10:00:00+00:00,1000000.0,1000000.0,0,0,0.0,0.0,0.0,0.0,0.0,0.0,[],[],0.0,[],0.0,0.0,0.0,0.0,0.0,0.0,1000000.0,1000000.0,0,0.0,180,2024-11,0.0,0.3700858604311308,0.386804329743396,0.0,0.0,0.0,,,0.0,0.0,0.0,0.0
2024-11-28 10:00:00+00:00,2024-11-28 03:46:00+00:00,2024-11-28 10:00:00+00:00,1000000.0,1000000.0,0,0,0.0,0.0,0.0,0.0,0.0,0.0,[],[],0.0,[],0.0,0.0,0.0,0.0,0.0,0.0,1000000.0,1000000.0,0,0.0,181,2024-11,0.0,0.35421994884910646,0.3860633375543414,0.0,0.0,0.0,,,0.0,0.0,0.0,0.0
2024-11-29 10:00:00+00:00,2024-11-29 03:46:00+00:00,2024-11-29 10:00:00+00:00,1000000.0,1000000.0,0,0,0.0,0.0,0.0,0.0,0.0,0.0,[],[],0.0,[],0.0,0.0,0.0,0.0,0.0,0.0,1000000.0,1000000.0,0,0.0,182,2024-11,0.0,0.3523931311655113,0.38501520758327995,0.0,0.0,0.0,,,0.0,0.0,0.0,0.0
2024-12-02 10:00:00+00:00,2024-12-02 03:46:00+00:00,2024-12-02 10:00:00+00:00,1000000.0,1000000.0,0,0,0.0,0.0,0.0,0.0,0.0,0.0,[],[],0.0,[],0.0,0.0,0.0,0.0,0.0,0.0,1000000.0,1000000.0,0,0.0,183,2024-12,0.0,0.36645049324077617,0.384083783742066,0.0,0.0,0.0,,,0.0,0.0,0.0,0.0
2024-12-03 10:00:00+00:00,2024-12-03 03:46:00+00:00,2024-12-03 10:00:00+00:00,1000000.0,1000000.0,0,0,0.0,0.0,0.0,0.0,0.0,0.0,[],[],0.0,[],0.0,0.0,0.0,0.0,0.0,0.0,1000000.0,1000000.0,0,0.0,184,2024-12,0.0,0.3756302521008419,0.3830727477015346,0.0,0.0,0.0,,,0.0,0.0,0.0,0.0
2024-12-04 10:00:00+00:00,2024-12-04 03:46:00+00:00,2024-12-04 10:00:00+00:00,1000000.0,1000000.0,0,0,0.0,0.0,0.0,0.0,0.0,0.0,[],[],0.0,[],0.0,0.0,0.0,0.0,0.0,0.0,1000000.0,1000000.0,0,0.0,185,2024-12,0.0,0.39842893679210967,0.38240753872990724,0.0,0.0,0.0,,,0.0,0.0,0.0,0.0
2024-12-05 10:00:00+00:00,2024-12-05 03:46:00+00:00,2024-12-05 10:00:00+00:00,1000000.0,1000000.0,0,0,0.0,0.0,0.0,0.0,0.0,0.0,[],[],0.0,[],0.0,0.0,0.0,0.0,0.0,0.0,1000000.0,1000000.0,0,0.0,186,2024-12,0.0,0.37047862623310346,0.3822383947276514,0.0,0.0,0.0,,,0.0,0.0,0.0,0.0
2024-12-06 10:00:00+00:00,2024-12-06 03:46:00+00:00,2024-12-06 10:00:00+00:00,1000000.0,1000000.0,0,0,0.0,0.0,0.0,0.0,0.0,0.0,[],[],0.0,[],0.0,0.0,0.0,0.0,0.0,0.0,1000000.0,1000000.0,0,0.0,187,2024-12,0.0,0.3783339422725627,0.3812343073147495,0.0,0.0,0.0,,,0.0,0.0,0.0,0.0
2024-12-09 10:00:00+00:00,2024-12-09 03:46:00+00:00,2024-12-09 10:00:00+00:00,1000000.0,1000000.0,0,0,0.0,0.0,0.0,0.0,0.0,0.0,[],[],0.0,[],0.0,0.0,0.0,0.0,0.0,0.0,1000000.0,1000000.0,0,0.0,188,2024-12,0.0,0.3861801242236038,0.3802375728388434,0.0,0.0,0.0,,,0.0,0.0,0.0,0.0
2024-12-10 10:00:00+00:00,2024-12-10 03:46:00+00:00,2024-12-10 10:00:00+00:00,1000000.0,1000000.0,0,0,0.0,0.0,0.0,0.0,0.0,0.0,[],[],0.0,[],0.0,0.0,0.0,0.0,0.0,0.0,1000000.0,1000000.0,0,0.0,189,2024-12,0.0,0.4051424917793216,0.37946369994229856,0.0,0.0,0.0,,,0.0,0.0,0.0,0.0
2024-12-11 10:00:00+00:00,2024-12-11 03:46:00+00:00,2024-12-11 10:00:00+00:00,1000000.0,1000000.0,0,0,0.0,0.0,0.0,0.0,0.0,0.0,[],[],0.0,[],0.0,0.0,0.0,0.0,0.0,0.0,1000000.0,1000000.0,0,0.0,190,2024-12,0.0,0.4110065765436621,0.37846613220033465,0.0,0.0,0.0,,,0.0,0.0,0.0,0.0
2024-12-12 10:00:00+00:00,2024-12-12 03:46:00+00:00,2024-12-12 10:00:00+00:00,1000000.0,1000000.0,0,0,0.0,0.0,0.0,0.0,0.0,0.0,[],[],0.0,[],0.0,0.0,0.0,0.0,0.0,0.0,1000000.0,1000000.0,0,0.0,191,2024-12,0.0,0.4014888564121313,0.37760546665513894,0.0,0.0,0.0,,,0.0,0.0,0.0,0.0
2024-12-13 10:00:00+00:00,2024-12-13 03:46:00+00:00,2024-12-13 10:00:00+00:00,1000000.0,1000000.0,0,0,0.0,0.0,0.0,0.0,0.0,0.0,[],[],0.0,[],0.0,0.0,0.0,0.0,0.0,0.0,1000000.0,1000000.0,0,0.0,192,2024-12,0.0,0.4086591158202424,0.37663204997329375,0.0,0.0,0.0,,,0.0,0.0,0.0,0.0
2024-12-16 10:00:00+00:00,2024-12-16 03:46:00+00:00,2024-12-16 10:00:00+00:00,1000000.0,1000000.0,0,0,0.0,0.0,0.0,0.0,0.0,0.0,[],[],0.0,[],0.0,0.0,0.0,0.0,0.0,0.0,1000000.0,1000000.0,0,0.0,193,2024-12,0.0,0.44040920716112675,0.3763776758808707,0.0,0.0,0.0,,,0.0,0.0,0.0,0.0
2024-12-17 10:00:00+00:00,2024-12-17 03:46:00+00:00,2024-12-17 10:00:00+00:00,1000000.0,1000000.0,0,0,0.0,0.0,0.0,0.0,0.0,0.0,[],[],0.0,[],0.0,0.0,0.0,0.0,0.0,0.0,1000000.0,1000000.0,0,0.0,194,2024-12,0.0,0.4249177932042396,0.375690357252371,0.0,0.0,0.0,,,0.0,0.0,0.0,0.0
2024-12-18 10:00:00+00:00,2024-12-18 03:46:00+00:00,2024-12-18 10:00:00+00:00,1000000.0,1000000.0,0,0,0.0,0.0,0.0,0.0,0.0,0.0,[],[],0.0,[],0.0,0.0,0.0,0.0,0.0,0.0,1000000.0,1000000.0,0,0.0,195,2024-12,0.0,0.39998173182316554,0.3753830745385429,0.0,0.0,0.0,,,0.0,0.0,0.0,0.0
2024-12-19 10:00:00+00:00,2024-12-19 03:46:00+00:00,2024-12-19 10:00:00+00:00,1000000.0,1000000.0,0,0,0.0,0.0,0.0,0.0,0.0,0.0,[],[],0.0,[],0.0,0.0,0.0,0.0,0.0,0.0,1000000.0,1000000.0,0,0.0,196,2024-12,0.0,0.3414322250639401,0.37770282921065856,0.0,0.0,0.0,,,0.0,0.0,0.0,0.0
2024-12-20 10:00:00+00:00,2024-12-20 03:46:00+00:00,2024-12-20 10:00:00+00:00,1000000.0,1000000.0,0,0,0.0,0.0,0.0,0.0,0.0,0.0,[],[],0.0,[],0.0,0.0,0.0,0.0,0.0,0.0,1000000.0,1000000.0,0,0.0,197,2024-12,0.0,0.26781147241505443,0.3821502190679258,0.0,0.0,0.0,,,0.0,0.0,0.0,0.0
2024-12-23 10:00:00+00:00,2024-12-23 03:46:00+00:00,2024-12-23 10:00:00+00:00,1000000.0,1000000.0,0,0,0.0,0.0,0.0,0.0,0.0,0.0,[],[],0.0,[],0.0,0.0,0.0,0.0,0.0,0.0,1000000.0,1000000.0,0,0.0,198,2024-12,0.0,0.26781147241505443,0.3811827873874898,0.0,0.0,0.0,,,0.0,0.0,0.0,0.0
2024-12-24 10:00:00+00:00,2024-12-24 03:46:00+00:00,2024-12-24 10:00:00+00:00,1000000.0,1000000.0,0,0,0.0,0.0,0.0,0.0,0.0,0.0,[],[],0.0,[],0.0,0.0,0.0,0.0,0.0,0.0,1000000.0,1000000.0,0,0.0,199,2024-12,0.0,0.2586773839970786,0.38034475321592914,0.0,0.0,0.0,,,0.0,0.0,0.0,0.0
2024-12-26 10:00:00+00:00,2024-12-26 03:46:00+00:00,2024-12-26 10:00:00+00:00,1000000.0,1000000.0,0,0,0.0,0.0,0.0,0.0,0.0,0.0,[],[],0.0,[],0.0,0.0,0.0,0.0,0.0,0.0,1000000.0,1000000.0,0,0.0,200,2024-12,0.0,0.26594811837778765,0.37941909414805686,0.0,0.0,0.0,,,0.0,0.0,0.0,0.0
2024-12-27 10:00:00+00:00,2024-12-27 03:46:00+00:00,2024-12-27 10:00:00+00:00,1000000.0,1000000.0,0,0,0.0,0.0,0.0,0.0,0.0,0.0,[],[],0.0,[],0.0,0.0,0.0,0.0,0.0,0.0,1000000.0,1000000.0,0,0.0,201,2024-12,0.0,0.25155279503105765,0.37874214727934596,0.0,0.0,0.0,,,0.0,0.0,0.0,0.0
2024-12-30 10:00:00+00:00,2024-12-30 03:46:00+00:00,2024-12-30 10:00:00+00:00,1000000.0,1000000.0,0,0,0.0,0.0,0.0,0.0,0.0,0.0,[],[],0.0,[],0.0,0.0,0.0,0.0,0.0,0.0,1000000.0,1000000.0,0,0.0,202,2024-12,0.0,0.23681951041286253,0.3780852078125942,0.0,0.0,0.0,,,0.0,0.0,0.0,0.0
2024-12-31 10:00:00+00:00,2024-12-31 03:46:00+00:00,2024-12-31 10:00:00+00:00,1000000.0,1000000.0,0,0,0.0,0.0,0.0,0.0,0.0,0.0,[],[],0.0,[],0.0,0.0,0.0,0.0,0.0,0.0,1000000.0,1000000.0,0,0.0,203,2024-12,0.0,0.26323529411764857,0.3778073870376951,0.0,0.0,0.0,,,0.0,0.0,0.0,0.0
